REGDIST,Year,Area_Change_Pct,Centroid_Shift_M,Unstable
BRESSAY/LERWICK,1861,0.0,0.0,False
DELTING,1861,0.0,0.0,False
DUNROSSNESS,1861,0.0,0.0,False
FETLAR/MID AND SOUTH YELL,1861,0.0,0.0,False
NESTING,1861,0.0,0.0,False
NORTHMAVINE,1861,0.0,0.0,False
SANDSTING AND AITHSTING,1861,0.0,0.0,False
TINGWALL,1861,0.0,0.0,False
UNST,1861,0.0,0.0,False
WALLS,1861,0.0,0.0,False
BIRSAY/HARRAY,1861,0.0,0.0,False
DEERNESS/HOLM AND PAPLAY/ST. ANDREWS,1861,0.0,0.0,False
EDAY AND PHARAY/STRONSAY,1861,0.0,0.0,False
EVIE AND RENDALL/ROUSAY AND EGILSHAY/SHAPINSHAY,1861,0.0,0.0,False
HOY AND GRAEMSAY/WALLS,1861,0.0,0.0,False
KIRKWALL AND ST. OLA,1861,0.0,0.0,False
FIRTH AND STENNES/ORPHIR,1861,0.0,0.0,False
NORTH-RONALDSHAY/SANDAY,1861,0.0,0.0,False
SANDWICK,1861,0.0,0.0,False
SOUTH RONALDSHAY AND BURRAY,1861,0.0,0.0,False
STROMNESS,1861,0.0,0.0,False
WESTRAY,1861,0.0,0.0,False
BOWER,1861,0.0,0.0,False
CANISBAY/KEISS/WICK,1861,0.0,0.0,False
DUNNET,1861,0.0,0.0,False
HALKIRK,1861,0.0,0.0,False
LATHERON,1861,0.0,0.0,False
OLRIG,1861,0.0,0.0,False
REAY/FARR,1861,0.0,0.0,False
THURSO,1861,0.0,0.0,False
WATTEN,1861,0.0,0.0,False
ASSYNT,1861,0.0,0.0,False
CLYNE,1861,0.0,0.0,False
CREICH,1861,0.0,0.0,False
DORNOCH,1861,0.0,0.0,False
EDDRACHILLIS/DURNESS,1861,0.0,0.0,False
KILMUIR-EASTER/LOGIE-EASTER/EDDERTON,1861,0.0,0.0,False
GOLSPIE,1861,0.0,0.0,False
KILDONAN/LOTH,1861,0.0,0.0,False
LAIRG/ROGART,1861,0.0,0.0,False
TONGUE,1861,0.0,0.0,False
ALNESS/KILTEARN,1861,0.0,0.0,False
LOCHCARRON/APPLECROSS,1861,0.0,0.0,False
AVOCH,1861,0.0,0.0,False
CROMARTY,1861,0.0,0.0,False
DINGWALL,1861,0.0,0.0,False
FEARN/NIGG,1861,0.0,0.0,False
GAIRLOCH NORTHERN,1861,0.0,0.0,False
GAIRLOCH SOUTHERN,1861,0.0,0.0,False
GLENSHIEL/KINTAIL,1861,0.0,0.0,False
KILLEARNAN/KNOCKBAIN,1861,0.0,0.0,False
KINCARDINE,1861,0.0,0.0,False
CARNOCH/CONTIN/FODDERTY/KINLOCHLUICHART,1861,0.0,0.0,False
LOCHALSH,1861,0.0,0.0,False
LOCHBROOM,1861,0.0,0.0,False
LOCHS,1861,0.0,0.0,False
RESOLIS,1861,0.0,0.0,False
ROSEMARKIE,1861,0.0,0.0,False
ROSSKEEN,1861,0.0,0.0,False
TAIN,1861,0.0,0.0,False
TARBAT,1861,0.0,0.0,False
URQUHART AND LOGIE-WESTER,1861,0.0,0.0,False
URRAY,1861,0.0,0.0,False
BARVAS,1861,0.0,0.0,False
CARLOWAY,1861,0.0,0.0,False
STORNOWAY,1861,0.0,0.0,False
UIG,1861,0.0,0.0,False
ALVIE/KINGUSSIE AND INSH/LAGGAN,1861,0.0,0.0,False
ARDERSIER,1861,0.0,0.0,False
FORT AUGUSTUS/ABERTARFF/BOLESKINE/DORES,1861,0.0,0.0,False
CROMDALE AND INVERALLAN,1861,0.0,0.0,False
CROY AND DALCROSS/DAVIOT AND DUNLICHTY/MOY AND DALAROSSIE,1861,0.0,0.0,False
DUTHIL/ROTHIEMURCHUS,1861,0.0,0.0,False
GLENELG,1861,0.0,0.0,False
INVERNESS,1861,0.0,0.0,False
KILMONIVAIG,1861,0.0,0.0,False
CANNICH/KILMORACK/KILTARLITY,1861,0.0,0.0,False
KIRKHILL,1861,0.0,0.0,False
PETTY,1861,0.0,0.0,False
URQUHART,1861,0.0,0.0,False
BARRA,1861,0.0,0.0,False
BRACADALE,1861,0.0,0.0,False
DUIRINISH,1861,0.0,0.0,False
HARRIS,1861,0.0,0.0,False
KILMUIR,1861,0.0,0.0,False
NORTH UIST,1861,0.0,0.0,False
PORTREE,1861,0.0,0.0,False
SLEAT,1861,0.0,0.0,False
ARDNARMUCHAN/BALLACHULISH AND CORRAN OF ARDGOUR/AHARACLE/ARISAIG/BALLACHULISH AND ONICH/SMALL ISLES,1861,0.0,0.0,False
SNIZORT,1861,0.0,0.0,False
BENBECULA,1861,0.0,0.0,False
STRATH,1861,0.0,0.0,False
ARDCLACH/CAWDOR,1861,0.0,0.0,False
AULDEARN,1861,0.0,0.0,False
BOHARM/BOTRIPHNIE,1861,0.0,0.0,False
NAIRN,1861,0.0,0.0,False
ABERNETHY AND KINCARDINE,1861,0.0,0.0,False
ALVES/KINLOSS,1861,0.0,0.0,False
BELLIE/CULLEN/DESKFORD/ENZIE/RATHVEN/SEAFIELD,1861,0.0,0.0,False
HOWMORE,1861,0.0,0.0,False
BOISDALE,1861,0.0,0.0,False
DALLAS/EDINKILLIE/RAFFORD,1861,0.0,0.0,False
DRAINIE,1861,0.0,0.0,False
DUFFUS,1861,0.0,0.0,False
DYKE,1861,0.0,0.0,False
ELGIN/NEW SPYNIE/ST. ANDREWS-LHANBRYDE,1861,0.0,0.0,False
FORRES,1861,0.0,0.0,False
KNOCKANDO,1861,0.0,0.0,False
BIRNIE/ROTHES,1861,0.0,0.0,False
FORDYCE,1861,0.0,0.0,False
SPEYMOUTH/URQUHART,1861,0.0,0.0,False
MORTLACH/ABERLOUR/GLENRINNES,1861,0.0,0.0,False
KING-EDWARD,1861,0.0,0.0,False
BANFF/GAMRIE,1861,0.0,0.0,False
ALVAH,1861,0.0,0.0,False
BOYNDIE/ORDIQUHILL,1861,0.0,0.0,False
GRANGE,1861,0.0,0.0,False
KEITH,1861,0.0,0.0,False
INVERAVON/KIRKMICHAEL,1861,0.0,0.0,False
FORGLEN/MARNOCH,1861,0.0,0.0,False
ROTHIEMAY,1861,0.0,0.0,False
ST. FERGUS,1861,0.0,0.0,False
ABERDEEN ST. NICHOLAS EAST,1861,0.0,0.0,False
ABERDEEN ST. NICHOLAS WEST,1861,0.0,0.0,False
ABERDEEN OLD MACHAR NORTH,1861,0.0,0.0,False
ABERDEEN OLD MACHAR SOUTH,1861,0.0,0.0,False
ARDALLIE/NEW PITSLIGO/TYRIE/ABERDOUR,1861,0.0,0.0,False
ABOYNE AND GLENTANAR,1861,0.0,0.0,False
ALFORD,1861,0.0,0.0,False
AUCHINDOIR/KILDRUMMY,1861,0.0,0.0,False
AUCHTERLESS/FORGUE/YTHAN WELLS/INVERKEITHNY,1861,0.0,0.0,False
BELHELVIE,1861,0.0,0.0,False
BIRSE/STRACHAN,1861,0.0,0.0,False
BOURTIE/KEITH-HALL,1861,0.0,0.0,False
CABRACH/GLENBUCKET,1861,0.0,0.0,False
CAIRNEY,1861,0.0,0.0,False
CHAPEL OF GARIOCH,1861,0.0,0.0,False
INVERURIE,1861,0.0,0.0,False
CLUNY/MONYMUSK,1861,0.0,0.0,False
COULL/LUMPHANAN,1861,0.0,0.0,False
CRIMOND/KININMONTH/LONMAY/STRICHEN,1861,0.0,0.0,False
CRATHIE AND BRAEMAR,1861,0.0,0.0,False
CULSAMOND/OYNE,1861,0.0,0.0,False
DAVIOT/RAYNE,1861,0.0,0.0,False
DRUMBLADE/HUNTLY,1861,0.0,0.0,False
DYCE/FINTRAY/KINELLAR,1861,0.0,0.0,False
DRUMOAK/ECHT,1861,0.0,0.0,False
ELLON,1861,0.0,0.0,False
FOVERAN/LOGIE-BUCHAN/SLAINS,1861,0.0,0.0,False
FRASERBURGH,1861,0.0,0.0,False
FYVIE/MILLBREX/MONQUHITTER,1861,0.0,0.0,False
GARTLY/GLASS,1861,0.0,0.0,False
GLENMUICK/LOGIE-COLDSTONE AND CROMAR,1861,0.0,0.0,False
INSCH,1861,0.0,0.0,False
KEIG/PREMNAY/TOUGH,1861,0.0,0.0,False
KEMNAY/KINTORE,1861,0.0,0.0,False
KINCARDINE O'NEIL,1861,0.0,0.0,False
CLATT/KINNETHMONT/LESLIE/TULLYNESSLE AND FORBES,1861,0.0,0.0,False
LEOCHEL-CUSHNIE,1861,0.0,0.0,False
LONGSIDE,1861,0.0,0.0,False
METHLIC,1861,0.0,0.0,False
MIDMAR,1861,0.0,0.0,False
NEW DEER,1861,0.0,0.0,False
NEWHILLS,1861,0.0,0.0,False
NEW MACHAR,1861,0.0,0.0,False
CRUDEN/OLD DEER/SAVOCH,1861,0.0,0.0,False
OLD MELDRUM,1861,0.0,0.0,False
PETERCULTER/BANCHORY-DEVENICK/MARYCULTER,1861,0.0,0.0,False
PETERHEAD,1861,0.0,0.0,False
PITSLIGO,1861,0.0,0.0,False
RATHEN,1861,0.0,0.0,False
RHYNIE,1861,0.0,0.0,False
SKENE,1861,0.0,0.0,False
STRATHDON/TARLAND/TOWIE,1861,0.0,0.0,False
TARVES,1861,0.0,0.0,False
TURRIFF,1861,0.0,0.0,False
UDNY,1861,0.0,0.0,False
ARBUTHNOT/GARVOCK/KINNEFF AND CATTERLINE,1861,0.0,0.0,False
BANCHORY-TERNAN,1861,0.0,0.0,False
BENHOLM,1861,0.0,0.0,False
BERVIE,1861,0.0,0.0,False
DUNNOTTAR,1861,0.0,0.0,False
DURRIS/GLENBERVIE,1861,0.0,0.0,False
EDZELL/FETTERCAIRN/LETHNOTT AND NAVAR/LOCHLEE,1861,0.0,0.0,False
FETTERESSO,1861,0.0,0.0,False
FORDOUN,1861,0.0,0.0,False
COOKNEY,1861,0.0,0.0,False
LAURENCEKIRK,1861,0.0,0.0,False
MARYKIRK,1861,0.0,0.0,False
NIGG,1861,0.0,0.0,False
ST. CYRUS,1861,0.0,0.0,False
ABERLEMNO/CARESTON/OATHLAW/RESCOBIE,1861,0.0,0.0,False
AIRLIE/KINGOLDRUM/RUTHVEN,1861,0.0,0.0,False
ARBIRLOT,1861,0.0,0.0,False
ARBROATH,1861,0.0,0.0,False
BARRY,1861,0.0,0.0,False
BRECHIN,1861,0.0,0.0,False
CARMYLLIE,1861,0.0,0.0,False
CORTACHY AND CLOVA/KIRRIEMUIR,1861,0.0,0.0,False
MONTROSE,1861,0.0,0.0,False
DUNDEE ST. PETERS,1861,0.0,0.0,False
DUNDEE ST. MARYS,1861,0.0,0.0,False
DUNDEE ST. CLEMENTS,1861,0.0,0.0,False
DUNDEE ST. ANDREWS NORTH,1861,0.0,0.0,False
DUNDEE ST. ANDREWS EAST,1861,0.0,0.0,False
DUNDEE LOCHEE,1861,0.0,0.0,False
AUCHTERHOUSE/EASSIE AND NEVAY/FOWLIS-EASTER/LUNDIE/NEWTYLE,1861,0.0,0.0,False
FERN/MENMUIR/TANNADICE,1861,0.0,0.0,False
FORFAR,1861,0.0,0.0,False
GLAMIS,1861,0.0,0.0,False
GLENISLA/KILRY/LINTRATHEN,1861,0.0,0.0,False
DUNNICHEN/GUTHRIE/INVERARITY/KINNELL/KINNETTLES/KIRKDEN,1861,0.0,0.0,False
INVERKEILOR,1861,0.0,0.0,False
COUPAR-ANGUS/KETTINS/MEIGLE,1861,0.0,0.0,False
"LIFF, BENVIE AND INVERGOWRIE",1861,0.0,0.0,False
DUN/LOGIE-PERT/STRACATHRO,1861,0.0,0.0,False
MAINS,1861,0.0,0.0,False
CRAIG/FARNELL/LUNAN/MARYTOWN,1861,0.0,0.0,False
MONIFIETH,1861,0.0,0.0,False
MONIKIE,1861,0.0,0.0,False
MURROES/TEALING,1861,0.0,0.0,False
PANBRIDE,1861,0.0,0.0,False
ST. VIGEANS,1861,0.0,0.0,False
ABERDALGIE/TIBBERMORE,1861,0.0,0.0,False
ABERFELDY/BLAIR-ATHOL/DULL/TENANDRY/FORTINGALL/FOSS/KINLOCH-RANNOCH/LOGIERAIT/KEMORE/WEEM/MOULIN,1861,0.0,0.0,False
ARROCHAR/ABERFOYLE/BUCHANAN,1861,0.0,0.0,False
ABERNETHY,1861,0.0,0.0,False
ABERNYTE/COLLACE/INCHTURE/KINNAIRD,1861,0.0,0.0,False
BENDOCHY/BLAIRGOWRIE/RATTRAY/ALYTH,1861,0.0,0.0,False
AUCHTERARDER,1861,0.0,0.0,False
AUCHTERGAVEN/KINCLAVEN/REDGORTON/STANLEY,1861,0.0,0.0,False
BLACKFORD,1861,0.0,0.0,False
BALQUHIDDER/CALLANDER,1861,0.0,0.0,False
CAPUTH/DOWALLY/DUNKELD,1861,0.0,0.0,False
CARGILL,1861,0.0,0.0,False
COMRIE/MONZIEVAIRD,1861,0.0,0.0,False
CRIEFF/FOWLIS-WESTER/LOGIEALMOND/MONZIE,1861,0.0,0.0,False
CULROSS,1861,0.0,0.0,False
ARNGASK/DRON/DUNBARNEY/RHYND,1861,0.0,0.0,False
ARDOCH/DUNBLANE/LECROPT/MUTHILL,1861,0.0,0.0,False
ERROL,1861,0.0,0.0,False
DUNNING/FINDO-GASK/MADDERTY/TRINITY-GASK,1861,0.0,0.0,False
FORGANDENNY/FORTEVIOT,1861,0.0,0.0,False
KILLIN/STRATHFILLAN,1861,0.0,0.0,False
KILMADOCK,1861,0.0,0.0,False
KILSPINDIE/KINFAUNS/KINNOULL/ST. MADOES/ST. MARTINS,1861,0.0,0.0,False
KINCARDINE,1861,92.9175945415638,197550.59707963793,True
KIRKMICHAEL/PERSIE,1861,0.0,0.0,False
LITTLE DUNKELD,1861,0.0,0.0,False
LOGIE,1861,0.0,0.0,False
LONGFORGAN,1861,0.0,0.0,False
METHVEN/MONEYDIE,1861,0.0,0.0,False
PERTH,1861,0.0,0.0,False
PORT OF MENTEITH,1861,0.0,0.0,False
CLUNIE/LETHENDY AND KINLOCH,1861,0.0,0.0,False
SCONE,1861,0.0,0.0,False
TORRYBURN/TULLIALLAN,1861,0.0,0.0,False
KINGHORN,1861,0.0,0.0,False
KIRKCALDY/ABBOTSHALL,1861,0.0,0.0,False
ANSTRUTHER-EASTER/ANSTRUTHER-WESTER,1861,0.0,0.0,False
AUCHTERDERRAN,1861,0.0,0.0,False
AUCHTERMUCHTY,1861,0.0,0.0,False
ABERDOUR/AUCHTERTOOL,1861,0.0,0.0,False
BALLINGRY,1861,0.0,0.0,False
BEATH,1861,0.0,0.0,False
BURNTISLAND,1861,0.0,0.0,False
CAMERON/CARNBEE,1861,0.0,0.0,False
CARNOCK/SALINE/TORRYBURN,1861,0.0,0.0,False
CERES,1861,0.0,0.0,False
COLLESSIE,1861,0.0,0.0,False
CRAIL/DUNINO/KINGSBARNS,1861,0.0,0.0,False
CULTS/KETTLE,1861,0.0,0.0,False
CUPAR,1861,0.0,0.0,False
BALMERINO/DAIRSIE/KEMBACK/KILMANY/LOGIE,1861,0.0,0.0,False
DALGETTY,1861,0.0,0.0,False
ABDIE/CREICH/DUNBOG/FLISK/MONIMAIL/MOONZIE,1861,0.0,0.0,False
DUNFERMLINE,1861,0.0,0.0,False
DYSART,1861,0.0,0.0,False
ELIE/KILCONQUHAR/NEWBURN,1861,0.0,0.0,False
FALKLAND,1861,0.0,0.0,False
FERRY-PORT-ON-CRAIG,1861,0.0,0.0,False
FORGAN,1861,0.0,0.0,False
INVERKEITHING,1861,0.0,0.0,False
KENNOWAY,1861,0.0,0.0,False
KILRENNY,1861,0.0,0.0,False
KINGLASSIE,1861,0.0,0.0,False
LARGO,1861,0.0,0.0,False
LESLIE,1861,0.0,0.0,False
LEUCHARS,1861,0.0,0.0,False
MARKINCH,1861,0.0,0.0,False
NEWBURGH,1861,0.0,0.0,False
PITTENWEEM,1861,0.0,0.0,False
ST. ANDREWS AND ST. LEONARDS,1861,0.0,0.0,False
ST. MONANCE,1861,0.0,0.0,False
SCOONIE,1861,0.0,0.0,False
STRATHMIGLO,1861,0.0,0.0,False
WEMYSS,1861,0.0,0.0,False
CLEISH/PORTMOAK,1861,0.0,0.0,False
MUCKHART/FOSSOWAY AND TULLIEBOLE/GLENDEVON,1861,0.0,0.0,False
KINROSS,1861,0.0,0.0,False
ORWELL,1861,0.0,0.0,False
ALLOA/CLACKMANNAN,1861,0.0,0.0,False
DOLLAR,1861,0.0,0.0,False
TILLICOULTRY,1861,0.0,0.0,False
AIRTH,1861,0.0,0.0,False
ALVA,1861,0.0,0.0,False
CAMPSIE/STRATHBLANE/BALDERNOCK,1861,0.0,0.0,False
BALFRON/FINTRY/KILLEARN,1861,0.0,0.0,False
DENNY,1861,0.0,0.0,False
DRYMEN,1861,0.0,0.0,False
DUNIPACE,1861,0.0,0.0,False
BOTHKENNAR/FALKIRK/GRANGEMOUTH,1861,0.0,0.0,False
GARGUNNOCK/KIPPEN,1861,0.0,0.0,False
KILSYTH,1861,0.0,0.0,False
LARBERT,1861,0.0,0.0,False
MUIRAVONSIDE,1861,0.0,0.0,False
POLMONT,1861,0.0,0.0,False
BANNOCKBURN/ST. NINIANS/STIRLING,1861,0.01192549109628533,0.7175805474091008,False
SLAMANNAN,1861,0.0,0.0,False
BONHILL,1861,0.0,0.0,False
CARDROSS,1861,0.0,0.0,False
CUMBERNAULD,1861,0.0,0.0,False
DUMBARTON,1861,0.0,0.0,False
KILMARONOCK/LUSS,1861,0.0,0.0,False
KIRKINTILLOCH,1861,0.0,0.0,False
NEW KILPATRICK,1861,0.0,0.0,False
OLD KILPATRICK,1861,0.0,0.0,False
ROSNEATH,1861,0.0,0.0,False
RHU OR ROW,1861,0.0,0.0,False
ARDCHATTAN/GLENORCHY AND INISHAIL/KILCHRENAN/MUCKAIRN,1861,0.0,0.0,False
CAMPBELTOWN/SOUTHEND,1861,0.0,0.0,False
CUMLODDEN/GLASSARY/LOCHGILPHEAD,1861,0.0,0.0,False
DUNOON AND KILMUN,1861,0.0,0.0,False
INVERARAY,1861,0.0,0.0,False
JURA/KILBRANDON AND KILCHATTAN/KILNINVER,1861,0.0,0.0,False
INVERCHAOLAIN/KILFINAN/KILMODAN,1861,0.0,0.0,False
KILLEAN AND KILCHENZIE,1861,0.0,0.0,False
KILMALLIE,1861,0.0,0.0,False
CRAIGNISH/KILMARTIN/NORTH KNAPDALE,1861,0.0,0.0,False
LOCHGOILHEAD/STRALACHLAN OR STRATHLACHLAN,1861,0.0,0.0,False
LISMORE/MORVERN,1861,0.0,0.0,False
SADDELL/TARBERT,1861,0.0,0.0,False
BOWMORE OR KILARROW/KILMENY,1861,0.0,0.0,False
GIGHA/KILCALMONELL/SOUTH KNAPDALE,1861,0.0,0.0,False
IONA/KILFINICHEN AND KILVICKEON/KINLOCHSPELVIE/TOROSAY,1861,0.0,0.0,False
KILNINIAN AND KILMORE/SALEN/TOBERMORY,1861,0.0,0.0,False
KILCHOMAN/PORTNAHAVEN,1861,0.0,0.0,False
KILDALTON AND OA,1861,0.0,0.0,False
KILMORE AND KILBRIDE,1861,0.0,0.0,False
TYREE,1861,0.0,0.0,False
CUMBRAE,1861,0.0,0.0,False
KILBRIDE/KILMORY/LOCHRANZA,1861,0.0,0.0,False
KINGARTH/NORTH BUTE,1861,0.0,0.0,False
ROTHESAY,1861,0.0,0.0,False
JOHNSTONE / ELDERSLIE,1861,0.0,0.0,False
CATHCART,1861,0.0,0.0,False
EAGLESHAM,1861,0.0,0.0,False
EASTWOOD,1861,0.0,0.0,False
ERSKINE/INCHINNAN,1861,0.0,0.0,False
GREENOCK/PORT-GLASGOW,1861,0.0,0.0,False
KILMACOLM,1861,0.0,0.0,False
INVERKIP,1861,0.0,0.0,False
BRIDGE OF WEIR/HOUSTON AND KILLELLAN/KILBARCHAN,1861,0.0,0.0,False
LOCHWINNOCH,1861,0.0,0.0,False
MEARNS,1861,0.0,0.0,False
NEILSTON,1861,0.0,0.0,False
PAISLEY,1861,0.0,0.0,False
PAISLEY LANDWARD,1861,0.0,0.0,False
OLD ARDROSSAN,1861,0.0,0.0,False
RENFREW,1861,0.0,0.0,False
NEW ARDROSSAN,1861,0.0,0.0,False
AUCHINLECK,1861,0.0,0.0,False
AYR/ST. QUIVOX,1861,0.0,0.0,False
BALLANTRAE,1861,0.0,0.0,False
BEITH,1861,0.0,0.0,False
BARR/COLMONELL,1861,0.0,0.0,False
COYLTON,1861,0.0,0.0,False
CRAIGIE/SYMINGTON,1861,0.0,0.0,False
DAILLY,1861,0.0,0.0,False
DALMELLINGTON/DALRYMPLE/PATNA/STRAITON,1861,0.0,0.0,False
DALRY,1861,0.0,0.0,False
DREGHORN,1861,0.0,0.0,False
DUNDONALD,1861,0.0,0.0,False
DUNLOP,1861,0.0,0.0,False
FENWICK,1861,0.0,0.0,False
GALSTON,1861,0.0,0.0,False
GIRVAN,1861,0.0,0.0,False
IRVINE,1861,0.0,0.0,False
KILBIRNIE,1861,0.0,0.0,False
KILMARNOCK,1861,0.0,0.0,False
KILMAURS,1861,0.0,0.0,False
KILWINNING,1861,0.0,0.0,False
CROSSHILL/KIRKMICHAEL/KIRKOSWALD,1861,0.0,0.0,False
LARGS,1861,0.0,0.0,False
LOUDOUN,1861,0.0,0.0,False
MAUCHLINE,1861,0.0,0.0,False
MAYBOLE,1861,0.0,0.0,False
MONKTON AND PRESTWICK,1861,0.0,0.0,False
MUIRKIRK,1861,0.0,0.0,False
NEW CUMNOCK,1861,0.0,0.0,False
STAIR/OCHILTREE,1861,0.0,0.0,False
OLD CUMNOCK,1861,0.0,0.0,False
RICCARTON,1861,0.0,0.0,False
SORN,1861,0.0,0.0,False
STEVENSTON,1861,0.0,0.0,False
STEWARTON,1861,0.0,0.0,False
TARBOLTON,1861,0.0,0.0,False
WEST KILBRIDE,1861,0.0,0.0,False
AVONDALE,1861,0.0,0.0,False
BARONY MARYHILL,1861,0.0,0.0,False
BARONY SHETTLESTON,1861,0.0,0.0,False
BIGGAR/LIBBERTON,1861,0.0,0.0,False
BLANTYRE,1861,0.0,0.0,False
BOTHWELL/BELLSHILL,1861,0.0,0.0,False
CADDER WEST,1861,0.0,0.0,False
CAMBUSLANG,1861,0.0,0.0,False
CADDER EAST,1861,0.0,0.0,False
CARLUKE,1861,0.0,0.0,False
CARMICHAEL/COVINGTON AND THANKERTON/PETTINAIN/SYMINGTON,1861,0.0,0.0,False
CARMUNNOCK/EAST KILBRIDE,1861,0.0,0.0,False
CARNWATH,1861,0.0,0.0,False
CARSTAIRS,1861,0.0,0.0,False
HOLYTOWN,1861,0.0,0.0,False
LARKHALL,1861,0.0,0.0,False
CRAWFORD/CRAWFORDJOHN/WANDELL AND LAMINGTON/WISTON AND ROBERTON,1861,0.0,0.0,False
CULTER/BROUGHTON/DRUMELZIER/GLENHOLM/KILBUCHO,1861,0.0,0.0,False
DALSERF,1861,0.0,0.0,False
DALZIEL/HAMILTON,1861,0.0,0.0,False
DOLPHINTON/DUNSYRE/WALSTON/KIRKURD/SKIRLING/STOBO,1861,0.0,0.0,False
DOUGLAS,1861,0.0,0.0,False
GLASGOW BRIDGETON BRIDGETON,1861,0.0,0.0,False
GLASGOW BRIDGETON DALMARNOCK,1861,0.0,0.0,False
GLASGOW CAMLACHIE GALLOWGATE,1861,0.0,0.0,False
GLASGOW CAMLACHIE PARKHEAD,1861,0.0,0.0,False
GLASGOW DENNISTOUN DENNISTOUN,1861,0.0,0.0,False
GLASGOW DENNISTOUN BALORNOCK,1861,0.0,0.0,False
GLASGOW CALTON,1861,0.0,0.0,False
GLASGOW BLACKFRIARS,1861,0.0,0.0,False
GLASGOW ST. ROLLOX TOWNHEAD,1861,0.0,0.0,False
GLASGOW ST. ROLLOX COWLAIRS,1861,0.0,0.0,False
GLASGOW BLYTHSWOOD,1861,0.0,0.0,False
GLASGOW MILTON,1861,0.0,0.0,False
GLASGOW KELVIN KELVINSIDE,1861,0.0,0.0,False
GLASGOW KELVIN WOODSIDE,1861,0.0,0.0,False
GLASGOW ANDERSTON,1861,0.0,0.0,False
GLASGOW HUTCHESONTOWN HUTCHESONTOWN,1861,0.0,0.0,False
GLASGOW HUTCHESONTOWN POLMADIE,1861,0.0,0.0,False
GLASGOW GORBALS NORTH,1861,0.0,0.0,False
GLASGOW GORBALS SOUTH,1861,0.0,0.0,False
GLASGOW TRADESTON,1861,0.0,0.0,False
GLASGOW KINNING PARK,1861,0.0,0.0,False
GLASSFORD,1861,0.0,0.0,False
GOVAN PLANTATION,1861,0.0,0.0,False
GOVAN GOVAN IBROX,1861,0.0,0.0,False
GOVAN GOVAN SHIELDHALL,1861,0.0,0.0,False
GOVAN PARTICK VICTORIA PARK,1861,0.0,0.0,False
GOVAN PARTICK HYNDLAND,1861,0.0,0.0,False
LANARK,1861,0.0,0.0,False
LESMAHAGOW/KIRKFIELDBANK,1861,0.0,0.0,False
NEW MONKLAND/AIRDRIE,1861,0.0,0.0,False
OLD MONKLAND,1861,0.0,0.0,False
OLD MONKLAND/COATBRIDGE,1861,0.0,0.0,False
RUTHERGLEN,1861,0.0,0.0,False
CALDERHEAD/CAMBUSNETHAN/SHOTTS,1861,0.0,0.0,False
STONEHOUSE,1861,0.0,0.0,False
BATHGATE/ARMADALE,1861,0.0,0.0,False
BORROWSTOUNNESS/CARRIDEN,1861,0.0,0.0,False
ABERCORN/DALMENY/QUEENSFERRY,1861,0.0,0.0,False
ECCLESMACHEN/UPHALL,1861,0.0,0.0,False
KIRKLISTON,1861,0.0,0.0,False
LINLITHGOW,1861,0.0,0.0,False
LIVINGSTONE,1861,0.0,0.0,False
TORPHICHEN,1861,0.0,0.0,False
WHITBURN,1861,0.0,0.0,False
BORTHWICK/CARRINGTON/COCKPEN/NEWBATTLE/STOBHILL/TEMPLE,1861,0.0,0.0,False
COLINTON,1861,0.0,0.0,False
CORSTORPHINE,1861,0.0,0.0,False
CRAMOND,1861,0.0,0.0,False
CURRIE,1861,0.0,0.0,False
DALKEITH,1861,0.0,0.0,False
PORTOBELLO/DUDDINGSTON,1861,0.0,0.0,False
EDINBURGH ST. GEORGE WEST END,1861,0.0,0.0,False
EDINBURGH ST. GEORGE FOUNTAINBRIDGE,1861,0.0,0.0,False
EDINBURGH ST. GEORGE TYNECASTLE,1861,0.0,0.0,False
EDINBURGH ST. ANDREW NEW TOWN,1861,0.0,0.0,False
EDINBURGH ST. ANDREW BROUGHTON,1861,0.0,0.0,False
EDINBURGH CANONGATE,1861,0.0,0.0,False
EDINBURGH ST. GILES,1861,0.0,0.0,False
EDINBURGH NEWINGTON MORNINGSIDE,1861,0.0,0.0,False
EDINBURGH NEWINGTON NEWINGTON,1861,0.0,0.0,False
GLENCORSE,1861,0.0,0.0,False
INVERESK,1861,0.0,0.0,False
KIRKNEWTON AND EAST-CALDER,1861,0.0,0.0,False
LASSWADE,1861,0.0,0.0,False
LEITH,1861,0.0,0.0,False
LIBERTON,1861,0.0,0.0,False
MID-CALDER,1861,0.0,0.0,False
NEWTON,1861,0.0,0.0,False
PENICUIK,1861,0.0,0.0,False
RATHO,1861,0.0,0.0,False
HERIOT/FALA AND SOUTRA/STOW/CADDONFOOT,1861,0.0,0.0,False
WEST-CALDER,1861,0.0,0.0,False
BOLTON/HUMBIE/SALTON/YESTER,1861,0.0,0.0,False
ABERLADY/ATHELSTANEFORD/DIRLETON,1861,0.0,0.0,False
DUNBAR,1861,0.0,0.0,False
GARVALD/MORHAM/WHITTINGEHAME,1861,0.0,0.0,False
GLADSMUIR,1861,0.0,0.0,False
HADDINGTON,1861,0.0,0.0,False
INNERWICK/SPOTT/STENTON,1861,0.0,0.0,False
NORTH BERWICK,1861,0.0,0.0,False
CRANSTON/CRICHTON/ORMISTON/TRANENT,1861,0.0,0.0,False
PENCAITLAND,1861,0.0,0.0,False
PRESTONKIRK,1861,0.0,0.0,False
PRESTONPANS,1861,0.0,0.0,False
ABBEY ST. BATHANS/BUNKLE AND PRESTON/CRANSHAWS/LONGFORMACUS/OLDHAMSTOCKS,1861,0.0,0.0,False
AYTON,1861,0.0,0.0,False
CHANNELKIRK/LAUDER,1861,0.0,0.0,False
CHIRNSIDE,1861,0.0,0.0,False
COCKBURNSPATH/COLDINGHAM,1861,0.0,0.0,False
COLDSTREAM,1861,0.0,0.0,False
EYEMOUTH,1861,0.0,0.0,False
DUNS,1861,0.0,0.0,False
EARLSTON/MERTON,1861,0.0,0.0,False
ECCLES,1861,0.0,0.0,False
EDROM,1861,0.0,0.0,False
FOGO/LANGTON/POLWARTH/SWINTON,1861,0.0,0.0,False
FOULDEN/HUTTON/LADYKIRK/MORDINGTON/WHITSOME,1861,0.0,0.0,False
GORDON/LEGERWOOD/WESTRUTHER,1861,0.0,0.0,False
GREENLAW,1861,0.0,0.0,False
INNERLEITHEN,1861,0.0,0.0,False
LYNE/MANOR/TRAQUAIR/KIRKHOPE/YARROW,1861,0.0,0.0,False
PEEBLES,1861,0.0,0.0,False
EDDLESTONE/NEWLANDS/WEST LINTON,1861,0.0,0.0,False
ROBERTON/TEVIOTHEAD/ETTRICK,1861,0.0,0.0,False
GALASHIELS,1861,0.0,0.0,False
MELROSE/LADHOPE,1861,0.0,0.0,False
SELKIRK,1861,0.0,0.0,False
ANCRUM/ASHKIRK/LILLIESLEAF/MINTO,1861,0.0,0.0,False
BEDRULE/CAVERS/KIRKTOWN/HOBKIRK,1861,0.0,0.0,False
BOWDEN/ST. BOSWELLS,1861,0.0,0.0,False
CASTLETON,1861,0.0,0.0,False
CRAILING/MAKERSTON/MAXTON/ROXBURGH,1861,0.0,0.0,False
EDNAM/SPROUSTON,1861,0.0,0.0,False
HAWICK,1861,0.0,0.0,False
HOWNAM/MOREBATTLE/YETHOLM,1861,0.0,0.0,False
EDGERSTON/JEDBURGH/OXNAM/SOUTHDEAN,1861,0.0,0.0,False
KELSO,1861,0.0,0.0,False
ECKFORD/LINTON,1861,0.0,0.0,False
HUME/NENTHORN/SMAILHOLM/STITCHEL,1861,0.0,0.0,False
WILTON,1861,0.0,0.0,False
ANNAN,1861,0.0,0.0,False
BRYDEKIRK/CUMMERTREES/HODDOM,1861,0.0,0.0,False
CANONBIE,1861,0.0,0.0,False
CARLAVEROCK/RUTHWELL,1861,0.0,0.0,False
CLOSEBURN/KEIR,1861,0.0,0.0,False
DALTON/MOUSWALD/ST. MUNGO,1861,0.0,0.0,False
DRYFESDALE,1861,0.0,0.0,False
DUMFRIES,1861,0.0,0.0,False
DUNSCORE,1861,0.0,0.0,False
DURRISDEER/PENPONT/TYNRON,1861,0.0,0.0,False
ESKDALEMUIR/HUTTON/TUNDERGARTH,1861,0.0,0.0,False
GLENCAIRN,1861,0.0,0.0,False
DORNOCK/GRAITNEY (OR GRETNA),1861,0.0,0.0,False
HOLYWOOD/IRONGRAY/LOCHRUTTON/TERREGLES,1861,0.0,0.0,False
JOHNSTONE/KIRKPATRICK-JUXTA,1861,0.0,0.0,False
KIRKMAHOE,1861,0.0,0.0,False
KIRKMICHAEL/TINWALD/TORTHORWALD,1861,0.0,0.0,False
KIRKPATRICK-FLEMING,1861,0.0,0.0,False
LANGHOLM/WESTERKIRK/EWES,1861,0.0,0.0,False
LOCHMABEN,1861,0.0,0.0,False
HALFMORTON/MIDDLEBIE,1861,0.0,0.0,False
MOFFAT/TWEEDSMUIR,1861,0.0,0.0,False
MORTON,1861,0.0,0.0,False
KIRKCONNEL/SANQUHAR/WANLOCKHEAD,1861,0.0,0.0,False
APPLEGARTH/WAMPHRAY,1861,0.0,0.0,False
ANWOTH/GIRTHON,1861,0.0,0.0,False
BALMAGHIE/TONGLAND,1861,0.0,0.0,False
BORGUE/TWYNHOLM,1861,0.0,0.0,False
CARSPHAIRN/KELLS,1861,0.0,0.0,False
COLVEND/KIRKGUNZEON,1861,0.0,0.0,False
BALMACLELLAN/CORSOCK BRIDGE/DALRY/KIRKPATRICK-DURHAM/PARTON,1861,0.0,0.0,False
CROSSMICHAEL,1861,0.0,0.0,False
BUITTLE/DALBEATTIE/URR,1861,0.0,0.0,False
KELTON,1861,0.0,0.0,False
KIRKBEAN/NEW ABBEY,1861,0.0,0.0,False
KIRKCUDBRIGHT,1861,0.0,0.0,False
KIRKMABRECK,1861,0.0,0.0,False
BARGRENNAN/MINNIGAFF,1861,0.0,0.0,False
RERRICK,1861,0.0,0.0,False
TROQUEER,1861,0.0,0.0,False
GLASSERTON/WHITHORN,1861,0.0,0.0,False
INCH,1861,0.0,0.0,False
KIRKCOLM/LESWALT,1861,0.0,0.0,False
KIRKCOWAN/NEW LUCE,1861,0.0,0.0,False
KIRKINNER,1861,0.0,0.0,False
KIRKMAIDEN,1861,0.0,0.0,False
MOCHRUM,1861,0.0,0.0,False
OLD LUCE (OR GLENLUCE),1861,0.0,0.0,False
PENNINGHAME,1861,0.0,0.0,False
PORTPATRICK,1861,0.0,0.0,False
SORBIE,1861,0.0,0.0,False
STONEYKIRK,1861,0.0,0.0,False
STRANRAER,1861,0.0,0.0,False
WHITEKIRK AND TYNNINGHAME,1861,0.0,0.0,False
WIGTOWN,1861,0.0,0.0,False
KENSINGTON,1861,0.0,0.0,False
KENSINGTON,1861,38.82064479551531,1383.4538531635897,True
KENSINGTON,1861,81.73968927448585,1778.3417130632713,True
KENSINGTON,1861,11.197449603752986,3473.98430522491,True
KENSINGTON,1861,118.92722335059634,3429.171776380732,True
KENSINGTON,1861,19.4518799047423,3748.8889284489896,True
KENSINGTON,1861,90.99046918825132,4959.0561176066185,True
CHELSEA,1861,0.0,0.0,False
CHELSEA,1861,48.50947388955907,532.741093070704,True
CHELSEA,1861,42.187891977815774,3091.2989952262215,True
WESTMINSTER,1861,0.0,0.0,False
WESTMINSTER,1861,391.12959323823986,2121.928538834896,True
ST. JAMES WESTMINSTER,1861,0.0,0.0,False
ST. JAMES WESTMINSTER,1861,75.43707259979094,472.3301503789134,True
ST. JAMES WESTMINSTER,1861,109.91316804825628,282.0892682373276,True
MARYLEBONE,1861,0.0,0.0,False
MARYLEBONE,1861,32.18053181749018,501.3948391244976,True
MARYLEBONE,1861,6.335229514505484,977.2028522454282,True
MARYLEBONE,1861,47.782440702447424,1444.1558812847493,True
MARYLEBONE,1861,310.39577520539444,1545.3528988135677,True
MARYLEBONE,1861,255.22258113856523,2676.8678411014444,True
HAMPSTEAD,1861,0.0,0.0,False
PANCRAS,1861,0.0,0.0,False
PANCRAS,1861,64.92039818306897,1568.4777839872531,True
PANCRAS,1861,58.901966359452274,2074.369929250908,True
PANCRAS,1861,58.47039649981397,1058.1582831002083,True
PANCRAS,1861,59.702327384220524,1072.4502161846942,True
PANCRAS,1861,299.8193914585421,2258.2975191183855,True
ISLINGTON,1861,0.0,0.0,False
ISLINGTON,1861,76.28184733724679,1240.270749173345,True
HACKNEY,1861,0.0,0.0,False
HACKNEY,1861,16.232512420926543,1426.2764107344246,True
HACKNEY,1861,25.181661750604267,1835.7481982265465,True
HACKNEY,1861,133.1600048294308,3073.9875721855633,True
HACKNEY,1861,11.130742631296313,3473.826871825742,True
STRAND,1861,0.0,0.0,False
STRAND,1861,44.41478850092276,814.1808440434048,True
STRAND,1861,13.28930328135349,1147.6055783659915,True
HOLBORN,1861,0.0,0.0,False
HOLBORN,1861,67.80725150562805,405.2964486076409,True
HOLBORN,1861,12.78500134426292,896.4824507219686,True
CLERKENWELL,1861,0.0,0.0,False
CLERKENWELL,1861,120.80205144131749,607.3655984163878,True
CLERKENWELL,1861,101.26821475398746,4283.857645352583,True
CLERKENWELL,1861,128.97475046987233,481.7487630391432,True
EAST LONDON,1861,0.0,0.0,False
EAST LONDON,1861,4.023416817795948,1214.955233317464,False
WEST LONDON,1861,0.0,0.0,False
WEST LONDON,1861,173.65630800856678,508.71528525817484,True
LONDON CITY,1861,0.0,0.0,False
LONDON CITY,1861,66.86839276846774,510.0441293810032,True
LONDON CITY,1861,115.92316122825198,671.3554616816828,True
LONDON CITY,1861,125.56602442706681,1346.4133569420699,True
LONDON CITY,1861,103.66805589295825,1200.8035812864237,True
SHOREDITCH,1861,0.0,0.0,False
SHOREDITCH,1861,33.96399260721849,570.0706307425978,True
SHOREDITCH,1861,36.2419956068698,1059.9408270081706,True
SHOREDITCH,1861,8.724518163394173,1209.4191852021772,True
SHOREDITCH,1861,76.91908340019539,1373.7626326096888,True
SHOREDITCH,1861,29.39936911776289,1606.5428168976061,True
BETHNAL GREEN,1861,0.0,0.0,False
BETHNAL GREEN,1861,151.7017620815337,1113.8824018596547,True
BETHNAL GREEN,1861,20.52711414954391,841.5664785538489,True
BETHNAL GREEN,1861,64.00957026195124,670.8005342693134,True
WHITECHAPEL,1861,0.0,0.0,False
WHITECHAPEL,1861,3.6700246317574168,246.76838332389445,False
WHITECHAPEL,1861,7.150255595610205,608.6134957718069,True
WHITECHAPEL,1861,103.76697991272488,765.7127319898658,True
WHITECHAPEL,1861,16.67140370519614,783.4694370428389,True
WHITECHAPEL,1861,25.167155114494054,952.1308400217866,True
WHITECHAPEL,1861,153.2757279370917,1336.4815687801936,True
STEPNEY,1861,0.0,0.0,False
STEPNEY,1861,32.62317100818199,1130.3405769111564,True
STEPNEY,1861,115.60560985428255,1929.5811045236928,True
POPLAR,1861,0.0,0.0,False
POPLAR,1861,7.578515668042474,2994.4447914801262,True
BERMONDSEY,1861,0.0,0.0,False
BERMONDSEY,1861,65.53949988813368,814.4909004906897,True
BERMONDSEY,1861,86.2794378058217,1285.6814243325166,True
ST. GEORGE SOUTHWARK,1861,0.0,0.0,False
ST. GEORGE SOUTHWARK,1861,65.95895574041839,1086.8366490118071,True
ST. GEORGE SOUTHWARK,1861,3.012364127916706,1367.9223724154556,False
NEWINGTON,1861,0.0,0.0,False
NEWINGTON,1861,120.61066277086665,1106.8853827096489,True
NEWINGTON,1861,10.057607857464767,825.5884203753621,True
LAMBETH,1861,0.0,0.0,False
LAMBETH,1861,49.637920258755074,434.2560069384432,True
LAMBETH,1861,185.87900545303555,1307.7388219092215,True
LAMBETH,1861,125.4682134849057,1480.8493122252687,True
LAMBETH,1861,666.1025453159566,2754.658309708412,True
LAMBETH,1861,735.1818025712162,3467.8877676475927,True
LAMBETH,1861,1949.8105889406797,5126.975179201331,True
LAMBETH,1861,1536.5753026457146,8094.418859918447,True
WANDSWORTH,1861,0.0,0.0,False
WANDSWORTH,1861,99.49426532162785,1735.4481605134076,True
WANDSWORTH,1861,124.1376552885755,4016.4722470840584,True
WANDSWORTH,1861,98.52471359041569,6764.464684672922,True
WANDSWORTH,1861,222.22357296165828,3024.1785068149343,True
CAMBERWELL,1861,0.0,0.0,False
CAMBERWELL,1861,7.9749341245723375,2257.057144078526,True
CAMBERWELL,1861,19.02213046519211,3274.9931417814296,True
CAMBERWELL,1861,66.53666581045556,4646.1212951738,True
ROTHERHITHE,1861,0.0,0.0,False
GREENWICH,1861,0.0,0.0,False
GREENWICH,1861,95.9833600750672,1277.5029351564165,True
GREENWICH,1861,74.24465090656555,1758.5131835548943,True
GREENWICH,1861,4.3226096690081235,3405.5671018792923,False
GREENWICH,1861,74.13943046735673,6309.0604251996,True
GREENWICH,1861,53.25067920384813,7640.598748673176,True
LEWISHAM,1861,0.0,0.0,False
LEWISHAM,1861,0.6508426392069356,4707.203429215047,False
LEWISHAM,1861,57.3491599815414,5813.40909372233,True
LEWISHAM,1861,25.281822697732736,8326.282027420977,True
LEWISHAM,1861,63.8811322998009,10312.925177962165,True
EPSOM,1861,0.0,0.0,False
EPSOM,1861,2.0370634630899076,5022.959292623502,False
EPSOM,1861,36.91683837209613,12343.69567845929,True
CHERTSEY,1861,0.0,0.0,False
CHERTSEY,1861,73.35469786709024,6328.58897370808,True
CHERTSEY,1861,129.86407978099237,14870.856660062798,True
GUILDFORD,1861,0.0,0.0,False
GUILDFORD,1861,55.67201573725708,8743.86094055584,True
GUILDFORD,1861,1.7035403687739044,11810.308088472122,False
GUILDFORD,1861,72.98884090770996,5812.042337897239,True
GUILDFORD,1861,34.525260560483204,10968.557575911762,True
FARNHAM,1861,0.0,0.0,False
FARNHAM,1861,68.8597474378541,13472.73454970121,True
FARNBOROUGH,1861,0.0,0.0,False
FARNBOROUGH,1861,38.00662165379596,18154.78750157546,True
HAMBLEDON,1861,0.0,0.0,False
HAMBLEDON,1861,15.958333020893512,11017.232016643178,True
DORKING,1861,0.0,0.0,False
DORKING,1861,32.277371879798444,7908.2682829568375,True
REIGATE,1861,0.0,0.0,False
REIGATE,1861,24.92819426936656,7833.356434063329,True
GODSTONE,1861,0.0,0.0,False
CROYDON,1861,0.0,0.0,False
CROYDON,1861,44.598649668611216,5943.908138115832,True
KINGSTON,1861,0.0,0.0,False
KINGSTON,1861,172.72702211172472,5170.840779140423,True
KINGSTON,1861,163.7162479406117,10387.364444631414,True
KINGSTON,1861,47.52213018840289,8917.379098131414,True
RICHMOND,1861,0.0,0.0,False
RICHMOND,1861,42.162815131520006,2459.9520024296216,True
BROMLEY,1861,0.0,0.0,False
BROMLEY,1861,26.666877291963896,6149.356666614143,True
DARTFORD,1861,0.0,0.0,False
DARTFORD,1861,42.45234222944877,7331.198772255293,True
DARTFORD,1861,96.0298575159388,13088.92443746338,True
GRAVESEND,1861,0.0,0.0,False
NORTH AYLESFORD,1861,0.0,0.0,False
NORTH AYLESFORD,1861,12.42073722199549,7051.520661010771,True
HOO,1861,0.0,0.0,False
MEDWAY,1861,0.0,0.0,False
MEDWAY,1861,206.99795783557104,3850.7495853362348,True
MALLING,1861,0.0,0.0,False
MALLING,1861,35.58385668319472,9153.850582941537,True
MALLING,1861,11.831040461669733,9317.731005829433,True
SEVENOAKS,1861,0.0,0.0,False
SEVENOAKS,1861,1.6013874538547777,6562.654563618618,False
SEVENOAKS,1861,36.351090852598524,13513.24104376411,True
TUNBRIDGE,1861,0.0,0.0,False
TUNBRIDGE,1861,79.89319532871122,7509.8916229644665,True
TUNBRIDGE,1861,50.88081451828285,10814.60978013707,True
MAIDSTONE,1861,0.0,0.0,False
MAIDSTONE,1861,48.38597290787576,7327.335025957417,True
MAIDSTONE,1861,28.408871961207545,6474.301775313738,True
MAIDSTONE,1861,83.56533297103685,7230.545944924455,True
MAIDSTONE,1861,79.35993825155157,8704.226825267155,True
HOLLINGBOURN,1861,0.0,0.0,False
HOLLINGBOURN,1861,25.632285510093855,10068.091916010724,True
HOLLINGBOURN,1861,11.226138216719734,10204.026180898309,True
CRANBROOK,1861,0.0,0.0,False
CRANBROOK,1861,0.8733609591555977,5709.214170840186,False
TENTERDEN,1861,0.0,0.0,False
TENTERDEN,1861,21.739567219309976,5439.733210999487,True
WEST ASHFORD,1861,0.0,0.0,False
WEST ASHFORD,1861,15.371937863151489,6692.541332147377,True
EAST ASHFORD,1861,0.0,0.0,False
EAST ASHFORD,1861,28.45816293239795,6964.250893120532,True
EAST ASHFORD,1861,72.78299526047999,14715.98640958585,True
BRIDGE,1861,0.0,0.0,False
BRIDGE,1861,33.528255907468704,8301.676532680996,True
CANTERBURY,1861,0.0,0.0,False
BLEAN,1861,0.0,0.0,False
BLEAN,1861,25.6286446332641,5758.848624552723,True
BLEAN,1861,35.990188525069144,5687.687747313248,True
FAVERSHAM,1861,0.0,0.0,False
FAVERSHAM,1861,59.55548397750968,4451.239366056567,True
FAVERSHAM,1861,27.67571823225769,8787.307451314398,True
MILTON,1861,0.0,0.0,False
SHEPPEY,1861,0.0,0.0,False
SHEPPEY,1861,59.79932886498507,6801.633178956252,True
THANET,1861,0.0,0.0,False
THANET,1861,77.68297933396559,6365.1030577350575,True
THANET,1861,60.603083753785725,7659.728789614944,True
EASTRY,1861,0.0,0.0,False
EASTRY,1861,59.482482165936744,5731.393315753387,True
EASTRY,1861,60.6892059737457,6930.503372600308,True
EASTRY,1861,63.80955339217652,6759.673381804271,True
DOVER,1861,0.0,0.0,False
DOVER,1861,98.79887490217858,4997.538384466548,True
DOVER,1861,102.5479897416104,7864.7170227968145,True
ELHAM,1861,0.0,0.0,False
ELHAM,1861,226.34780083801996,7824.291477422377,True
ELHAM,1861,138.73246750561938,7802.437074029935,True
ROMNEY MARSH,1861,0.0,0.0,False
ROMNEY MARSH,1861,21.41250527668837,6256.6344005037045,True
RYE,1861,0.0,0.0,False
RYE,1861,39.45385459231916,6877.613875050442,True
HASTINGS,1861,0.0,0.0,False
HASTINGS,1861,95.4310729265809,3930.1784882072257,True
HASTINGS,1861,72.85078997715144,6363.804715659162,True
BATTLE,1861,0.0,0.0,False
BATTLE,1861,37.52887156603151,9799.214501282886,True
BATTLE,1861,1.5293884914142222,7653.285594465578,False
EASTBOURNE,1861,0.0,0.0,False
EASTBOURNE,1861,11.270613362448193,7494.983903815822,True
HAILSHAM,1861,0.0,0.0,False
HAILSHAM,1861,20.09011627299263,7604.917987142859,True
TICEHURST,1861,0.0,0.0,False
TICEHURST,1861,25.183505419507117,6503.224609456803,True
TICEHURST,1861,2.1202218378698756,7293.997353326206,False
TICEHURST,1861,43.7861337689523,12180.21458109233,True
UCKFIELD,1861,0.0,0.0,False
UCKFIELD,1861,45.686142720583724,10146.666310716018,True
UCKFIELD,1861,78.64552026597231,13837.919659722893,True
UCKFIELD,1861,9.856610414555764,10797.244148403935,True
EAST GRINSTEAD,1861,0.0,0.0,False
EAST GRINSTEAD,1861,31.146337552229298,8416.267578510606,True
EAST GRINSTEAD,1861,2.3960959974899976,15849.29483756534,False
CUCKFIELD,1861,0.0,0.0,False
CUCKFIELD,1861,35.39887898355448,8449.214530295334,True
CUCKFIELD,1861,0.0914201282353585,12975.494186553464,False
LEWES,1861,0.0,0.0,False
LEWES,1861,7.593047883963799,6708.660494753888,True
LEWES,1861,65.06664357406358,7658.573681752748,True
LEWES,1861,15.55436553658294,15741.455424466965,True
LEWES,1861,42.51818653704716,16334.118971466713,True
LEWES,1861,6.670216346215099,9385.457399259769,True
BRIGHTON,1861,0.0,0.0,False
BRIGHTON,1861,682.0475760296629,1161.6785609086453,True
BRIGHTON,1861,12.888017355202338,1753.5255954073284,True
STEYNING,1861,0.0,0.0,False
STEYNING,1861,16.68459476786584,7431.143719076755,True
HORSHAM,1861,0.0,0.0,False
HORSHAM,1861,37.8194694102948,9365.761407665614,True
PETWORTH,1861,0.0,0.0,False
PETWORTH,1861,12.679508561287967,8020.872732299908,True
THAKEHAM,1861,0.0,0.0,False
THAKEHAM,1861,52.037297530720195,7875.78486518607,True
WORTHING,1861,0.0,0.0,False
WORTHING,1861,143.98711966952695,9793.490738496765,True
WORTHING,1861,67.45645101142375,13945.119312270988,True
WESTHAMPNETT,1861,0.0,0.0,False
WESTHAMPNETT,1861,15.76474260192732,5940.703572411925,True
WESTHAMPNETT,1861,3.133139258202093,16300.758667798726,False
WESTHAMPNETT,1861,29.484021757708145,11997.437928683757,True
WESTHAMPNETT,1861,12.602638624231627,17003.732979425924,True
CHICHESTER,1861,14.638410598981674,1062.8977696841407,True
CHICHESTER,1861,91.33314932334281,15526.33533655834,True
CHICHESTER,1861,85.35984710714291,15812.655875791155,True
MIDHURST,1861,0.0,0.0,False
MIDHURST,1861,12.72246833696126,6777.363851101141,True
MIDHURST,1861,41.018534727484784,9380.817144978873,True
WESTBOURNE,1861,0.0,0.0,False
WESTBOURNE,1861,54.68225378448934,7116.273451616156,True
HAVANT,1861,0.0,0.0,False
PORTSEA ISLAND,1861,0.0,0.0,False
PORTSEA ISLAND,1861,92.55320079149114,2698.800458935621,True
PORTSEA ISLAND,1861,96.05706406956882,3052.169392497996,True
PORTSEA ISLAND,1861,22.32224445368704,2235.424688785965,True
ALVERSTOKE,1861,0.0,0.0,False
FAREHAM,1861,0.0,0.0,False
FAREHAM,1861,5.042887268024394,7372.6182205176765,True
ISLE OF WIGHT,1861,0.0,0.0,False
ISLE OF WIGHT,1861,137.09064502651947,5616.773050090069,True
ISLE OF WIGHT,1861,83.1760524516163,11169.870926267236,True
ISLE OF WIGHT,1861,150.8733596223607,12543.873208083696,True
ISLE OF WIGHT,1861,162.93486583584948,11713.462512044442,True
LYMINGTON,1861,0.0,0.0,False
LYMINGTON,1861,42.115791594746185,6968.081693846353,True
CHRISTCHURCH,1861,0.0,0.0,False
RINGWOOD,1861,0.0,0.0,False
FORDINGBRIDGE,1861,0.0,0.0,False
NEW FOREST,1861,0.0,0.0,False
NEW FOREST,1861,1.4997152156843867,16426.768158883475,False
NEW FOREST,1861,6.978172210555904,6696.184730749041,True
SOUTHAMPTON,1861,0.0,0.0,False
SOUTH STONEHAM,1861,0.0,0.0,False
SOUTH STONEHAM,1861,77.36914520820933,4887.079340795823,True
SOUTH STONEHAM,1861,59.352469235600836,8212.676450312178,True
ROMSEY,1861,0.0,0.0,False
ROMSEY,1861,47.868732390660426,6333.505876761666,True
STOCKBRIDGE,1861,0.0,0.0,False
STOCKBRIDGE,1861,23.469079021575777,8233.62488760576,True
WINCHESTER,1861,0.0,0.0,False
WINCHESTER,1861,23.4236039593479,7219.562104548116,True
WINCHESTER,1861,78.07039491282322,10515.928951576701,True
WINCHESTER,1861,4.581672241858785,16126.256749023578,False
WINCHESTER,1861,2.7687982012723986,17347.695437201928,False
DROXFORD,1861,0.0,0.0,False
DROXFORD,1861,9.705742979059378,9200.228229368193,True
DROXFORD,1861,80.5269861518707,8310.844657086709,True
CATHERINGTON,1861,0.0,0.0,False
PETERSFIELD,1861,0.0,0.0,False
PETERSFIELD,1861,11.189808926064437,5971.112440586533,True
ALRESFORD,1861,0.0,0.0,False
ALRESFORD,1861,24.07827088132167,7408.858176012502,True
ALTON,1861,0.0,0.0,False
ALTON,1861,3.540637997853019,8587.93937652753,False
BASINGSTOKE,1861,0.0,0.0,False
BASINGSTOKE,1861,8.590049264038129,7644.307054329063,True
BASINGSTOKE,1861,63.453383469873046,8225.510837412356,True
WHITCHURCH,1861,0.0,0.0,False
ANDOVER,1861,0.0,0.0,False
ANDOVER,1861,12.233769080314866,13708.527962473863,True
ANDOVER,1861,50.08125237137219,7514.146835108565,True
ANDOVER,1861,29.87613235882765,13991.79811740148,True
KINGSCLERE,1861,0.0,0.0,False
KINGSCLERE,1861,30.812891709360468,9473.382507646405,True
NEWBURY,1861,0.0,0.0,False
NEWBURY,1861,57.93598349526533,8238.144542411928,True
NEWBURY,1861,55.01776769682878,9762.310648270586,True
HUNGERFORD,1861,0.0,0.0,False
HUNGERFORD,1861,61.2726754033291,7178.796304832992,True
HUNGERFORD,1861,39.12965101486955,13996.163919821318,True
FARINGDON,1861,0.0,0.0,False
FARINGDON,1861,14.375714484643535,10006.690669592928,True
FARINGDON,1861,5.134016953983082,9304.260451279666,True
ABINGDON,1861,0.0,0.0,False
ABINGDON,1861,73.99637334084575,6000.136752422215,True
ABINGDON,1861,57.628328489041756,7799.079781241594,True
ABINGDON,1861,40.04413023113189,14343.53055911452,True
ABINGDON,1861,56.67180881355639,8861.90760420825,True
WANTAGE,1861,0.0,0.0,False
WANTAGE,1861,46.02040631196955,13358.465815463507,True
WANTAGE,1861,4.986999128220906,9204.908838390542,False
WALLINGFORD,1861,0.0,0.0,False
WALLINGFORD,1861,17.259632768285822,6904.836659123301,True
BRADFIELD,1861,0.0,0.0,False
BRADFIELD,1861,20.637522195048707,10625.68221081613,True
BRADFIELD,1861,38.210784934579465,7293.110199364477,True
READING,1861,0.0,0.0,False
READING,1861,82.69195739066338,2203.2754443771028,True
READING,1861,58.70917361771922,2435.9011530061694,True
WOKINGHAM,1861,0.0,0.0,False
WOKINGHAM,1861,16.43435101896812,7975.569963317176,True
COOKHAM,1861,0.0,0.0,False
COOKHAM,1861,25.45735744781028,6285.799730199154,True
EASTHAMPSTEAD,1861,0.0,0.0,False
EASTHAMPSTEAD,1861,80.31527292528754,8073.314018042396,True
WINDSOR,1861,0.0,0.0,False
WINDSOR,1861,52.63790972162516,5795.910853267642,True
STAINES,1861,0.0,0.0,False
STAINES,1861,20.183915605305845,5614.918099340938,True
UXBRIDGE,1861,0.0,0.0,False
UXBRIDGE,1861,3.3962846262065907,6164.776164889148,False
UXBRIDGE,1861,141.0752520899339,4945.533910953934,True
BRENTFORD,1861,0.0,0.0,False
BRENTFORD,1861,66.58439889477505,3289.5080510406015,True
BRENTFORD,1861,36.66063797772949,5396.398638882676,True
BRENTFORD,1861,82.93757488770788,7221.152871518786,True
BRENTFORD,1861,18.647065181726546,6699.28522838379,True
HENDON,1861,0.0,0.0,False
HENDON,1861,50.87394493325189,4451.8220092446645,True
HENDON,1861,64.29429188707812,7932.14434998778,True
HENDON,1861,36.312173009931264,7717.421996226826,True
BARNET,1861,0.0,0.0,False
BARNET,1861,67.93747240318882,6317.840170923599,True
BARNET,1861,69.96233632596835,10068.382349019435,True
EDMONTON,1861,0.0,0.0,False
EDMONTON,1861,53.71141028907378,3383.9491711642436,True
EDMONTON,1861,141.76570385555905,5928.157053430652,True
EDMONTON,1861,301.2448283726833,9852.52990078834,True
EDMONTON,1861,247.85313272632442,15612.536257807062,True
EDMONTON,1861,167.81953099802956,14942.333775041732,True
WARE,1861,0.0,0.0,False
WARE,1861,0.5165091515721549,6834.445889494592,False
WARE,1861,16.04880183248297,7461.282139510194,True
WARE,1861,72.1865672710784,12944.340265639981,True
BISHOP STORTFORD,1861,0.0,0.0,False
BISHOP STORTFORD,1861,32.9291939197224,10159.225641079438,True
BISHOP STORTFORD,1861,6.524870268660288,4987.216176090925,True
BISHOP STORTFORD,1861,0.5299073818801064,11302.647248584142,False
ROYSTON,1861,0.0,0.0,False
ROYSTON,1861,19.364526985775576,8316.995500983165,True
ROYSTON,1861,1.0218773679484323,14746.679265714161,False
HITCHIN,1861,0.0,0.0,False
HITCHIN,1861,24.833660298762545,8790.296527172446,True
HERTFORD,1861,0.0,0.0,False
HERTFORD,1861,18.8114712530792,9009.594558014367,True
HATFIELD,1861,0.0,0.0,False
HATFIELD,1861,71.23361430436064,9152.479643269755,True
ST ALBANS,1861,0.0,0.0,False
ST ALBANS,1861,8.487345369133797,7374.408980104145,True
WATFORD,1861,0.0,0.0,False
WATFORD,1861,30.534656083762506,5628.150672759288,True
WATFORD,1861,23.724592964514212,10671.341611460235,True
WATFORD,1861,36.8022422347371,9016.735800295195,True
HEMEL HEMPSTEAD,1861,0.0,0.0,False
HEMEL HEMPSTEAD,1861,10.10886332573446,5502.611100038295,True
HEMEL HEMPSTEAD,1861,36.800963060592096,11038.015570593121,True
BERKHAMPSTEAD,1861,0.0,0.0,False
BERKHAMPSTEAD,1861,41.95304217436656,7361.728113837743,True
AMERSHAM,1861,0.0,0.0,False
AMERSHAM,1861,99.75799747221065,7022.707118979667,True
AMERSHAM,1861,18.609767485251318,7894.661613531591,True
AMERSHAM,1861,55.4200577312468,13226.298441858245,True
AMERSHAM,1861,41.21994394569505,10590.166482918052,True
ETON,1861,0.0,0.0,False
ETON,1861,58.85849050179803,7134.635917144903,True
ETON,1861,0.051537712882400055,7201.815617757514,False
WYCOMBE,1861,0.0,0.0,False
WYCOMBE,1861,25.624392020883626,7827.493176600181,True
WYCOMBE,1861,79.1122553932623,7845.638671309972,True
WYCOMBE,1861,46.29632121814471,16163.520096398644,True
WYCOMBE,1861,21.78517559364634,14465.00992724341,True
AYLESBURY,1861,0.0,0.0,False
AYLESBURY,1861,39.85865232583353,9146.823514972757,True
AYLESBURY,1861,7.3059097154481725,16894.117495863666,True
AYLESBURY,1861,42.72901599415308,8070.672659421074,True
WINSLOW,1861,0.0,0.0,False
NEWPORT PAGNELL,1861,0.0,0.0,False
NEWPORT PAGNELL,1861,90.1275433551901,6182.3822239265155,True
NEWPORT PAGNELL,1861,9.565069529010508,11530.49809502921,True
BUCKINGHAM,1861,0.0,0.0,False
BUCKINGHAM,1861,30.657223911046884,7947.486322233139,True
BUCKINGHAM,1861,23.21092282240624,11249.469221860276,True
HENLEY,1861,0.0,0.0,False
HENLEY,1861,55.889166723614395,9428.268770154973,True
THAME,1861,0.0,0.0,False
THAME,1861,14.825806601983354,6390.739266921341,True
THAME,1861,21.450576592224596,10703.708544462035,True
HEADINGTON,1861,0.0,0.0,False
HEADINGTON,1861,32.006879948151266,5286.008410364827,True
OXFORD,1861,0.0,0.0,False
BICESTER,1861,0.0,0.0,False
BICESTER,1861,0.39810292672709907,7266.938317910932,False
WOODSTOCK,1861,0.0,0.0,False
WOODSTOCK,1861,7.344411889917916,11062.934454295833,True
WITNEY,1861,0.0,0.0,False
WITNEY,1861,36.992783834694535,10342.016834321776,True
WITNEY,1861,19.548221655767996,6327.193856725466,True
WITNEY,1861,18.286418202066123,16149.962768354126,True
CHIPPING NORTON,1861,0.0,0.0,False
CHIPPING NORTON,1861,20.554969495444517,9209.78458090122,True
BANBURY,1861,0.0,0.0,False
BANBURY,1861,14.37135840332075,7550.785449029534,True
BANBURY,1861,0.030154601727058673,14501.299221871555,False
BANBURY,1861,18.03134260074944,11172.605470446522,True
BRACKLEY,1861,0.0,0.0,False
BRACKLEY,1861,15.88294256892207,7895.183957114835,True
TOWCESTER,1861,0.0,0.0,False
TOWCESTER,1861,14.124667575216021,6654.522556070785,True
POTTERSPURY,1861,0.0,0.0,False
HARDINGSTONE,1861,0.0,0.0,False
HARDINGSTONE,1861,9.09105191207357,5566.936591322969,True
HARDINGSTONE,1861,33.4202729457362,10060.442569409735,True
NORTHAMPTON,1861,0.0,0.0,False
NORTHAMPTON,1861,12.499806134294914,4766.220230192079,True
NORTHAMPTON,1861,50.00434127592032,10699.729336177974,True
DAVENTRY,1861,0.0,0.0,False
DAVENTRY,1861,24.626181668555304,6551.963553528891,True
DAVENTRY,1861,1.9730455266704299,10267.115037446774,False
BRIXWORTH,1861,0.0,0.0,False
BRIXWORTH,1861,28.924611817673025,8163.094847187259,True
BRIXWORTH,1861,14.990282576361649,8335.757314681014,True
WELLINGBOROUGH,1861,0.0,0.0,False
WELLINGBOROUGH,1861,2.204741251870153,8829.363746259494,False
WELLINGBOROUGH,1861,1.4533924321058767,7236.873530190182,False
KETTERING,1861,0.0,0.0,False
KETTERING,1861,36.751952063940955,8134.723222213703,True
KETTERING,1861,35.14801102193133,9176.47022292243,True
THRAPSTON,1861,0.0,0.0,False
THRAPSTON,1861,14.696541436953122,8173.846990985278,True
OUNDLE,1861,0.0,0.0,False
OUNDLE,1861,43.89999363837557,12597.415529091799,True
OUNDLE,1861,3.393845267833987,9118.208256080121,False
PETERBOROUGH,1861,0.0,0.0,False
PETERBOROUGH,1861,22.61992840334488,8224.437540337449,True
PETERBOROUGH,1861,9.372894937307837,17004.01205147389,True
PETERBOROUGH,1861,40.47467054752064,18069.120595479533,True
HUNTINGDON,1861,0.0,0.0,False
HUNTINGDON,1861,23.60421561718985,10059.206122281985,True
HUNTINGDON,1861,5.310134970807582,17127.90540827889,True
HUNTINGDON,1861,0.9412712484418516,13923.781354210962,False
BEDFORD,1861,0.0,0.0,False
BEDFORD,1861,10.68188949974305,4749.423056052365,True
BEDFORD,1861,15.768183420517662,10411.92150604062,True
BEDFORD,1861,33.41796939948969,14706.90587173642,True
BEDFORD,1861,27.7769094234464,14626.256064467087,True
BEDFORD,1861,43.61843862964617,15620.047994864091,True
BEDFORD,1861,7.201793775701678,10063.786791124618,True
BIGGLESWADE,1861,0.0,0.0,False
BIGGLESWADE,1861,20.137772039114058,8642.480094329978,True
AMPTHILL,1861,0.0,0.0,False
AMPTHILL,1861,54.1954564337203,7212.022749331575,True
AMPTHILL,1861,18.81308336433477,15242.235299803559,True
WOBURN,1861,0.0,0.0,False
WOBURN,1861,24.01870993990929,7676.785269050361,True
LEIGHTON BUZZARD,1861,0.0,0.0,False
LEIGHTON BUZZARD,1861,8.775666518393384,4423.938676094175,True
LEIGHTON BUZZARD,1861,48.67094538631873,9243.230827366036,True
LEIGHTON BUZZARD,1861,31.91553524749196,8503.910208930232,True
LUTON,1861,0.0,0.0,False
LUTON,1861,92.1484466527593,7409.617701337868,True
CAXTON,1861,0.0,0.0,False
CHESTERTON,1861,0.0,0.0,False
CHESTERTON,1861,34.36641977764873,10799.333406530766,True
CHESTERTON,1861,36.574579434254595,12381.506035228536,True
CAMBRIDGE,1861,0.0,0.0,False
CAMBRIDGE,1861,73.87305432230855,1614.5264217631723,True
CAMBRIDGE,1861,93.09955692271079,1460.0945559427105,True
CAMBRIDGE,1861,0.8521400427704026,3232.2210695925364,False
LINTON,1861,0.0,0.0,False
LINTON,1861,6.743022636707396,9396.239715315261,True
LINTON,1861,20.955368591555157,12486.905744672198,True
NEWMARKET,1861,0.0,0.0,False
NEWMARKET,1861,28.61494462162822,8863.11164656035,True
NEWMARKET,1861,29.183149133844218,10449.98950167765,True
NEWMARKET,1861,12.486213383868686,8591.889144921419,True
NEWMARKET,1861,39.95320937340222,15573.571336299243,True
ELY,1861,0.0,0.0,False
ELY,1861,14.513467305335853,5883.255266552403,True
ELY,1861,10.223383008776302,11680.507839296302,True
ELY,1861,61.36199428403416,15253.249384742876,True
NORTH WITCHFORD,1861,0.0,0.0,False
NORTH WITCHFORD,1861,14.127128587366991,7490.221786659476,True
WHITTLESEY,1861,0.0,0.0,False
WISBECH,1861,0.0,0.0,False
WISBECH,1861,76.39183858301027,4218.413531500652,True
WISBECH,1861,44.93596188705665,11400.104884791179,True
WISBECH,1861,19.43131973087216,17547.73757927702,True
WISBECH,1861,24.81203147282926,8217.971814561719,True
WISBECH,1861,23.462816595674628,14826.43191656855,True
WEST HAM,1861,0.0,0.0,False
WEST HAM,1861,796.6232591248361,3257.494979621566,True
WEST HAM,1861,484.69132160005825,3130.733570782005,True
WEST HAM,1861,713.5895158349311,6169.313593677422,True
EPPING,1861,0.0,0.0,False
EPPING,1861,22.518871864814326,9281.667824512786,True
EPPING,1861,21.02547453159135,15069.747225565732,True
ONGAR,1861,0.0,0.0,False
ONGAR,1861,2.8348637820665963,8721.21843898829,False
ROMFORD,1861,0.0,0.0,False
ROMFORD,1861,46.70843461386689,5832.148029865965,True
ROMFORD,1861,78.92506530395116,7510.036024471326,True
ROMFORD,1861,19.48832278752759,5794.309421787692,True
ORSETT,1861,0.0,0.0,False
ORSETT,1861,77.12449805927716,8667.800547915576,True
BILLERICAY,1861,0.0,0.0,False
BILLERICAY,1861,35.14036140850341,6968.342756902083,True
BILLERICAY,1861,6.143228487958225,14420.07360293101,True
CHELMSFORD,1861,0.0,0.0,False
CHELMSFORD,1861,88.23447793851224,6635.621921492464,True
CHELMSFORD,1861,32.81925615359641,11314.077064623294,True
CHELMSFORD,1861,35.00178019416148,15100.614510720236,True
CHELMSFORD,1861,47.31267185425164,6820.276737356546,True
ROCHFORD,1861,0.0,0.0,False
ROCHFORD,1861,69.05330129294407,7201.458016247462,True
ROCHFORD,1861,34.2600033106169,9265.26737741701,True
ROCHFORD,1861,40.336949216951,15655.86564212299,True
MALDON,1861,0.0,0.0,False
MALDON,1861,18.73423501969491,6224.769405699136,True
MALDON,1861,24.96242520162463,11147.753147284702,True
MALDON,1861,45.15526337152949,13746.651857941362,True
MALDON,1861,23.579278874267214,12594.28895185629,True
TENDRING,1861,0.0,0.0,False
TENDRING,1861,21.890560932039484,8177.430076567501,True
TENDRING,1861,94.35988480864184,16657.149426377786,True
TENDRING,1861,47.38251437010885,11925.593422395887,True
TENDRING,1861,28.23796373115953,10361.902497255134,True
COLCHESTER,1861,0.0,0.0,False
COLCHESTER,1861,34.64536673297023,3706.5472130296885,True
COLCHESTER,1861,34.95123467273811,3496.269665318146,True
LEXDEN,1861,0.0,0.0,False
LEXDEN,1861,361.9153734355248,6672.021760239447,True
LEXDEN,1861,343.7688369755033,12599.508067775147,True
LEXDEN,1861,318.3030658706089,17002.33034098926,True
LEXDEN,1861,249.90518798363078,13171.325022206398,True
WITHAM,1861,0.0,0.0,False
WITHAM,1861,16.54450389791424,7519.859520871906,True
WITHAM,1861,51.53338702145026,5414.983729998988,True
HALSTEAD,1861,0.0,0.0,False
HALSTEAD,1861,11.892696950483586,9525.130470302125,True
BRAINTREE,1861,0.0,0.0,False
BRAINTREE,1861,35.79458653409895,9765.798485513797,True
BRAINTREE,1861,36.56783025214494,11685.680663596906,True
DUNMOW,1861,0.0,0.0,False
DUNMOW,1861,5.032836392279604,7874.057106328608,True
DUNMOW,1861,21.225976319274057,13541.405930790032,True
DUNMOW,1861,11.032208350976688,8422.999654075575,True
SAFFRON WALDEN,1861,0.0,0.0,False
SAFFRON WALDEN,1861,25.61223646333871,6767.757418143245,True
SAFFRON WALDEN,1861,14.44240801769574,11223.375198200743,True
RISBRIDGE,1861,0.0,0.0,False
RISBRIDGE,1861,3.842584003234365,9735.155607413082,False
RISBRIDGE,1861,12.90445748717718,6599.806461245819,True
SUDBURY,1861,0.9221176341231334,28.157650162252192,False
SUDBURY,1861,1.239583373275972,13128.862902912299,False
SUDBURY,1861,51.23137908545845,6440.358947249763,True
SUDBURY,1861,6.815626760944299,8689.493510223298,True
SUDBURY,1861,5.923191180997004,10410.460156269894,True
COSFORD,1861,0.0,0.0,False
COSFORD,1861,6.116159421513469,9388.68617181492,True
THINGOE,1861,0.0,0.0,False
THINGOE,1861,21.695658893342006,9664.348838980286,True
THINGOE,1861,11.85549502767911,13095.420175893123,True
MILDENHALL,1861,0.0,0.0,False
MILDENHALL,1861,115.06673442361549,7397.696201275136,True
STOW,1861,0.0,0.0,False
STOW,1861,0.4978343825795313,9628.22055026056,False
STOW,1861,17.17992863432535,11025.768635323762,True
HARTISMERE,1861,0.0,0.0,False
HARTISMERE,1861,29.008833728092924,8982.46930869914,True
HARTISMERE,1861,4.986938491104132,7723.331840597879,False
HOXNE,1861,0.0,0.0,False
HOXNE,1861,1.3788164235918516,8488.28988245386,False
BOSMERE,1861,0.0,0.0,False
BOSMERE,1861,8.001016525055014,9070.94199862739,True
SAMFORD,1861,0.0,0.0,False
SAMFORD,1861,0.8366474024059203,8854.403867172601,False
IPSWICH,1861,0.0,0.0,False
IPSWICH,1861,50.05418416355825,3681.368339103018,True
IPSWICH,1861,41.02226176448755,2426.8162240297347,True
WOODBRIDGE,1861,0.0,0.0,False
WOODBRIDGE,1861,33.43697176163209,10954.193679429349,True
WOODBRIDGE,1861,10.592864443713124,13074.891659990233,True
WOODBRIDGE,1861,41.22547507413184,7089.322850282729,True
PLOMESGATE,1861,0.0,0.0,False
PLOMESGATE,1861,7.239047830103289,5108.453926330319,True
PLOMESGATE,1861,30.677335187297984,10968.958129772369,True
PLOMESGATE,1861,102.13649631962866,18849.500283846068,True
PLOMESGATE,1861,21.696197916708773,16816.201676694953,True
PLOMESGATE,1861,3.082288558776475,10856.662342039905,False
BLYTHING,1861,0.0,0.0,False
BLYTHING,1861,29.938732832561076,10767.683725669089,True
BLYTHING,1861,20.199045468017854,12367.419064276679,True
WANGFORD,1861,0.0,0.0,False
WANGFORD,1861,11.299039222483803,9168.33747055737,True
MUTFORD,1861,0.0,0.0,False
MUTFORD,1861,17.62106404223117,7706.6256563989955,True
MUTFORD,1861,0.2437648851031502,14005.15251722777,False
YARMOUTH,1861,0.0,0.0,False
YARMOUTH,1861,93.7000164144846,2694.5176636147244,True
FLEGG,1861,0.0,0.0,False
FLEGG,1861,20.2260460266274,5497.898911330829,True
TUNSTEAD,1861,0.0,0.0,False
TUNSTEAD,1861,6.516896182154492,8107.370614532941,True
TUNSTEAD,1861,15.548220984586017,6726.530865362157,True
TUNSTEAD,1861,34.652962066372986,14274.796138159674,True
ERPINGHAM,1861,0.0,0.0,False
ERPINGHAM,1861,13.616772182367423,9973.974178756556,True
ERPINGHAM,1861,35.812892195796806,19058.834097324245,True
AYLSHAM,1861,0.0,0.0,False
AYLSHAM,1861,32.1302359340614,12194.552977825346,True
NORWICH,1861,0.0,0.0,False
NORWICH,1861,3.55435897647517,2775.8608468729076,False
NORWICH,1861,78.1108229807891,3255.9198932279296,True
NORWICH,1861,122.99447329101191,3671.370400229998,True
NORWICH,1861,87.45448974924119,2122.360501686194,True
FOREHOE,1861,0.0,0.0,False
FOREHOE,1861,45.54934978703912,8894.931520924925,True
HENSTEAD,1861,0.0,0.0,False
HENSTEAD,1861,6.927290009337496,8891.675673277414,True
BLOFIELD,1861,0.0,0.0,False
BLOFIELD,1861,45.393626617607566,8144.940782250547,True
LODDON,1861,0.0,0.0,False
LODDON,1861,20.68410573545671,9307.729199634303,True
LODDON,1861,35.0389894170652,11496.191726197882,True
DEPWADE,1861,0.0,0.0,False
DEPWADE,1861,7.611767906946572,10357.002757554774,True
DEPWADE,1861,11.873853752809637,6592.211972212123,True
DEPWADE,1861,1.5855780296811186,13441.161373454908,False
GUILTCROSS,1861,0.0,0.0,False
GUILTCROSS,1861,33.05285976703299,7811.86623704532,True
WAYLAND,1861,0.0,0.0,False
WAYLAND,1861,18.078192995310992,7912.47169577822,True
MITFORD,1861,0.0,0.0,False
MITFORD,1861,49.73871183155884,7692.505160104314,True
MITFORD,1861,24.081220227426897,13917.315779282364,True
MITFORD,1861,69.28387924410467,7932.501136822909,True
MITFORD,1861,134.6504033146398,15868.433470563972,True
MITFORD,1861,69.80130735962868,16905.06703731173,True
WALSINGHAM,1861,0.0,0.0,False
WALSINGHAM,1861,2.119511836852087,8850.733371941662,False
WALSINGHAM,1861,29.475786029905215,13949.089340368553,True
DOCKING,1861,0.0,0.0,False
DOCKING,1861,3.7778564311617435,12934.900778886671,False
DOCKING,1861,13.31418406825105,8128.952113200898,True
FREEBRIDGE LYNN,1861,0.0,0.0,False
FREEBRIDGE LYNN,1861,15.884483838268798,7422.924924919563,True
FREEBRIDGE LYNN,1861,62.920116124752276,11386.625378969891,True
FREEBRIDGE LYNN,1861,56.61307855475235,8798.215971877231,True
DOWNHAM,1861,0.0,0.0,False
DOWNHAM,1861,5.143364627471612,12061.251139609385,True
DOWNHAM,1861,21.711533063986977,9219.425432153972,True
SWAFFHAM,1861,0.0,0.0,False
SWAFFHAM,1861,2.6696898596668532,8721.093392668767,False
THETFORD,1861,0.0,0.0,False
THETFORD,1861,24.889352669858397,18935.314834552333,True
HIGHWORTH,1861,0.0,0.0,False
HIGHWORTH,1861,16.013370749580563,9523.305009789834,True
CRICKLADE,1861,0.0,0.0,False
CRICKLADE,1861,8.044051094893936,10393.448630303266,True
MALMESBURY,1861,0.0,0.0,False
MALMESBURY,1861,28.725322320896424,9924.429303478715,True
CHIPPENHAM,1861,0.0,0.0,False
CHIPPENHAM,1861,22.87811397592315,7344.8256224177485,True
CHIPPENHAM,1861,4.819656569086648,10404.366257369938,False
CHIPPENHAM,1861,14.941281085994465,9986.687172431566,True
CALNE,1861,0.0,0.0,False
MARLBOROUGH,1861,0.0,0.0,False
DEVIZES,1861,0.0,0.0,False
DEVIZES,1861,1.9487114792170093,10244.466573045382,False
DEVIZES,1861,38.200708322838125,9178.035591643187,True
DEVIZES,1861,86.37978798394916,5948.252603690846,True
MELKSHAM,1861,0.0,0.0,False
MELKSHAM,1861,74.66961481853455,7017.534356801511,True
BRADFORD ON AVON,1861,0.0,0.0,False
BRADFORD ON AVON,1861,54.82658238869097,3291.3447518404428,True
WESTBURY,1861,0.0,0.0,False
WESTBURY,1861,151.32909236814334,6825.181681501144,True
WESTBURY,1861,27.33563491326299,4012.6424727448557,True
WARMINSTER,1861,0.0,0.0,False
WARMINSTER,1861,44.586087795939136,4975.3313279678205,True
WARMINSTER,1861,126.50152158042116,10836.146667538813,True
PEWSEY,1861,0.0,0.0,False
PEWSEY,1861,14.289805286241423,8665.507684175222,True
AMESBURY,1861,0.0,0.0,False
AMESBURY,1861,51.83007407960923,9633.825095329363,True
AMESBURY,1861,9.406307270361243,15833.409452348715,True
ALDERBURY,1861,1.6031328075384443,115.4410482862715,False
ALDERBURY,1861,21.848484903895308,7551.268809546975,True
ALDERBURY,1861,62.80713943664485,8611.198297305289,True
SALISBURY,1861,0.0,0.0,False
WILTON,1861,184.63509836367012,484093.43741221033,True
WILTON,1861,271.13967569252424,492644.3166421773,True
TISBURY,1861,0.0,0.0,False
TISBURY,1861,42.67367501538635,6184.6458059741235,True
TISBURY,1861,43.67224455987481,10715.644509797079,True
MERE,1861,0.0,0.0,False
SHAFTESBURY,1861,0.0,0.0,False
SHAFTESBURY,1861,92.05090166545284,7195.8390697489785,True
SHAFTESBURY,1861,71.64336925556704,4754.920013269123,True
STURMINSTER,1861,0.0,0.0,False
STURMINSTER,1861,45.845825154083016,6495.8645274564515,True
BLANDFORD,1861,0.0,0.0,False
BLANDFORD,1861,5.14178286495111,10218.352383687929,True
WIMBORNE,1861,0.0,0.0,False
WIMBORNE,1861,58.39832984576475,9852.342876897463,True
WIMBORNE,1861,59.375122677426226,13489.744978851078,True
POOLE,1861,0.0,0.0,False
POOLE,1861,70.02317925571695,4580.545078305916,True
POOLE,1861,48.48429771271782,8300.562621887706,True
WAREHAM,1861,0.0,0.0,False
WAREHAM,1861,10.754104629397089,4898.121184198803,True
WAREHAM,1861,164.58565171807763,12561.78787332864,True
WAREHAM,1861,175.86280150110463,18946.369890584185,True
WEYMOUTH,1861,0.0,0.0,False
WEYMOUTH,1861,74.89481125774637,7155.302677892301,True
WEYMOUTH,1861,84.15044541902006,11551.098203408957,True
WEYMOUTH,1861,33.7900255020227,10913.408076798434,True
DORCHESTER,1861,0.0,0.0,False
DORCHESTER,1861,148.29400705314444,6038.060506104859,True
DORCHESTER,1861,271.0703986385847,9118.344907739982,True
DORCHESTER,1861,388.9353795599109,13452.86026707413,True
SHERBORNE,1861,0.0,0.0,False
SHERBORNE,1861,68.07529025474999,5466.833815120118,True
SHERBORNE,1861,33.76982222688694,7046.933322583387,True
BEAMINSTER,1861,0.0,0.0,False
BEAMINSTER,1861,69.49822905508154,8141.490512784896,True
BEAMINSTER,1861,20.8246402686767,12037.472056456043,True
BEAMINSTER,1861,30.72317317929954,6759.498354298232,True
BRIDPORT,1861,0.0,0.0,False
BRIDPORT,1861,88.58914224934429,5783.679477078117,True
BRIDPORT,1861,12.065430302507838,12538.886508037469,True
AXMINSTER,1861,0.0,0.0,False
AXMINSTER,1861,305.02482977225213,6093.525180815256,True
AXMINSTER,1861,264.7598000578449,11617.357751164129,True
AXMINSTER,1861,303.55382110729937,8208.786614090694,True
HONITON,1861,0.0,0.0,False
HONITON,1861,35.759870182264706,9083.07638829554,True
ST THOMAS,1861,0.0,0.0,False
ST THOMAS,1861,54.03389603095683,6076.389069704614,True
ST THOMAS,1861,15.978635069602396,5913.375376322844,True
ST THOMAS,1861,23.76085402313969,13356.204592630773,True
ST THOMAS,1861,48.28153501435795,9979.975093377878,True
ST THOMAS,1861,7.9587128348498695,15323.408575875632,True
ST THOMAS,1861,12.018218062102498,20382.74922044462,True
ST THOMAS,1861,52.19271280555128,22930.77499177989,True
ST THOMAS,1861,4.471199228944289,23876.76251431166,False
ST THOMAS,1861,71.17576245245138,14103.623534438724,True
EXETER,1861,0.0,0.0,False
EXETER,1861,228.3749259256926,1710.5456638602216,True
NEWTON ABBOT,1861,0.0,0.0,False
NEWTON ABBOT,1861,261.0062642740278,9253.692336471426,True
NEWTON ABBOT,1861,256.26751843266635,21496.487211966392,True
NEWTON ABBOT,1861,408.25959225281724,19842.22481978926,True
NEWTON ABBOT,1861,213.37154564485252,11337.494744838972,True
NEWTON ABBOT,1861,67.74211520711452,10876.852146301528,True
TOTNES,1861,0.0,0.0,False
TOTNES,1861,17.858706594333835,7132.258671210093,True
TOTNES,1861,53.292513275744405,7854.873825243089,True
TOTNES,1861,26.57345568616603,6053.474053898317,True
TOTNES,1861,110.81639594083919,16163.133004809239,True
TOTNES,1861,152.67853440130696,17165.504228901773,True
TOTNES,1861,59.80481221124202,9786.691682534558,True
KINGSBRIDGE,1861,0.0,0.0,False
KINGSBRIDGE,1861,33.128155577963604,8794.72259816429,True
KINGSBRIDGE,1861,18.60931128015678,13325.847747859423,True
KINGSBRIDGE,1861,20.697131236213394,7581.646836853801,True
KINGSBRIDGE,1861,29.472019716605253,15722.233550508621,True
PLYMPTON ST MARY,1861,0.0,0.0,False
PLYMPTON ST MARY,1861,79.23407540902721,9146.486266077949,True
PLYMOUTH,1861,0.0,0.0,False
PLYMOUTH,1861,30.944541266612273,1628.8088595311192,True
EAST STONEHOUSE,1861,0.0,0.0,False
TAVISTOCK,1861,0.0,0.0,False
TAVISTOCK,1861,59.80085609330384,9631.946176313219,True
TAVISTOCK,1861,71.31678991018326,13135.3286313006,True
TAVISTOCK,1861,71.51874814374668,19116.606755364843,True
OKEHAMPTON,1861,0.0,0.0,False
OKEHAMPTON,1861,15.576115864401988,10219.018231605452,True
OKEHAMPTON,1861,66.00216843533865,11199.445336682724,True
OKEHAMPTON,1861,11.787363308325396,22872.397619099123,True
OKEHAMPTON,1861,6.316781332944482,17691.82646665365,True
CREDITON,1861,0.0,0.0,False
CREDITON,1861,35.12153616871458,9314.790398632038,True
CREDITON,1861,42.28104458160354,11645.568140497273,True
CREDITON,1861,8.683442597519173,12089.455115519164,True
TIVERTON,1861,0.0,0.0,False
TIVERTON,1861,30.26786124788848,9046.711043223906,True
TIVERTON,1861,5.109089478718861,11689.867218588783,True
TIVERTON,1861,3.4379546928027325,9393.734916140074,False
TIVERTON,1861,17.913656702320615,13411.487598701391,True
TIVERTON,1861,3.4485726842356637,18309.012872126506,False
SOUTH MOLTON,1861,0.0,0.0,False
SOUTH MOLTON,1861,26.437181413388604,12218.36703279397,True
SOUTH MOLTON,1861,15.101917622740324,12695.949406456828,True
BARNSTAPLE,1861,0.0,0.0,False
BARNSTAPLE,1861,218.9802350424408,16681.549495471623,True
BARNSTAPLE,1861,88.8737965451424,9015.379478021372,True
BARNSTAPLE,1861,49.2638724653604,14469.424063550614,True
BARNSTAPLE,1861,115.1146222975662,13250.757334976266,True
BARNSTAPLE,1861,89.91191948097467,7417.925596901997,True
TORRINGTON,1861,0.0,0.0,False
TORRINGTON,1861,11.111989233997749,11568.74016235254,True
TORRINGTON,1861,14.786137466300122,8318.588559992493,True
TORRINGTON,1861,2.7772758759947425,13408.358477604203,False
TORRINGTON,1861,19.906185733728833,7451.41030488805,True
BIDEFORD,1861,0.0,0.0,False
BIDEFORD,1861,76.04025498041463,2420.4466729103865,True
BIDEFORD,1861,401.1437342195873,6920.43566690309,True
BIDEFORD,1861,775.6133401981605,18339.31084317315,True
BIDEFORD,1861,133.09619172318577,12953.4790653353,True
HOLSWORTHY,1861,80.73553265007043,3518.025540177661,True
HOLSWORTHY,1861,59.75005538960658,7027.504440228965,True
HOLSWORTHY,1861,37.12184864060532,9019.43874944497,True
HOLSWORTHY,1861,29.285083372159544,12068.63291641071,True
HOLSWORTHY,1861,34.79943295905489,13321.215273262174,True
STRATTON,1861,0.0,0.0,False
STRATTON,1861,19.504025507234097,7229.503051510211,True
STRATTON,1861,51.40592841711621,15939.006155779201,True
CAMELFORD,1861,0.0,0.0,False
CAMELFORD,1861,95.19787569959442,7241.29360468695,True
LAUNCESTON,1861,0.0,0.0,False
LAUNCESTON,1861,6.574186334542052,9278.17431321355,True
LAUNCESTON,1861,34.68299965896631,15859.089149697415,True
LAUNCESTON,1861,82.42896021569453,13148.51859893748,True
LAUNCESTON,1861,16.474141788463278,10715.374991220648,True
ST GERMANS,1861,0.0,0.0,False
ST GERMANS,1861,59.80179743935705,9544.978786784548,True
ST GERMANS,1861,192.20533998326493,10583.326029999873,True
LISKEARD,1861,19.643305579105867,1742.0879410000973,True
LISKEARD,1861,57.772394818729936,12090.64711366874,True
LISKEARD,1861,30.735794199744877,17830.70607642363,True
LISKEARD,1861,33.70883938786681,22522.12594908761,True
BODMIN,1861,0.0,0.0,False
BODMIN,1861,55.31724496592453,11898.146325601345,True
BODMIN,1861,8.110586955793824,6883.416077891564,True
BODMIN,1861,33.86652241193714,18650.630756798768,True
ST COLUMB,1861,0.0,0.0,False
ST COLUMB,1861,18.64037316423538,8162.121772578335,True
ST COLUMB,1861,22.368210736379567,16289.806869070628,True
ST AUSTELL,1861,0.0,0.0,False
ST AUSTELL,1861,153.51915259195644,9597.757230883924,True
ST AUSTELL,1861,43.39702086219778,13931.458111341268,True
ST AUSTELL,1861,65.74075680274265,13433.085527853344,True
TRURO,1861,0.0,0.0,False
TRURO,1861,24.883489822931125,8791.579175243789,True
TRURO,1861,9.112813718238097,15015.3848585656,True
TRURO,1861,44.48683944876775,6343.8011149620115,True
TRURO,1861,53.930828735017485,11283.42068560703,True
TRURO,1861,55.381684275469425,11364.395891012073,True
FALMOUTH,1861,0.0,0.0,False
FALMOUTH,1861,19.367541949039488,5347.708351369833,True
FALMOUTH,1861,46.710260763599706,2382.0027600575863,True
FALMOUTH,1861,149.24864693365484,8696.54389248639,True
HELSTON,1861,0.0,0.0,False
HELSTON,1861,45.44941720498583,7612.415054504963,True
HELSTON,1861,54.04021426974518,12769.059838397934,True
HELSTON,1861,49.759465603139404,7458.683086856857,True
HELSTON,1861,59.07681328772632,5408.791109642209,True
REDRUTH,1861,0.0,0.0,False
REDRUTH,1861,66.6576047916716,5279.135498359967,True
REDRUTH,1861,24.603925587519583,7211.277814522311,True
REDRUTH,1861,38.63182547939433,9376.069325935696,True
REDRUTH,1861,8.564456525119244,13808.729536065612,True
PENZANCE,1861,0.0,0.0,False
PENZANCE,1861,22.22096258001284,6541.091350977031,True
PENZANCE,1861,57.690643843371234,4294.11578364405,True
PENZANCE,1861,11.353575968901351,8513.412326925074,True
PENZANCE,1861,16.843065110788068,14143.3811609172,True
PENZANCE,1861,3.7495413151014665,16866.121302415384,False
SCILLY ISLANDS,1861,0.0,0.0,False
WILLITON,1861,0.0,0.0,False
WILLITON,1861,1.6804797611821904,9548.026438215174,False
WILLITON,1861,31.105557506521393,17771.981545553026,True
WILLITON,1861,39.3101347753277,30571.3137816783,True
WILLITON,1861,17.772929000102355,24083.093718192235,True
WELLINGTON,1861,0.0,0.0,False
WELLINGTON,1861,43.297547770019285,5065.050844408223,True
WELLINGTON,1861,31.626920963755218,10766.741436506658,True
WELLINGTON,1861,91.58664737740996,13734.27844502557,True
TAUNTON,1861,0.0,0.0,False
TAUNTON,1861,28.038723625996138,11850.708690925809,True
TAUNTON,1861,82.91808538176569,6670.57941789319,True
TAUNTON,1861,46.54959592219908,9997.354294790832,True
TAUNTON,1861,36.1907366256316,15083.055190310828,True
BRIDGWATER,1861,0.0,0.0,False
BRIDGWATER,1861,4.1838947228586365,8360.142137296247,False
BRIDGWATER,1861,38.921684026701556,14073.409379964967,True
BRIDGWATER,1861,62.47101512446297,7757.802399990835,True
BRIDGWATER,1861,16.551413571902415,11326.507296764277,True
BRIDGWATER,1861,15.249730167137404,17943.14771330255,True
LANGPORT,1861,0.0,0.0,False
LANGPORT,1861,0.6229420397291466,8533.883845417557,False
LANGPORT,1861,18.418892660032434,15880.842465600534,True
CHARD,1861,0.0,0.0,False
CHARD,1861,9.074820018601491,9240.834725122317,True
CHARD,1861,43.39891946719322,7854.724392963802,True
CHARD,1861,21.2909975456148,8381.565144534014,True
YEOVIL,1861,0.0,0.0,False
YEOVIL,1861,66.43326539173115,7614.827167087844,True
YEOVIL,1861,26.14205732292737,8999.948726888731,True
YEOVIL,1861,49.09928147132376,6965.644624391599,True
YEOVIL,1861,32.71362806353276,11206.252053256663,True
WINCANTON,1861,0.0,0.0,False
WINCANTON,1861,2.4962955759418923,9575.477579642817,False
WINCANTON,1861,16.35290117528993,10337.301299322145,True
WINCANTON,1861,16.482292300267353,9962.15532638725,True
FROME,1861,0.0,0.0,False
FROME,1861,60.567210087568604,5721.13708461148,True
FROME,1861,46.40606175141422,11174.990606302126,True
FROME,1861,44.12545319933438,8398.920469248624,True
SHEPTON MALLET,1861,0.0,0.0,False
SHEPTON MALLET,1861,68.51554141347215,11232.289011633766,True
SHEPTON MALLET,1861,29.199921373343717,6342.713345476714,True
WELLS,1861,0.0,0.0,False
WELLS,1861,6.6478494273327025,10603.079668841028,True
AXBRIDGE,1861,0.0,0.0,False
AXBRIDGE,1861,4.71302732313381,8934.974998738278,False
AXBRIDGE,1861,19.685908522888926,14325.320913338835,True
AXBRIDGE,1861,7.742188074943828,7321.8330038492795,True
AXBRIDGE,1861,10.935127208749746,14111.032855716549,True
CLUTTON,1861,0.0,0.0,False
CLUTTON,1861,19.54783189633625,6681.602461343916,True
CLUTTON,1861,52.381256630186876,9051.551983233676,True
CLUTTON,1861,33.49805302324261,10333.94653415554,True
BATH,1861,0.0,0.0,False
BATH,1861,74.70535116041387,6078.966717058723,True
BATH,1861,98.0524594697197,5795.790529754332,True
BATH,1861,85.57300188337508,3916.245548771154,True
BATH,1861,98.13017080936105,6519.79035800125,True
BATH,1861,97.76648032739243,7026.743141545005,True
BATH,1861,27.204126280497547,8799.137281525047,True
KEYNSHAM,1861,0.0,0.0,False
KEYNSHAM,1861,43.90276892565186,5240.37637403752,True
KEYNSHAM,1861,13.046423919011986,7154.048791267212,True
KEYNSHAM,1861,8.257597167840824,5722.441352441405,True
BEDMINSTER,1861,0.0,0.0,False
BEDMINSTER,1861,409.03000574288893,5771.729413506368,True
BEDMINSTER,1861,338.4216474849854,15173.426697935167,True
BEDMINSTER,1861,228.215409237112,10668.142169814606,True
BRISTOL,1861,0.0,0.0,False
BRISTOL,1861,47.27144537006998,703.4927826726606,True
BRISTOL,1861,3.6649033931188644,1359.728753941356,False
BRISTOL,1861,52.14232303461968,1242.323523880233,True
BRISTOL,1861,36.21478400432965,1235.9440360069418,True
CLIFTON,1861,0.0,0.0,False
CLIFTON,1861,105.85927977271162,3636.9904106944696,True
CLIFTON,1861,102.53614291874995,5494.175906895308,True
CLIFTON,1861,6.890233627635875,3347.9570900849635,True
CLIFTON,1861,1611.6720615043416,5864.967033486368,True
CLIFTON,1861,991.8345934073427,7464.719793490043,True
CHIPPING SODBURY,1861,0.0,0.0,False
CHIPPING SODBURY,1861,17.50995087933027,6769.672955982579,True
CHIPPING SODBURY,1861,54.200926711162346,8404.782455919707,True
CHIPPING SODBURY,1861,17.40830679915829,5517.910020949449,True
THORNBURY,1861,0.0,0.0,False
THORNBURY,1861,7.568996461593805,7453.0355664179015,True
THORNBURY,1861,5.91668939044036,14539.231008360142,True
DURSLEY,1861,0.0,0.0,False
DURSLEY,1861,37.16535159964155,7233.680314235154,True
DURSLEY,1861,2.034424303748966,7299.708800569797,False
WESTBURY ON SEVERN,1861,0.0,0.0,False
WESTBURY ON SEVERN,1861,17.72319965440704,8144.8948190477495,True
NEWENT,1861,0.0,0.0,False
NEWENT,1861,4.064339509319397,5901.163795968001,False
GLOUCESTER,1861,0.0,0.0,False
GLOUCESTER,1861,97.5054412554511,2537.569278722595,True
GLOUCESTER,1861,99.62736203157289,3128.196279714636,True
GLOUCESTER,1861,32.08310682793046,6224.9182032854405,True
WHEATENHURST,1861,0.0,0.0,False
WHEATENHURST,1861,26.695338721773048,5860.026598267219,True
STROUD,1861,0.0,0.0,False
STROUD,1861,217.82693265590237,9011.509291275788,True
STROUD,1861,143.05128504930718,10018.143923695596,True
STROUD,1861,21.789109614317205,5521.942855715098,True
STROUD,1861,22.054460967995873,2988.0743866389575,True
STROUD,1861,54.28074016668405,8043.68977814167,True
STROUD,1861,172.79792016158177,9098.271390023294,True
TETBURY,1861,0.0,0.0,False
TETBURY,1861,61.92689826120375,7006.298804538008,True
CIRENCESTER,1861,0.0,0.0,False
CIRENCESTER,1861,6.076732027899428,9344.09485085735,True
CIRENCESTER,1861,3.2774171152397558,16210.434379862496,False
NORTHLEACH,1861,0.0,0.0,False
NORTHLEACH,1861,29.870099212146066,11610.509924087757,True
STOW ON THE WOLD,1861,0.0,0.0,False
STOW ON THE WOLD,1861,19.08032408992878,7489.016226880665,True
WINCHCOMB,1861,0.0,0.0,False
WINCHCOMB,1861,41.05015354365768,7630.884185090698,True
CHELTENHAM,1861,0.0,0.0,False
CHELTENHAM,1861,81.67316619174531,3018.9889408523904,True
TEWKESBURY,1861,0.0,0.0,False
TEWKESBURY,1861,45.896061819668596,10484.490505514006,True
TEWKESBURY,1861,43.22740279044331,6438.108169811024,True
LEDBURY,1861,0.0,0.0,False
LEDBURY,1861,18.780226651251112,8325.126241659898,True
ROSS,1861,0.0,0.0,False
ROSS,1861,3.641685164395905,7041.126258115265,False
ROSS,1861,4.885385396795683,9126.927198491547,False
HEREFORD,1861,0.0,0.0,False
HEREFORD,1861,22.94124884992719,9016.950407672115,True
HEREFORD,1861,4.348913215632016,10907.18757108277,False
HEREFORD,1861,89.0474282126098,5296.147527304027,True
HEREFORD,1861,19.766819755613568,13217.028342695261,True
HEREFORD,1861,5.6116937367382755,10743.226623857652,True
HEREFORD,1861,10.774833717211617,18454.298048541397,True
WEOBLY,1861,0.0,0.0,False
WEOBLY,1861,31.756794003562337,7814.50781008495,True
BROMYARD,1861,0.0,0.0,False
BROMYARD,1861,31.84647014485841,7956.406178325348,True
BROMYARD,1861,28.980639050885927,8916.16741556199,True
LEOMINSTER,1861,0.0,0.0,False
LEOMINSTER,1861,85.92030786380764,7436.90859592174,True
LEOMINSTER,1861,101.18904039257377,10127.3006490515,True
LUDLOW,1861,0.0,0.0,False
LUDLOW,1861,39.461170648408036,7949.265538894556,True
LUDLOW,1861,21.20600499279302,13697.43267390843,True
LUDLOW,1861,7.801121617101988,18422.370834028072,True
LUDLOW,1861,11.699264652543558,13088.086887143574,True
CLUN,1861,0.0,0.0,False
CLUN,1861,49.89975430709227,9873.38622348866,True
CLUN,1861,38.6244908225588,15413.277749733004,True
CLUN,1861,56.45182642318998,7169.934530222544,True
CHURCH STRETTON,1861,0.0,0.0,False
CHURCH STRETTON,1861,7.482410913325638,7019.775343383912,True
CLEOBURY MORTIMER,1861,0.0,0.0,False
CLEOBURY MORTIMER,1861,10.016003941061985,7631.020052266683,True
BRIDGNORTH,1861,0.0,0.0,False
BRIDGNORTH,1861,91.15148225458249,5619.674256855268,True
BRIDGNORTH,1861,29.27555500100626,11209.532116788228,True
SHIFNAL,1861,0.0,0.0,False
SHIFNAL,1861,8.108612814560624,6593.202221112041,True
MADELEY,1861,0.0,0.0,False
MADELEY,1861,141.14027558862907,3404.3603084135107,True
MADELEY,1861,143.080499506491,7010.139760691641,True
MADELEY,1861,161.58082935501963,11363.87764551448,True
ATCHAM,1861,0.0,0.0,False
ATCHAM,1861,68.36683722556232,10997.627471022834,True
ATCHAM,1861,70.22610624635506,17221.536600562933,True
ATCHAM,1861,57.13140234013585,20120.10327245411,True
ATCHAM,1861,79.02834304786073,18247.358580693635,True
ATCHAM,1861,66.32947053477388,13048.590397074888,True
ATCHAM,1861,67.93659895313174,7700.975880850992,True
SHREWSBURY,1861,0.0,0.0,False
SHREWSBURY,1861,1.9462429591139223,3513.22459358632,False
OSWESTRY,1861,0.0,0.0,False
OSWESTRY,1861,33.73065361816905,14141.249557465382,True
OSWESTRY,1861,14.956528282928197,7367.847812310195,True
OSWESTRY,1861,2.459791673311837,12606.83090702574,False
ELLESMERE,1861,0.0,0.0,False
ELLESMERE,1861,105.96711520978563,7879.246101697873,True
ELLESMERE,1861,310.81954750509004,7440.399485760417,True
ELLESMERE,1861,205.81056934577288,19486.06672326603,True
WEM,1861,0.0,0.0,False
WEM,1861,55.75820429752035,7571.186428511041,True
WHITCHURCH,1861,22.740421444376764,212952.17276180827,True
WHITCHURCH,1861,48.62956378538487,220725.9006793907,True
MARKET DRAYTON,1861,0.0,0.0,False
MARKET DRAYTON,1861,37.637089016312956,4735.587794802923,True
MARKET DRAYTON,1861,18.950238349917214,11362.262328538427,True
WELLINGTON,1861,75.08938172799411,197996.05527016925,True
WELLINGTON,1861,27.25501406784079,192592.89424621288,True
WELLINGTON,1861,71.80998114405361,195734.75136289853,True
NEWPORT,1861,0.0,0.0,False
NEWPORT,1861,5.7199037102478245,7948.82298522283,True
STAFFORD,1861,0.0,0.0,False
STAFFORD,1861,17.664123187139314,6108.793826034869,True
STAFFORD,1861,10.359620632565173,10268.774772552702,True
STONE,1861,0.0,0.0,False
STONE,1861,27.876688755643848,10925.870615823362,True
STONE,1861,58.38057512473826,7633.10150868337,True
NEWCASTLE UNDER LYME,1861,0.0,0.0,False
NEWCASTLE UNDER LYME,1861,34.16525196016529,4949.075361302919,True
NEWCASTLE UNDER LYME,1861,65.80747180654835,10745.318781643538,True
WOLSTANTON,1861,0.0,0.0,False
WOLSTANTON,1861,3.325130205467198,5663.816715082231,False
WOLSTANTON,1861,41.36407698753318,4794.177624872772,True
STOKE UPON TRENT,1861,0.0,0.0,False
STOKE UPON TRENT,1861,76.17134009501171,4600.470123946908,True
STOKE UPON TRENT,1861,29.655980559557836,7742.914244149142,True
STOKE UPON TRENT,1861,58.928636787262704,5013.922780316239,True
STOKE UPON TRENT,1861,67.40297750276756,4727.93915311705,True
LEEK,1861,0.0,0.0,False
LEEK,1861,111.99004238053867,7556.215234704314,True
LEEK,1861,47.789191848625414,9533.807992059354,True
LEEK,1861,231.4054573362174,16322.12598549454,True
CHEADLE,1861,0.0,0.0,False
CHEADLE,1861,109.95554084268728,8375.714988278021,True
CHEADLE,1861,39.916591781497615,11133.854816597617,True
CHEADLE,1861,25.55161979642347,6131.162992664362,True
UTTOXETER,1861,0.0,0.0,False
UTTOXETER,1861,31.99390030920164,10167.089185425359,True
UTTOXETER,1861,17.357949217591493,7913.342720099593,True
BURTON UPON TRENT,1861,0.0,0.0,False
BURTON UPON TRENT,1861,8.473112218729012,8938.57260505752,True
BURTON UPON TRENT,1861,40.151524147396856,13076.575855888066,True
BURTON UPON TRENT,1861,33.555885570324996,8422.736726278512,True
TAMWORTH,1861,0.0,0.0,False
TAMWORTH,1861,6.710294543510933,9689.673873585982,True
LICHFIELD,1861,0.0,0.0,False
LICHFIELD,1861,41.499348876635,10178.071841535164,True
LICHFIELD,1861,51.48572713365244,11515.369227493416,True
PENKRIDGE,1861,0.0,0.0,False
PENKRIDGE,1861,3.0223582308978165,7707.334056665899,False
PENKRIDGE,1861,12.808457025672423,10098.796346113857,True
WOLVERHAMPTON,1861,0.0,0.0,False
WOLVERHAMPTON,1861,10.770326589686787,14348.312553033193,True
WOLVERHAMPTON,1861,15.016606932525098,6623.468438704835,True
WOLVERHAMPTON,1861,84.47212882107276,5403.995434482765,True
WOLVERHAMPTON,1861,91.92769220942786,7476.283722992725,True
WOLVERHAMPTON,1861,60.61774255827183,10084.94536411138,True
WOLVERHAMPTON,1861,88.89712368776092,10457.98559301318,True
WALSALL,1861,0.0,0.0,False
WALSALL,1861,88.33722395395424,4729.447456271389,True
WALSALL,1861,69.12735192458325,3346.439186476038,True
WALSALL,1861,451.218662315392,6770.132205459192,True
WEST BROMWICH,1861,0.0,0.0,False
WEST BROMWICH,1861,52.466781719606935,7929.9672650137045,True
WEST BROMWICH,1861,80.93442556635937,6357.873062309935,True
WEST BROMWICH,1861,44.38180909631508,5194.171224622324,True
WEST BROMWICH,1861,72.0286835811131,7254.071333447177,True
DUDLEY,1861,0.0,0.0,False
DUDLEY,1861,36.767939366887376,4792.628978934482,True
DUDLEY,1861,123.47943180547838,6751.2478005474095,True
DUDLEY,1861,3.8959712179106134,2500.542124536193,False
STOURBRIDGE,1861,0.0,0.0,False
STOURBRIDGE,1861,38.282123634934884,6366.111363577176,True
STOURBRIDGE,1861,20.382742498217134,8121.593079903305,True
KIDDERMINSTER,1861,0.0,0.0,False
KIDDERMINSTER,1861,24.612553553875482,6985.549567309493,True
KIDDERMINSTER,1861,6.605777273943332,6775.764345014582,True
KIDDERMINSTER,1861,88.63171405352523,7963.6879982759365,True
KIDDERMINSTER,1861,3.5724305422406655,11550.723115514164,False
TENBURY,1861,0.0,0.0,False
TENBURY,1861,1.7896276921260823,6939.329516447774,False
MARTLEY,1861,0.0,0.0,False
MARTLEY,1861,2.4872385689061347,6018.863424742642,False
MARTLEY,1861,4.910456219626676,8018.591689003532,False
MARTLEY,1861,0.2353774034043269,10835.386095581427,False
WORCESTER,1861,0.0,0.0,False
WORCESTER,1861,57.44710741082943,4473.792497561942,True
WORCESTER,1861,72.13915288944878,3547.0581196385024,True
UPTON ON SEVERN,1861,0.0,0.0,False
UPTON ON SEVERN,1861,3.249946193439203,9604.753869251508,False
UPTON ON SEVERN,1861,37.895266940522696,5910.326515334298,True
EVESHAM,1861,0.0,0.0,False
EVESHAM,1861,59.092665518657306,7721.524997830093,True
PERSHORE,1861,0.0,0.0,False
PERSHORE,1861,10.592610558882692,6180.791954438018,True
PERSHORE,1861,7.378864521994606,10477.825729175882,True
DROITWICH,1861,0.0,0.0,False
DROITWICH,1861,11.260485153495866,10024.22905077705,True
DROITWICH,1861,30.268174395000447,7466.925435433241,True
BROMSGROVE,1861,0.0,0.0,False
BROMSGROVE,1861,3.138473141540575,7446.290625445564,False
BROMSGROVE,1861,11.609850057198729,5686.3073151641065,True
KINGS NORTON,1861,0.0,0.0,False
KINGS NORTON,1861,46.844948230425054,6920.938792910249,True
KINGS NORTON,1861,78.28654743681031,11229.333403190052,True
BIRMINGHAM,1861,0.0,0.0,False
BIRMINGHAM,1861,85.4873710426474,1975.1898566086657,True
BIRMINGHAM,1861,82.75070019681645,2799.9630541200695,True
BIRMINGHAM,1861,89.94517382921985,3179.0039656685167,True
BIRMINGHAM,1861,79.91424433717572,2451.192682752305,True
BIRMINGHAM,1861,81.29626337824453,1844.6450151287584,True
BIRMINGHAM,1861,93.85430853016253,2915.7124428028656,True
BIRMINGHAM,1861,72.72087478013096,2600.855362698022,True
BIRMINGHAM,1861,43.94456127520433,1265.65114301126,True
ASTON,1861,0.0,0.0,False
ASTON,1861,53.90676008376937,2771.1670851065373,True
ASTON,1861,473.24629252958334,4946.692981805383,True
ASTON,1861,716.3684898356206,10742.294931552524,True
MERIDEN,1861,0.0,0.0,False
MERIDEN,1861,25.589602053882217,7689.8914433821665,True
ATHERSTONE,1861,0.0,0.0,False
NUNEATON,1861,0.0,0.0,False
FOLESHILL,1861,0.0,0.0,False
FOLESHILL,1861,48.50143125301802,6126.52387215804,True
COVENTRY,1861,0.0,0.0,False
COVENTRY,1861,46.4962274512174,2512.5279158413996,True
RUGBY,1861,0.0,0.0,False
RUGBY,1861,3.767873595518149,11533.807240148528,False
RUGBY,1861,10.852849008094203,8508.689449997952,True
SOLIHULL,1861,0.0,0.0,False
SOLIHULL,1861,44.52206485778966,9367.085465848926,True
SOLIHULL,1861,21.66365022784619,8261.308939143608,True
WARWICK,1861,0.0,0.0,False
WARWICK,1861,83.83258667958997,7733.048096589664,True
WARWICK,1861,23.746488350654786,9856.238933423592,True
WARWICK,1861,71.26379197539116,4180.736990613331,True
WARWICK,1861,14.428174539086635,10702.618157835312,True
STRATFORD ON AVON,1861,0.0,0.0,False
STRATFORD ON AVON,1861,29.277669059718786,6088.202597661016,True
STRATFORD ON AVON,1861,32.16534417670411,9007.234242803903,True
STRATFORD ON AVON,1861,105.93314124637001,13795.092614612739,True
STRATFORD ON AVON,1861,59.92494208970363,19391.447623197168,True
ALCESTER,1861,0.0,0.0,False
ALCESTER,1861,28.31484987409234,6589.2186011075055,True
ALCESTER,1861,23.274166130892663,7592.513816840714,True
ALCESTER,1861,26.150982226120018,12251.22915143175,True
SHIPSTON ON STOUR,1861,0.0,0.0,False
SHIPSTON ON STOUR,1861,12.034729298749374,7512.2118145953455,True
SHIPSTON ON STOUR,1861,7.579520063564208,12343.162067486184,True
SHIPSTON ON STOUR,1861,8.58768821861263,12307.276989682285,True
SOUTHAM,1861,1.3172878684975515,75.5777397535903,False
LUTTERWORTH,1861,0.0,0.0,False
MARKET HARBOROUGH,1861,0.0,0.0,False
BILLESDON,1861,0.0,0.0,False
BLABY,1861,0.0,0.0,False
BLABY,1861,52.44948201745875,7022.862865171393,True
HINCKLEY,1861,30.650875610062013,1091.359052229261,True
HINCKLEY,1861,30.618971966144827,6066.643313797883,True
HINCKLEY,1861,49.46424822207937,4805.090741838842,True
MARKET BOSWORTH,1861,0.0,0.0,False
MARKET BOSWORTH,1861,39.25724070620014,7826.772117899381,True
ASHBY-DE-LA-ZOUCH,1861,0.0,0.0,False
ASHBY-DE-LA-ZOUCH,1861,42.819121959838846,7370.515569743798,True
ASHBY-DE-LA-ZOUCH,1861,18.751078671717213,8143.799755871519,True
ASHBY-DE-LA-ZOUCH,1861,49.74056850749275,7619.054059487999,True
LOUGHBOROUGH,1861,0.0,0.0,False
LOUGHBOROUGH,1861,24.351321691463585,10043.296089251455,True
BARROW UPON SOAR,1861,0.0,0.0,False
BARROW UPON SOAR,1861,21.572134183881204,8206.90825980831,True
BARROW UPON SOAR,1861,10.850609448846653,8830.507668562743,True
BARROW UPON SOAR,1861,4.271849325247087,7326.55451080357,False
LEICESTER,1861,0.0,0.0,False
LEICESTER,1861,141.04079369766393,2307.765968043446,True
OAKHAM,1861,4.166684353003682,400.1067398748567,False
UPPINGHAM,1861,11.736640617236386,828.0480089324923,True
UPPINGHAM,1861,22.85039546275286,5938.569145087374,True
UPPINGHAM,1861,3.814866861244156,7128.9631757743655,False
STAMFORD,1861,0.0,0.0,False
STAMFORD,1861,43.60254854812287,7713.372566249228,True
BOURN,1861,0.0,0.0,False
BOURN,1861,27.80543129153317,14738.35373689289,True
BOURN,1861,68.52496422168014,9044.999337219262,True
BOURN,1861,20.34834744745064,18483.85894590217,True
SPALDING,1861,0.0,0.0,False
SPALDING,1861,29.030976437882256,9374.542535555858,True
SPALDING,1861,15.897366359910869,5352.237127694675,True
SPALDING,1861,8.61210463114329,5679.0075235863615,True
SPALDING,1861,19.892533976987842,9144.305055329776,True
HOLBEACH,1861,0.0,0.0,False
HOLBEACH,1861,128.93414454458392,14224.263143901357,True
HOLBEACH,1861,112.72514685151019,12706.450570644216,True
BOSTON,1861,0.0,0.0,False
BOSTON,1861,36.54587946515579,14470.300548430347,True
BOSTON,1861,10.530880245516865,13126.251354652737,True
BOSTON,1861,60.79351292543036,8201.66267640178,True
BOSTON,1861,32.49077390277843,9177.147512649648,True
SLEAFORD,1861,3.6993930310178365,387.10359226566703,False
SLEAFORD,1861,12.155044339570072,10778.9835456304,True
SLEAFORD,1861,32.84488275452524,15799.059711462154,True
SLEAFORD,1861,14.427984069430593,12704.519982299995,True
SLEAFORD,1861,42.42575903032202,19961.548933560258,True
GRANTHAM,1861,0.0,0.0,False
GRANTHAM,1861,5.87154833716947,11674.64128637572,True
GRANTHAM,1861,6.162692221692433,12364.279664123464,True
LINCOLN,1861,0.0,0.0,False
LINCOLN,1861,64.09901049677164,7582.845175530555,True
LINCOLN,1861,23.19103716344724,14877.061327655823,True
HORNCASTLE,1861,0.46955795084870344,19.812480221759923,False
HORNCASTLE,1861,16.775633565841677,7287.361608644694,True
HORNCASTLE,1861,17.068419537824838,14162.590648277277,True
HORNCASTLE,1861,9.25639185717725,18538.491595502037,True
SPILSBY,1861,0.0,0.0,False
SPILSBY,1861,107.44069965396976,11975.197846293811,True
SPILSBY,1861,157.36519983982657,6991.829724130687,True
SPILSBY,1861,94.60214209001002,17309.545067859915,True
SPILSBY,1861,179.044769355994,19231.521736069983,True
LOUTH,1861,0.0,0.0,False
LOUTH,1861,45.96504089143289,12537.061619331713,True
LOUTH,1861,6.786195566657143,22276.8529714559,True
LOUTH,1861,13.82284098585119,9815.846521569509,True
LOUTH,1861,5.23653238055424,20430.692651255387,True
CAISTOR,1861,0.0,0.0,False
CAISTOR,1861,37.56043495419335,12384.571082613063,True
CAISTOR,1861,23.944347192898675,21726.72270691216,True
GLANFORD BRIGG,1861,0.0,0.0,False
GLANFORD BRIGG,1861,1.926742900881716,11824.102199004154,False
GLANFORD BRIGG,1861,12.098224139797153,14513.731052091909,True
GAINSBOROUGH,1861,0.0,0.0,False
GAINSBOROUGH,1861,111.90249532219556,10688.950132358901,True
GAINSBOROUGH,1861,9.086969263392202,9074.597153732768,True
GAINSBOROUGH,1861,69.42819377558995,10016.416385120921,True
GAINSBOROUGH,1861,90.16922395506111,17747.25258128347,True
GAINSBOROUGH,1861,11.053908672742812,21869.025138102388,True
EAST RETFORD,1861,0.0,0.0,False
EAST RETFORD,1861,26.016615153275403,6517.97734724072,True
EAST RETFORD,1861,22.694195993023666,11499.422334025507,True
EAST RETFORD,1861,29.77835414314533,17799.323665268163,True
WORKSOP,1861,0.0,0.0,False
WORKSOP,1861,4.611146006239985,10081.51640839581,False
WORKSOP,1861,20.034932268538718,9918.776691893507,True
WORKSOP,1861,1.5756916658582805,7468.847366486586,False
MANSFIELD,1861,0.0,0.0,False
MANSFIELD,1861,34.61852930746986,7810.740104800469,True
MANSFIELD,1861,37.24116858758087,14170.549233253318,True
MANSFIELD,1861,34.87427133531672,9222.6093965518,True
MANSFIELD,1861,40.06373395821889,5526.283096990751,True
MANSFIELD,1861,45.198594304009845,10263.662278394202,True
BASFORD,1861,0.0,0.0,False
BASFORD,1861,63.120937835233015,7898.463650506892,True
BASFORD,1861,71.08275912014498,12089.654002413587,True
BASFORD,1861,60.9372531542649,6765.076943375623,True
BASFORD,1861,19.087289499742518,10614.207795537328,True
BASFORD,1861,62.66461845957912,16707.385992534426,True
BASFORD,1861,36.53523709435072,20195.52819127696,True
RADFORD,1861,0.0,0.0,False
RADFORD,1861,63.65612393626358,2606.4846900557673,True
RADFORD,1861,112.94677774697377,8742.100267154745,True
RADFORD,1861,48.449868352792016,4291.838173899874,True
NOTTINGHAM,1861,0.0,0.0,False
NOTTINGHAM,1861,62.16911553918314,1772.506920311249,True
NOTTINGHAM,1861,116.85847065090924,1532.432756215901,True
NOTTINGHAM,1861,63.206664577926155,1480.7348239943844,True
NOTTINGHAM,1861,24.480085184297476,2002.9583995540975,True
NOTTINGHAM,1861,63.27843699100208,1624.8244881495357,True
NOTTINGHAM,1861,12.978715115353042,1354.9943349869939,True
SOUTHWELL,1861,0.1365206829933362,11.728550911161056,False
SOUTHWELL,1861,23.196357398040767,11801.856057192696,True
NEWARK,1861,1.588360604222597,44.88627228831056,False
NEWARK,1861,14.29097831836463,9375.314977200029,True
NEWARK,1861,91.85452887639046,11773.259119218492,True
NEWARK,1861,4.177050905093244,19651.090129540353,False
NEWARK,1861,0.7636267615095267,19231.20851406465,False
BINGHAM,1861,0.0,0.0,False
BINGHAM,1861,11.903970821196221,10377.821923368838,True
SHARDLOW,1861,0.0,0.0,False
SHARDLOW,1861,5.95816465873795,7699.009667686225,True
SHARDLOW,1861,1.7247718309601028,9216.856805450476,False
SHARDLOW,1861,34.089834194189486,8167.270805744779,True
SHARDLOW,1861,23.468252232639387,12282.484150928538,True
DERBY,1861,0.0,0.0,False
DERBY,1861,24.37200247026204,1941.6275094547916,True
BELPER,1861,0.0,0.0,False
BELPER,1861,44.83479659559762,8626.409674589182,True
BELPER,1861,83.32442487115878,7204.065973435971,True
BELPER,1861,28.68429754973272,12477.120411068703,True
BELPER,1861,76.73452500395005,16078.472951492995,True
BELPER,1861,27.170097717239212,10048.008778028792,True
ASHBORNE,1861,0.0,0.0,False
ASHBORNE,1861,32.41804874527428,10888.277294909869,True
ASHBORNE,1861,24.8379768355421,5795.5887986755615,True
ASHBORNE,1861,7.476173359433252,14261.901869950554,True
ASHBORNE,1861,15.981213192142313,18215.43207801249,True
ASHBORNE,1861,9.737273870573059,13332.56609575305,True
CHESTERFIELD,1861,0.0,0.0,False
CHESTERFIELD,1861,24.567736422475143,8319.980046376828,True
CHESTERFIELD,1861,49.87409286114733,12553.381739455497,True
CHESTERFIELD,1861,26.872750329558897,17228.31369821802,True
CHESTERFIELD,1861,30.254386045957887,15443.907063538374,True
BAKEWELL,1861,0.0,0.0,False
BAKEWELL,1861,64.27030447160816,10780.034351982707,True
BAKEWELL,1861,45.457697363610556,10134.631433127992,True
CHAPEL-EN-LE-FRITH,1861,0.0,0.0,False
CHAPEL-EN-LE-FRITH,1861,340.32269234919846,14205.695865255788,True
HAYFIELD,1861,0.0,0.0,False
HAYFIELD,1861,18.746259969189964,8166.373381382041,True
STOCKPORT,1861,0.0,0.0,False
STOCKPORT,1861,1.3596915919098438,4100.65361929031,False
STOCKPORT,1861,29.40862474618187,7558.905945075211,True
STOCKPORT,1861,73.24726529565446,5697.873682395164,True
STOCKPORT,1861,74.75343460004893,4921.153843961057,True
STOCKPORT,1861,36.34452571809986,8773.835757836077,True
STOCKPORT,1861,5.547069812888686,4241.9402955708265,True
MACCLESFIELD,1861,0.0,0.0,False
MACCLESFIELD,1861,36.23834291359683,4475.463688931651,True
MACCLESFIELD,1861,13.367411960498318,8782.030205502884,True
MACCLESFIELD,1861,94.40927669085524,7783.073156022367,True
MACCLESFIELD,1861,86.72504630052032,7021.690283236655,True
MACCLESFIELD,1861,1.2283476706789254,12791.518345700362,False
MACCLESFIELD,1861,29.249679227276943,11988.692250732092,True
MACCLESFIELD,1861,0.7821044136557289,9365.248233131208,False
ALTRINCHAM,1861,0.0,0.0,False
ALTRINCHAM,1861,22.610699432460272,6780.6644699081,True
ALTRINCHAM,1861,24.438777671360683,12646.902891729733,True
ALTRINCHAM,1861,47.22381317782131,8908.498174864844,True
RUNCORN,1861,0.0,0.0,False
RUNCORN,1861,27.584219583035797,4762.562912357949,True
RUNCORN,1861,11.38097982613944,9251.639128457397,True
RUNCORN,1861,32.19643804256946,13050.265794821873,True
NORTHWICH,1861,0.0,0.0,False
NORTHWICH,1861,29.62940267251074,10441.353302883346,True
NORTHWICH,1861,3.9299677569139826,7195.194858132337,False
NORTHWICH,1861,12.553772930364628,12597.48250045289,True
CONGLETON,1861,0.0,0.0,False
CONGLETON,1861,47.258723513130626,10104.580483692693,True
CONGLETON,1861,72.70703160203904,7514.055458738796,True
NANTWICH,1861,0.0,0.0,False
NANTWICH,1861,34.16111668161984,7875.494611665269,True
NANTWICH,1861,16.73127532081709,15908.849202826013,True
NANTWICH,1861,7.581792878376298,11906.311011157297,True
GREAT BOUGHTON,1861,5.943116672959023,467.7978346549616,True
GREAT BOUGHTON,1861,53.6108966473017,9261.795051225194,True
GREAT BOUGHTON,1861,40.99599337263856,15004.349062751979,True
GREAT BOUGHTON,1861,19.834172455985644,14234.406548766432,True
WIRRAL,1861,0.0,0.0,False
WIRRAL,1861,2.5434582289378396,4691.727016268066,False
WIRRAL,1861,10.475527248189952,10546.71491700387,True
LIVERPOOL,1861,0.0,0.0,False
LIVERPOOL,1861,86.23117796774736,822.0848679032899,True
LIVERPOOL,1861,65.22358795144049,1134.6844625736862,True
LIVERPOOL,1861,64.69821773846343,1817.77635604794,True
LIVERPOOL,1861,69.97156367692065,2609.8257114810185,True
LIVERPOOL,1861,23.8337456506764,2546.0786510059993,True
LIVERPOOL,1861,48.13267213999094,1460.4760612530717,True
WEST DERBY,1861,0.0,0.0,False
WEST DERBY,1861,40.96033865774107,5373.033372877832,True
WEST DERBY,1861,263.01978961455404,9266.726024849218,True
WEST DERBY,1861,181.16593293015336,15008.817655898374,True
WEST DERBY,1861,124.90418399308287,11258.6383041866,True
WEST DERBY,1861,210.4223902700872,5791.836436332662,True
WEST DERBY,1861,125.34699915022598,3159.412846177225,True
PRESCOT,1861,0.0,0.0,False
PRESCOT,1861,67.74472315965644,4172.227465928123,True
PRESCOT,1861,29.53131231788581,8299.744945266768,True
PRESCOT,1861,36.92342332518746,7719.682414785826,True
PRESCOT,1861,13.209335750781257,9047.625428641135,True
PRESCOT,1861,22.890405085472274,12800.356543560369,True
PRESCOT,1861,23.514897668736694,16731.001123563015,True
ORMSKIRK,1861,0.0,0.0,False
ORMSKIRK,1861,16.96579921414627,5054.865198093398,True
ORMSKIRK,1861,1.4497775716436554,11243.385023795237,False
ORMSKIRK,1861,20.212370606162718,13414.883648255689,True
ORMSKIRK,1861,23.93853567398078,17027.049676734907,True
ORMSKIRK,1861,2.8785773603597584,16613.930283839214,False
ORMSKIRK,1861,23.430266217228123,10921.131996364555,True
ORMSKIRK,1861,94.60334511972383,5603.005956370788,True
ORMSKIRK,1861,7.767519521012253,7638.22051340112,True
WIGAN,1861,0.0,0.0,False
WIGAN,1861,42.76995781472435,7246.278469318398,True
WIGAN,1861,81.2153424749866,6006.288103407322,True
WIGAN,1861,38.527451976143716,10745.71480382756,True
WIGAN,1861,44.52442963503231,6821.800021595226,True
WIGAN,1861,13.404597588125247,6593.896115203062,True
WIGAN,1861,42.639045428998216,11215.290631915752,True
WARRINGTON,1861,0.0,0.0,False
WARRINGTON,1861,17.45014604737615,5010.115287523859,True
WARRINGTON,1861,68.56773108793578,6336.490915633312,True
WARRINGTON,1861,51.80615435922506,7748.697700612386,True
WARRINGTON,1861,24.477066845881502,11117.740161602826,True
WARRINGTON,1861,17.162495744570204,10244.093445522254,True
LEIGH,1861,0.0,0.0,False
LEIGH,1861,110.64546796931837,5636.74168428617,True
LEIGH,1861,42.51473949271195,3982.0005569615614,True
LEIGH,1861,12.773055646066975,8427.287983647808,True
BOLTON,1861,0.0,0.0,False
BOLTON,1861,129.2947355354315,3487.124068839885,True
BOLTON,1861,79.39998244995508,8945.631200215821,True
BOLTON,1861,71.00075315845096,7756.935112139001,True
BOLTON,1861,93.52871762484386,9868.05465310184,True
BOLTON,1861,16.989893931804982,5066.9919297557335,True
BOLTON,1861,188.43483101991401,10420.810898020394,True
BOLTON,1861,110.88507872861268,12947.211618430027,True
BOLTON,1861,89.75944557082673,10950.07131461401,True
BOLTON,1861,61.182874800503285,5251.549278105305,True
BOLTON,1861,72.3849308973295,3503.1380970688797,True
BOLTON,1861,91.75416604803152,4299.501476603467,True
BOLTON,1861,21.15228683179902,1929.141586158162,True
BURY,1861,0.0,0.0,False
BURY,1861,65.61335115834115,3029.3805296983037,True
BURY,1861,49.0729782818075,3818.0018455481286,True
BURY,1861,18.288614832417764,7508.061992613718,True
BURY,1861,65.76484986458853,10181.469262707013,True
BURY,1861,66.38649923270262,7031.38190690471,True
BURY,1861,65.50663814605258,5957.699251489347,True
BURY,1861,1.472510019850635,4900.071441605057,False
BURY,1861,20.091135613562173,8036.300982219444,True
BURY,1861,49.78324787716363,10688.058914308309,True
BARTON UPON IRWELL,1861,0.0,0.0,False
BARTON UPON IRWELL,1861,42.80974501874967,5301.788683119683,True
BARTON UPON IRWELL,1861,25.885156940249498,7021.49121358928,True
CHORLTON,1861,0.0,0.0,False
CHORLTON,1861,38.872266470369546,4886.885696517261,True
CHORLTON,1861,89.54964598754795,4010.7900807380356,True
CHORLTON,1861,86.9174401260509,3534.7410421015247,True
SALFORD,1861,0.0,0.0,False
SALFORD,1861,64.30464988298158,2764.103686400176,True
SALFORD,1861,94.7041266715457,3220.5427187644177,True
SALFORD,1861,68.55001877390238,2780.628183908014,True
MANCHESTER,1861,0.0,0.0,False
MANCHESTER,1861,49.79597933399839,2360.3546066653676,True
MANCHESTER,1861,37.05574568034317,1125.4285176110172,True
MANCHESTER,1861,45.29711711041246,1588.8636097297913,True
MANCHESTER,1861,54.33153277674566,1482.0734294532115,True
MANCHESTER,1861,346.73074848943315,1803.1493550990015,True
MANCHESTER,1861,288.8811844069868,3102.907207142071,True
MANCHESTER,1861,437.31085542329663,4505.154654563919,True
MANCHESTER,1861,448.8884264514863,4632.700141170715,True
MANCHESTER,1861,723.6328370687214,6285.694869470578,True
ASHTON UNDER LYNE,1861,0.0,0.0,False
ASHTON UNDER LYNE,1861,42.40755786845324,3729.8495450798932,True
ASHTON UNDER LYNE,1861,76.40613201537421,5110.478397588868,True
ASHTON UNDER LYNE,1861,4.26359470262867,7993.43234148564,False
ASHTON UNDER LYNE,1861,40.98229290117796,7215.412118526565,True
ASHTON UNDER LYNE,1861,36.19666386704911,5214.587088537403,True
ASHTON UNDER LYNE,1861,29.52730583350392,2355.9680349244545,True
ASHTON UNDER LYNE,1861,544.7138770572018,11452.488381855163,True
ASHTON UNDER LYNE,1861,141.29794533145443,5599.820808236932,True
OLDHAM,1861,0.0,0.0,False
OLDHAM,1861,46.74339070241923,2970.259201984844,True
OLDHAM,1861,81.05794363752045,3327.3393277143728,True
OLDHAM,1861,43.443347405621616,6552.997843778386,True
OLDHAM,1861,66.60089340051789,5036.726321060836,True
OLDHAM,1861,54.979595366441636,6029.898640860148,True
ROCHDALE,1861,0.0,0.0,False
ROCHDALE,1861,208.4853637156237,2358.4985183359445,True
ROCHDALE,1861,53.82110570032111,5980.840934149245,True
ROCHDALE,1861,70.22638524579621,4430.631785088688,True
ROCHDALE,1861,36.472778301102416,5156.405135246446,True
ROCHDALE,1861,209.95229516203858,8226.595648078373,True
ROCHDALE,1861,62.904348138262364,3954.8302475684536,True
ROCHDALE,1861,90.40982917285993,3783.0630542198933,True
ROCHDALE,1861,156.23135325860414,3082.2510722315824,True
ROCHDALE,1861,253.6899783094223,8298.41666691779,True
HASLINGDEN,1861,0.0,0.0,False
HASLINGDEN,1861,32.602282328567156,3798.4070391917876,True
HASLINGDEN,1861,14.680372177491712,7632.675987975247,True
HASLINGDEN,1861,18.55938471890831,8208.18132831302,True
HASLINGDEN,1861,41.740665436584365,9318.562869152147,True
BURNLEY,1861,0.0,0.0,False
BURNLEY,1861,46.72387543102176,7903.547503803909,True
BURNLEY,1861,11.4314148662029,8633.925460864202,True
BURNLEY,1861,71.9696672132686,9406.860790812474,True
CLITHEROE,1861,0.0,0.0,False
CLITHEROE,1861,80.52011755735259,12365.106735551744,True
CLITHEROE,1861,18.31243758827665,18529.069703496327,True
CLITHEROE,1861,15.075744567622431,8345.818255186672,True
CLITHEROE,1861,65.1205219117914,13822.456665912503,True
BLACKBURN,1861,0.0,0.0,False
BLACKBURN,1861,42.48010910219811,4293.263680194487,True
BLACKBURN,1861,28.20408208688429,5456.2858120652345,True
BLACKBURN,1861,33.409862158189874,6737.065264439094,True
BLACKBURN,1861,4.627589150815001,9332.870952250065,False
BLACKBURN,1861,73.5988321865681,12395.952934706596,True
BLACKBURN,1861,10.412470904987533,10649.567726929969,True
CHORLEY,1861,0.0,0.0,False
CHORLEY,1861,5.053196495234136,7173.168913065471,True
CHORLEY,1861,11.778439451834318,8151.19502938477,True
CHORLEY,1861,1.818725123106778,8241.747280684356,False
CHORLEY,1861,21.436934196710318,13489.235350386802,True
PRESTON,1861,0.0,0.0,False
PRESTON,1861,78.72704522433254,6276.770820589014,True
PRESTON,1861,20.333161405140206,9282.838064469433,True
PRESTON,1861,7.135572421224025,15319.267079667317,True
PRESTON,1861,122.42228977101497,11585.574027301955,True
FYLDE,1861,0.0,0.0,False
FYLDE,1861,73.04764407761543,7867.378685278058,True
FYLDE,1861,32.93770387873019,9862.918891241894,True
GARSTANG,1861,0.0,0.0,False
GARSTANG,1861,30.063080750913347,7998.385769149663,True
GARSTANG,1861,147.72641785603128,12476.856513880857,True
LANCASTER,1861,0.0,0.0,False
LANCASTER,1861,77.042162678936,12183.03142825652,True
LANCASTER,1861,55.67165666763761,9466.329680678504,True
LANCASTER,1861,49.20455813328903,7852.582971985053,True
LANCASTER,1861,8.29344883742738,14269.379956458295,True
LANCASTER,1861,67.69907766579168,25186.6581866741,True
LANCASTER,1861,68.37954043650716,19761.36024611145,True
LANCASTER,1861,44.04032012731294,18339.636144577915,True
ULVERSTON,1861,0.0,0.0,False
ULVERSTON,1861,13.135406504334224,8489.023118574454,True
ULVERSTON,1861,67.98630035358288,11400.222561816661,True
ULVERSTON,1861,7.224810153110016,18125.52192939666,True
ULVERSTON,1861,6.814689169401722,16810.17099165934,True
ULVERSTON,1861,17.727904893273237,15514.619685344469,True
SEDBERGH,1861,0.0,0.0,False
SEDBERGH,1861,47.53868530262464,7944.582440436824,True
SEDBERGH,1861,0.4332024927074941,9768.403400173735,False
SETTLE,1861,0.0,0.0,False
SETTLE,1861,6.530505004733477,9248.465044588555,True
SETTLE,1861,64.42568474027368,20190.787637736707,True
SETTLE,1861,51.62500995435715,18950.35428470294,True
SETTLE,1861,60.651416667132416,18231.392963531627,True
SKIPTON,1861,0.0,0.0,False
SKIPTON,1861,48.49628944990975,17049.882178132506,True
SKIPTON,1861,51.90513790727134,28662.67417199956,True
SKIPTON,1861,46.7051529650114,30280.820048896447,True
SKIPTON,1861,23.09447603866835,23035.842382148632,True
SKIPTON,1861,33.12221011762425,24569.984353698746,True
SKIPTON,1861,19.879568193917173,14507.736657414374,True
PATELEY BRIDGE,1861,0.0,0.0,False
PATELEY BRIDGE,1861,62.857815769010664,9842.28181583149,True
PATELEY BRIDGE,1861,51.44345779645564,15160.455287341438,True
PATELEY BRIDGE,1861,46.5967199978278,16720.03865915018,True
RIPON,1861,24.377872698005522,4904.22205496742,True
RIPON,1861,39.9758134649495,9335.958848465516,True
RIPON,1861,29.518268639342953,11753.890905888902,True
RIPON,1861,41.627745759819064,12589.032264384754,True
KNARESBOROUGH,1861,46.7450471315595,7409.882026490211,True
KNARESBOROUGH,1861,70.86209910160109,14593.225254842924,True
OTLEY,1861,25.850091870080288,774.2436446154206,True
OTLEY,1861,35.88105866815519,13546.014160573486,True
KEIGHLEY,1861,0.0,0.0,False
KEIGHLEY,1861,4.93311923927206,7561.524666233277,False
KEIGHLEY,1861,41.55588346934336,9732.705535280094,True
TODMORDEN,1861,0.0,0.0,False
TODMORDEN,1861,36.68021139465363,7306.256478661862,True
SADDLEWORTH,1861,0.0,0.0,False
SADDLEWORTH,1861,88.88231588008527,4928.1838223811865,True
HUDDERSFIELD,1861,0.0,0.0,False
HUDDERSFIELD,1861,49.61807111683513,5041.0688307558585,True
HUDDERSFIELD,1861,72.22382465040079,8586.502735828368,True
HUDDERSFIELD,1861,8.894224149564305,8642.092952680834,True
HUDDERSFIELD,1861,48.12523532350287,13295.17748583813,True
HUDDERSFIELD,1861,27.274141974846295,15292.275709109606,True
HUDDERSFIELD,1861,64.07246412396668,11574.442245471917,True
HUDDERSFIELD,1861,42.58992409014276,15757.423535034457,True
HUDDERSFIELD,1861,67.73256425156153,12528.48050668139,True
HUDDERSFIELD,1861,86.92672787581517,7717.033497708084,True
HUDDERSFIELD,1861,50.415498079921484,6148.97165083619,True
HALIFAX,1861,0.0,0.0,False
HALIFAX,1861,163.07595686688109,3727.021391357634,True
HALIFAX,1861,16.883250701824057,3634.994740680986,True
HALIFAX,1861,1.5083609745012563,6239.449703543967,False
HALIFAX,1861,159.89500729478627,4655.352658990095,True
HALIFAX,1861,493.20364352807786,12269.28918866406,True
HALIFAX,1861,276.42523365328435,11442.176253604624,True
HALIFAX,1861,168.9804033461592,12687.979883515542,True
HALIFAX,1861,148.30831723004349,10614.22586772976,True
HALIFAX,1861,101.76609117605955,7881.925054256717,True
BRADFORD,1861,0.0,0.0,False
BRADFORD,1861,11.383899684972782,4972.8777062450545,True
BRADFORD,1861,18.48836416795352,3126.175071233803,True
BRADFORD,1861,59.424847507129364,4321.125354893732,True
BRADFORD,1861,71.97543818868247,6717.806025324206,True
BRADFORD,1861,89.67420189470445,6712.771418420738,True
BRADFORD,1861,27.01181376803578,6690.588049028302,True
BRADFORD,1861,53.108572840623516,10277.592400238971,True
BRADFORD,1861,9.228226550242452,11930.229431234233,True
BRADFORD,1861,32.05368854708725,10300.979152120639,True
BRADFORD,1861,4.472023909371506,10028.387822519107,False
BRADFORD,1861,24.944157013500945,9244.097404141135,True
BRADFORD,1861,41.52766688801713,7095.329560066056,True
HUNSLET,1861,0.0,0.0,False
HUNSLET,1861,24.32471259184963,4201.270806559066,True
HUNSLET,1861,57.988777602511234,8492.56790802479,True
HUNSLET,1861,102.49347512350148,10451.046128526072,True
HUNSLET,1861,16.873830219921828,7585.551725529953,True
HUNSLET,1861,43.66217371750915,2918.035507549903,True
HUNSLET,1861,76.42979132967184,5085.657420783643,True
LEEDS,1861,0.0,0.0,False
LEEDS,1861,25.432893760905934,1265.2887261119338,True
LEEDS,1861,45.40786793701388,2565.301898284158,True
DEWSBURY,1861,0.0,0.0,False
DEWSBURY,1861,36.05297841871089,3736.533217925546,True
DEWSBURY,1861,12.087708390193438,4678.569797016697,True
DEWSBURY,1861,5.885148123851621,6728.097972435643,True
DEWSBURY,1861,20.039420425516447,9052.660287223083,True
DEWSBURY,1861,48.773573803288066,6337.541616590571,True
DEWSBURY,1861,24.29944734398818,4596.735057353345,True
DEWSBURY,1861,7.214125915005836,6852.646699306595,True
DEWSBURY,1861,21.495635991082647,9053.824657332514,True
WAKEFIELD,1861,0.0,0.0,False
WAKEFIELD,1861,59.77589435440422,10800.488515249943,True
WAKEFIELD,1861,51.82754037382762,11613.919815766745,True
WAKEFIELD,1861,95.68882904292484,9682.788757159662,True
WAKEFIELD,1861,87.19634512758367,5180.551447005723,True
WAKEFIELD,1861,67.36823439623588,7990.866511670503,True
WAKEFIELD,1861,50.87933605065611,11329.860424193374,True
WAKEFIELD,1861,68.64531904984744,15274.826192846445,True
PONTEFRACT,1861,0.0,0.0,False
PONTEFRACT,1861,33.722905412872905,8513.510034189501,True
PONTEFRACT,1861,20.230511671424697,17108.580461090172,True
PONTEFRACT,1861,7.814362884992887,8655.855635054118,True
HEMSWORTH,1861,0.0,0.0,False
BARNSLEY,1861,0.0,0.0,False
BARNSLEY,1861,16.521362169616825,4592.755284681963,True
BARNSLEY,1861,25.812726624268006,9600.257479359825,True
BARNSLEY,1861,51.93552623152878,8007.374904239127,True
WORTLEY,1861,0.0,0.0,False
WORTLEY,1861,38.35363837286932,4769.406772090698,True
WORTLEY,1861,157.58217955854772,8127.103796866538,True
WORTLEY,1861,5.612895120358411,8726.291838948526,True
WORTLEY,1861,33.34641205408395,14072.253086581126,True
WORTLEY,1861,348.2723040945262,13566.623064730376,True
ECCLESALL BIERLOW,1861,0.0,0.0,False
ECCLESALL BIERLOW,1861,778.530376608019,6680.446738755825,True
ECCLESALL BIERLOW,1861,294.3136387053232,6719.720795212971,True
ECCLESALL BIERLOW,1861,279.4946348286533,3632.4602885608415,True
SHEFFIELD,1861,0.0,0.0,False
SHEFFIELD,1861,197.93461252324187,623.9591477173882,True
SHEFFIELD,1861,83.87132806860717,910.4769293009078,True
SHEFFIELD,1861,2188.6737678100244,2739.4380490977614,True
SHEFFIELD,1861,2953.59787363867,3127.8017028695626,True
SHEFFIELD,1861,1277.9467325969767,4216.227191363223,True
SHEFFIELD,1861,3795.5720950132863,6211.367912293645,True
ROTHERHAM,1861,0.0,0.0,False
ROTHERHAM,1861,7.524791735261446,4952.152650063361,True
ROTHERHAM,1861,15.723486418939132,9709.115105368708,True
ROTHERHAM,1861,10.866118264751961,13554.73920574414,True
ROTHERHAM,1861,22.250737803367734,8837.948777624102,True
DONCASTER,1861,0.0,0.0,False
DONCASTER,1861,11.509493301306955,10197.68589724805,True
DONCASTER,1861,93.9528487450248,7195.940501379214,True
DONCASTER,1861,3.745226946230641,15039.44731230789,False
DONCASTER,1861,20.202132969731252,10692.451106537863,True
THORNE,1861,0.0,0.0,False
THORNE,1861,110.00607888685268,9818.74856865918,True
THORNE,1861,25.2171085565755,8036.44162773427,True
GOOLE,1861,0.0,0.0,False
GOOLE,1861,43.91310344358882,7696.536927215256,True
GOOLE,1861,27.74086691326068,14622.240487533903,True
SELBY,1861,0.0,0.0,False
SELBY,1861,93.35263303948034,9302.348003956193,True
SELBY,1861,28.1927414651011,10466.445925471948,True
TADCASTER,1861,0.0,0.0,False
TADCASTER,1861,142.63836930776858,11499.446856599921,True
TADCASTER,1861,25.151339366391785,13388.392376434054,True
TADCASTER,1861,59.64048208530792,6135.122345827513,True
TADCASTER,1861,0.2790340372716765,11351.985580311955,False
YORK,1861,16.976033890652598,536.5470115430919,True
YORK,1861,39.760323589807,4928.506987058075,True
YORK,1861,1.3234966757264892,10332.61881214302,False
YORK,1861,32.97457474218792,9435.172927120964,True
YORK,1861,71.4225911372172,16481.234056645302,True
YORK,1861,58.230002630032565,11621.711825989241,True
YORK,1861,23.354242256286508,11121.569529639823,True
POCKLINGTON,1861,0.0,0.0,False
POCKLINGTON,1861,24.233289146109133,6975.11614217581,True
POCKLINGTON,1861,7.401173989650686,15568.639013842687,True
HOWDEN,1861,0.0,0.0,False
HOWDEN,1861,41.02188802000219,7716.595377504618,True
HOWDEN,1861,148.6018240432261,9406.322504903306,True
HOWDEN,1861,59.916041862608004,7984.713102081606,True
BEVERLEY,1861,0.0,0.0,False
BEVERLEY,1861,32.457108752111786,9968.667578318893,True
BEVERLEY,1861,13.480570939485062,14157.198757901208,True
BEVERLEY,1861,44.252641036642885,17796.669556334367,True
SCULCOATES,1861,0.0,0.0,False
SCULCOATES,1861,127.64341058561655,6704.559176336734,True
SCULCOATES,1861,46.48517624166508,14091.423968735538,True
SCULCOATES,1861,39.79137017129988,9162.37161364108,True
SCULCOATES,1861,38.51824366345925,6623.838770684762,True
SCULCOATES,1861,69.2742720474926,3148.1206288290573,True
SCULCOATES,1861,92.13605812158202,3027.3021126164554,True
SCULCOATES,1861,87.94741677504231,3977.888653701366,True
HULL,1861,0.0,0.0,False
HULL,1861,0.8403279768904266,406.9734513950279,False
HULL,1861,1833.2831379133797,1522.5209579172829,True
PATRINGTON,1861,0.0,0.0,False
SKIRLAUGH,1861,0.0,0.0,False
SKIRLAUGH,1861,56.799936848297335,9533.163695000592,True
SKIRLAUGH,1861,9.183728101117529,4976.2070251758505,True
SKIRLAUGH,1861,31.33301562240989,12808.94356701263,True
SKIRLAUGH,1861,15.621369094156467,17846.277391940825,True
DRIFFIELD,1861,0.0,0.0,False
DRIFFIELD,1861,12.460330193501132,6739.91115560029,True
DRIFFIELD,1861,74.40985890646566,13802.07937518522,True
DRIFFIELD,1861,99.65310394806778,15811.288095522406,True
BRIDLINGTON,1861,0.0,0.0,False
BRIDLINGTON,1861,10.034674420908837,10113.116127085013,True
BRIDLINGTON,1861,79.39753272473378,13820.176128916244,True
SCARBOROUGH,1861,0.0,0.0,False
SCARBOROUGH,1861,33.44541197474038,15316.121800060051,True
SCARBOROUGH,1861,166.4480154141164,12226.876776743311,True
SCARBOROUGH,1861,13.443360829139491,9283.871888964737,True
MALTON,1861,0.0,0.0,False
MALTON,1861,35.70589122494373,11158.515340622218,True
MALTON,1861,48.08700751295572,10961.111933495944,True
MALTON,1861,64.31309189085364,19002.626530808815,True
MALTON,1861,39.74760231046811,20197.536589264168,True
EASINGWOLD,1861,0.0,0.0,False
EASINGWOLD,1861,27.451635697022443,8934.235162135752,True
EASINGWOLD,1861,37.17939357761221,10006.792909132195,True
THIRSK,1861,0.0,0.0,False
THIRSK,1861,33.51933152958597,11580.789143433176,True
THIRSK,1861,17.527823158562924,5910.268028418394,True
THIRSK,1861,15.684875969298057,7643.941815542897,True
THIRSK,1861,34.33583843751419,11864.287206944058,True
HELMSLEY,1861,21.179302769557562,2244.134805995449,True
HELMSLEY,1861,75.93485788100422,13071.798487493712,True
HELMSLEY,1861,31.41499530856729,10250.561251265835,True
PICKERING,1861,0.0,0.0,False
PICKERING,1861,25.187068974467135,9245.829956845495,True
PICKERING,1861,73.07268047755026,12585.288717265208,True
PICKERING,1861,18.66949011820744,16652.888265919155,True
PICKERING,1861,60.03817903264667,11890.203107936597,True
WHITBY,1861,0.0,0.0,False
WHITBY,1861,44.63019701519696,9361.52454849229,True
WHITBY,1861,52.94288753275298,9884.612380163986,True
GUISBROUGH,1861,0.0,0.0,False
GUISBROUGH,1861,6.314338515380906,7404.65202110367,True
GUISBROUGH,1861,9.891768057210152,16068.278637293562,True
GUISBROUGH,1861,22.00063456003429,12062.355163690227,True
GUISBROUGH,1861,80.84658974512571,9817.197646871851,True
STOKESLEY,1861,33.63304180490196,2500.3668120893135,True
STOKESLEY,1861,53.73879384059306,9630.417681341378,True
NORTHALLERTON,1861,0.0,0.0,False
NORTHALLERTON,1861,75.22996169812414,7846.578658618592,True
BEDALE,1861,0.0,0.0,False
BEDALE,1861,22.25447852524497,12131.998481886098,True
LEYBURN,1861,0.0,0.0,False
LEYBURN,1861,1.0702795009952728,8948.099285745644,False
AYSGARTH,1861,0.0,0.0,False
AYSGARTH,1861,20.75220579841056,12258.253171201313,True
REETH,1861,0.0,0.0,False
REETH,1861,4.031975380463905,11646.276637981291,False
RICHMOND,1861,1550.4092070107126,342563.9898214621,True
RICHMOND,1861,985.00515698749,338309.954674314,True
RICHMOND,1861,746.8885292094106,349436.7529047125,True
RICHMOND,1861,534.0997232195591,350979.0594847496,True
DARLINGTON,1861,0.0,0.0,False
DARLINGTON,1861,26.24913688021861,8269.761651974797,True
STOCKTON,1861,8.826827969348933,2603.033124633087,True
STOCKTON,1861,32.25389581622223,4501.919194022519,True
STOCKTON,1861,28.61328146980809,15035.023143091963,True
AUCKLAND,1861,0.0,0.0,False
AUCKLAND,1861,55.43423352272756,10069.106068606125,True
TEESDALE,1861,0.0,0.0,False
TEESDALE,1861,125.20955365737704,12732.50895554905,True
TEESDALE,1861,229.79898760700812,22145.834869300696,True
WEARDALE,1861,0.0,0.0,False
WEARDALE,1861,7.493319972215673,10038.880390155002,True
WEARDALE,1861,33.06350928411072,19024.57972675622,True
DURHAM,1861,0.0,0.0,False
DURHAM,1861,416.6565478236313,8608.388384526243,True
DURHAM,1861,167.66671058789896,15427.455982713182,True
DURHAM,1861,46.477996803921215,19902.962741653995,True
EASINGTON,1861,0.0,0.0,False
HOUGHTON-LE-SPRING,1861,0.0,0.0,False
HOUGHTON-LE-SPRING,1861,39.01525556661546,5171.144293040028,True
CHESTER-LE-STREET,1861,0.0,0.0,False
CHESTER-LE-STREET,1861,6.397799935650017,6878.506157190097,True
SUNDERLAND,1861,0.0,0.0,False
SUNDERLAND,1861,73.41290643652859,3491.383420720272,True
SUNDERLAND,1861,99.03521196490608,3486.4036564348844,True
SUNDERLAND,1861,95.36755612771641,2938.3732454121077,True
SUNDERLAND,1861,122.52547819732695,2732.990478228865,True
SOUTH SHIELDS,1861,0.0,0.0,False
SOUTH SHIELDS,1861,62.302321177940186,4933.604433448873,True
GATESHEAD,1861,0.0,0.0,False
GATESHEAD,1861,34.26815573531602,3139.7350032131917,True
GATESHEAD,1861,139.08694141958208,8590.881620970167,True
GATESHEAD,1861,488.15571396117525,14359.186102687221,True
NEWCASTLE UPON TYNE,1861,0.0,0.0,False
NEWCASTLE UPON TYNE,1861,43.4942909021633,2238.692842983303,True
NEWCASTLE UPON TYNE,1861,95.76149928217491,2810.9527925939515,True
NEWCASTLE UPON TYNE,1861,90.86078972182644,3695.881823148681,True
NEWCASTLE UPON TYNE,1861,7.573312698605148,4868.093453371945,True
TYNEMOUTH,1861,0.0,0.0,False
TYNEMOUTH,1861,27.919635849222736,3024.207328733031,True
TYNEMOUTH,1861,23.34253307195219,5486.3055438401025,True
TYNEMOUTH,1861,241.79066213518422,4666.864525213238,True
TYNEMOUTH,1861,273.514083316677,7218.407829498028,True
TYNEMOUTH,1861,286.6418041472002,11835.291609402493,True
CASTLE WARD,1861,0.0,0.0,False
CASTLE WARD,1861,15.307144207730566,8788.39230245313,True
HEXHAM,1861,0.0,0.0,False
HEXHAM,1861,4.892146252443856,10208.59924225952,False
HEXHAM,1861,0.4826855685959434,21316.72624307499,False
HEXHAM,1861,1.279208679844726,19564.83828368734,False
HALTWHISTLE,1861,0.0,0.0,False
BELLINGHAM,1861,0.0,0.0,False
BELLINGHAM,1861,58.72332513966691,18116.717998650904,True
MORPETH,1861,0.0,0.0,False
MORPETH,1861,13.4804548746028,12145.469255840371,True
ALNWICK,1861,0.0,0.0,False
ALNWICK,1861,47.97146153484932,8267.075251766164,True
ALNWICK,1861,64.45176540762209,12652.8655973096,True
BELFORD,1861,0.0,0.0,False
BERWICK,1861,0.0,0.0,False
BERWICK,1861,57.13498794899128,10545.227260275484,True
BERWICK,1861,13.922415788528767,11919.210520539269,True
GLENDALE,1861,0.0,0.0,False
GLENDALE,1861,42.40666886017372,13198.075964385223,True
ROTHBURY,1861,0.0,0.0,False
ROTHBURY,1861,7.093157876075493,12976.790228145392,True
ALSTON,1861,0.0,0.0,False
PENRITH,1861,0.0,0.0,False
PENRITH,1861,41.414708553789204,18838.140961177065,True
PENRITH,1861,28.860286193485756,9750.763032944054,True
BRAMPTON,1861,0.0,0.0,False
BRAMPTON,1861,12.129278186120755,7882.8685663206315,True
BRAMPTON,1861,83.00664002716584,16190.420976602696,True
LONGTOWN,1861,0.0,0.0,False
LONGTOWN,1861,22.17378031179143,14922.367276804845,True
CARLISLE,1861,0.0,0.0,False
CARLISLE,1861,36.85817524648358,5419.019606187547,True
CARLISLE,1861,86.9293633430208,8212.326708362025,True
CARLISLE,1861,22.544154794040892,10198.225393953893,True
CARLISLE,1861,39.96182776079347,14322.534002197785,True
CARLISLE,1861,20.751290510723265,10643.2652273427,True
WIGTON,1861,0.0,0.0,False
WIGTON,1861,0.7381746511262436,12178.681037292372,False
WIGTON,1861,18.72485643102403,14463.178401034376,True
COCKERMOUTH,1861,0.0,0.0,False
COCKERMOUTH,1861,32.54377802284322,11902.025273148673,True
COCKERMOUTH,1861,74.29380164134494,22147.171203472495,True
COCKERMOUTH,1861,70.60286750628971,22171.484918971913,True
WHITEHAVEN,1861,0.0,0.0,False
WHITEHAVEN,1861,99.89851310641822,10636.85462830215,True
WHITEHAVEN,1861,75.10365831530417,10278.330353695354,True
WHITEHAVEN,1861,18.825213638847863,8902.469790805912,True
BOOTLE,1861,1.362459503127534,100.33760739016903,False
BOOTLE,1861,8.328425029446757,12042.138715997466,True
EAST WARD,1861,0.0,0.0,False
EAST WARD,1861,19.71242261141306,16521.003339305244,True
EAST WARD,1861,19.73738269252765,21102.53819241696,True
WEST WARD,1861,0.0,0.0,False
WEST WARD,1861,6.833490733275838,11318.892765672594,True
KENDAL,1861,0.0,0.0,False
KENDAL,1861,24.359937174389927,16886.895568019227,True
KENDAL,1861,27.07282373847671,29166.702984158073,True
KENDAL,1861,94.18063126156537,17963.399622107656,True
KENDAL,1861,39.42787598471502,19277.539364572884,True
CHEPSTOW,1861,0.0,0.0,False
CHEPSTOW,1861,42.13277595439436,6845.928580284859,True
CHEPSTOW,1861,41.731376514321525,15649.58206261881,True
MONMOUTH,1861,0.0,0.0,False
MONMOUTH,1861,67.61885579530242,15349.712504321757,True
MONMOUTH,1861,68.3846485240678,8357.310958139704,True
MONMOUTH,1861,14.012785714296086,12116.487392282475,True
ABERGAVENNY,1861,0.0,0.0,False
ABERGAVENNY,1861,91.42468188916102,14042.33461951524,True
ABERGAVENNY,1861,89.7847491520167,7872.389226446336,True
ABERGAVENNY,1861,31.411417808227064,10327.541796840844,True
PONTYPOOL,1861,0.0,0.0,False
PONTYPOOL,1861,35.267261679480235,7884.979533796208,True
PONTYPOOL,1861,9.420115182943547,9853.271842862094,True
NEWPORT,1861,34.569764599303504,134147.95551126698,True
NEWPORT,1861,86.87749185624189,137717.03365674234,True
NEWPORT,1861,11.913459471525524,137982.2567483647,True
NEWPORT,1861,6.491311022962623,134816.78734176658,True
CARDIFF,1861,0.0,0.0,False
CARDIFF,1861,17.513890750192267,9076.957095336142,True
CARDIFF,1861,11.32684212740983,15990.787122129583,True
CARDIFF,1861,22.567776537473947,9752.127696059619,True
BRIDGEND,1861,0.0,0.0,False
BRIDGEND,1861,21.67350098130866,14740.658621857867,True
BRIDGEND,1861,22.707778115344972,10155.67495153188,True
NEATH,1861,0.0,0.0,False
NEATH,1861,44.981293892105775,7491.364074928745,True
NEATH,1861,24.161764896223136,18972.328128315654,True
NEATH,1861,10.920755975726323,21774.925739113314,True
NEATH,1861,20.16865022671661,13076.403695354351,True
NEATH,1861,79.00095388672449,14414.926635869859,True
SWANSEA,1861,0.0,0.0,False
SWANSEA,1861,73.61628973353156,5801.820967481672,True
SWANSEA,1861,85.1988065243245,10667.700177519024,True
LLANELLY,1861,0.0,0.0,False
LLANELLY,1861,27.758197847927836,6716.779886686513,True
LLANELLY,1861,145.33163824383053,14703.061510971178,True
LLANELLY,1861,200.97466533693833,9237.806980764306,True
LLANDOVERY,1861,0.0,0.0,False
LLANDOVERY,1861,69.15877164201666,6197.482896353408,True
LLANDOVERY,1861,21.746276809033883,12734.055660288708,True
LLANDOVERY,1861,19.32320807785484,6768.513416706824,True
LLANDOVERY,1861,45.65341519197341,11434.709802028152,True
LLANDOVERY,1861,48.59696182246353,17850.821294375903,True
LLANDOVERY,1861,8.81979595260462,23567.214202234038,True
LLANDOVERY,1861,18.52328780608307,19034.48734892313,True
LLANDOVERY,1861,68.41880125244266,22333.64740515753,True
LLANDILOFAWR,1861,0.0,0.0,False
LLANDILOFAWR,1861,31.11146123447685,8298.23756898961,True
LLANDILOFAWR,1861,3.2941025710207557,13445.973674534072,False
LLANDILOFAWR,1861,25.368606207384936,10673.363574262024,True
LLANDILOFAWR,1861,73.4342060179293,20158.54861414214,True
CARMARTHEN,1861,0.0,0.0,False
CARMARTHEN,1861,22.51840282998972,17125.31657745924,True
CARMARTHEN,1861,59.71897568133373,8418.946210433476,True
CARMARTHEN,1861,41.336752162055106,17096.745026934594,True
NARBERTH,1861,0.0,0.0,False
NARBERTH,1861,2.332215708401243,8681.712091136584,False
NARBERTH,1861,8.110530195656667,12436.912722812489,True
NARBERTH,1861,46.1772294280974,10668.784144572766,True
NARBERTH,1861,21.30056592503137,16683.208419872557,True
NARBERTH,1861,49.736476555767254,19715.39918827361,True
PEMBROKE,1861,0.0,0.0,False
PEMBROKE,1861,7.792012638509043,12490.667878501868,True
PEMBROKE,1861,68.70860459536235,10901.912866952882,True
HAVERFORDWEST,1861,0.0,0.0,False
HAVERFORDWEST,1861,22.844932249360554,11050.89676717525,True
HAVERFORDWEST,1861,38.530621720748485,18578.796719349124,True
HAVERFORDWEST,1861,55.815480959295485,24030.703212560897,True
CARDIGAN,1861,0.0,0.0,False
CARDIGAN,1861,25.87410141991413,11602.504699353034,True
CARDIGAN,1861,45.790824072833,16636.296028469405,True
LAMPETER,1861,0.0,0.0,False
LAMPETER,1861,15.396821034715765,11354.458520013435,True
LAMPETER,1861,43.448170111464826,14489.717466736232,True
LAMPETER,1861,47.838492814196215,9920.3351695107,True
ABERAYRON,1861,0.0,0.0,False
ABERAYRON,1861,8.310831529522677,11059.159099724618,True
TREGARON,1861,0.0,0.0,False
TREGARON,1861,30.679763378805603,16001.414211323785,True
TREGARON,1861,113.69861367257653,11880.627519129474,True
BUILTH,1861,0.0,0.0,False
BUILTH,1861,54.90919052865259,17639.571115563318,True
BUILTH,1861,47.3771079424235,13616.604629880276,True
BRECKNOCK,1861,0.0,0.0,False
BRECKNOCK,1861,123.67357627573648,14219.993431763232,True
BRECKNOCK,1861,2.8808077335697804,12596.845404855523,False
BRECKNOCK,1861,15.2677432309318,20631.553324095017,True
BRECKNOCK,1861,11.690886337693058,14265.009625387398,True
CRICKHOWELL,1861,0.0,0.0,False
CRICKHOWELL,1861,43.01223115325269,9762.03866918622,True
CRICKHOWELL,1861,0.44002925112297064,7278.361262571722,False
CRICKHOWELL,1861,49.51579720289086,10497.861116871945,True
CRICKHOWELL,1861,53.78522784526789,5883.364254066139,True
HAY,1861,0.0,0.0,False
HAY,1861,14.53865027511383,12247.277021007261,True
HAY,1861,6.382253339060526,11618.841975012892,True
PRESTEIGNE,1861,0.0,0.0,False
PRESTEIGNE,1861,220.36939940470717,11316.480467028821,True
PRESTEIGNE,1861,65.45119609407598,9556.665050689855,True
PRESTEIGNE,1861,72.28225670235906,16243.346983724065,True
KNIGHTON,1861,0.0,0.0,False
KNIGHTON,1861,29.932655775083,12004.28712992287,True
RHAYADER,1861,0.0,0.0,False
RHAYADER,1861,57.82431391906307,11343.12004378126,True
MACHYNLLETH,1861,0.0,0.0,False
MACHYNLLETH,1861,9.152076370263229,10352.864418738414,True
MACHYNLLETH,1861,15.003323213207178,13421.935948321541,True
NEWTOWN,1861,0.0,0.0,False
NEWTOWN,1861,43.65308799172317,8442.950107288538,True
NEWTOWN,1861,5.791899678208284,14828.076097413896,True
NEWTOWN,1861,38.323470259370865,25416.218838372082,True
NEWTOWN,1861,82.64850955814187,24419.660107977616,True
NEWTOWN,1861,36.20191875602184,25483.307141005167,True
MONTGOMERY,1861,0.0,0.0,False
MONTGOMERY,1861,1.6383576780393525,9951.62054407348,False
MONTGOMERY,1861,35.977259611002374,11259.119962596218,True
LLANFYLLIN,1861,0.0,0.0,False
LLANFYLLIN,1861,24.007336221339205,17732.990291188205,True
LLANFYLLIN,1861,6.271160221312963,14743.373091587413,True
HOLYWELL,1861,0.0,0.0,False
HOLYWELL,1861,16.254110796010654,7994.825120162806,True
HOLYWELL,1861,23.005191020131022,14735.771294187041,True
HOLYWELL,1861,13.062253850043257,18016.277972727174,True
WREXHAM,1861,0.0,0.0,False
WREXHAM,1861,17.24534839830765,12019.999530594738,True
WREXHAM,1861,42.848685549635356,12209.219865101244,True
WREXHAM,1861,38.42812086314186,6140.99315869421,True
RUTHIN,1861,0.0,0.0,False
RUTHIN,1861,48.09082762210243,7721.654276926623,True
RUTHIN,1861,16.84483822908865,8808.087533771015,True
RUTHIN,1861,5.210854072328259,17677.709058762855,True
RUTHIN,1861,12.493896750246414,15543.863161690395,True
RUTHIN,1861,47.185372646844456,13705.66417238209,True
LLANRWST,1861,0.0,0.0,False
LLANRWST,1861,12.708415352592253,12166.707352646436,True
LLANRWST,1861,1.0668928344767894,13850.108328253576,False
CORWEN,1861,0.0,0.0,False
CORWEN,1861,4.436633574420185,16501.899271893904,False
BALA,1861,0.0,0.0,False
DOLGELLY,1861,0.0,0.0,False
DOLGELLY,1861,7.930261001183288,10409.421454765929,True
FESTINIOG,1861,0.0,0.0,False
FESTINIOG,1861,138.6370750640817,10260.00265913241,True
FESTINIOG,1861,101.46609998004072,15238.881693786665,True
PWLLHELI,1861,0.0,0.0,False
PWLLHELI,1861,27.90929339232409,13881.272919279958,True
PWLLHELI,1861,35.47158319801657,24632.842214177123,True
PWLLHELI,1861,38.34004227724353,13489.051913306484,True
CARNARVON,1861,0.0,0.0,False
CARNARVON,1861,20.25139569015645,12364.263178281099,True
CARNARVON,1861,81.04226082875778,8241.58671728814,True
CARNARVON,1861,59.91091335080204,14247.024563697043,True
BANGOR,1861,52.15694947131717,3682.239146293107,True
BANGOR,1861,21.925906419019565,12781.452141175012,True
BANGOR,1861,8.326085274225791,14359.594149310908,True
CONWAY,1861,0.0,0.0,False
CONWAY,1861,205.4813177426844,8436.687487642248,True
CONWAY,1861,167.31936373711244,7593.040934020872,True
ANGLESEY,1861,18.79191379645735,10118.442654412258,True
ANGLESEY,1861,5.748338885999512,4117.886252041785,True
ANGLESEY,1861,9.52729606192756,14955.699069451413,True
ANGLESEY,1861,47.523578579097084,17220.54585583931,True
ANGLESEY,1861,0.8502503153432452,12854.418213684312,False
ANGLESEY,1861,69.24880245925151,17610.910726279395,True
BRESSAY/LERWICK,1871,0.0,0.0,False
DELTING,1871,0.0,0.0,False
DUNROSSNESS,1871,0.0,0.0,False
FETLAR/MID AND SOUTH YELL,1871,0.0,0.0,False
NESTING,1871,0.0,0.0,False
NORTHMAVINE,1871,0.0,0.0,False
SANDSTING AND AITHSTING,1871,0.0,0.0,False
TINGWALL,1871,0.0,0.0,False
UNST,1871,0.0,0.0,False
WALLS,1871,0.0,0.0,False
BIRSAY/HARRAY,1871,0.0,0.0,False
DEERNESS/HOLM AND PAPLAY/ST. ANDREWS,1871,0.0,0.0,False
EDAY AND PHARAY/STRONSAY,1871,0.0,0.0,False
EVIE AND RENDALL/ROUSAY AND EGILSHAY/SHAPINSHAY,1871,0.0,0.0,False
HOY AND GRAEMSAY/WALLS,1871,0.0,0.0,False
KIRKWALL AND ST. OLA,1871,0.0,0.0,False
FIRTH AND STENNES/ORPHIR,1871,0.0,0.0,False
NORTH-RONALDSHAY/SANDAY,1871,0.0,0.0,False
SANDWICK,1871,0.0,0.0,False
SOUTH RONALDSHAY AND BURRAY,1871,0.0,0.0,False
STROMNESS,1871,0.0,0.0,False
WESTRAY,1871,0.0,0.0,False
BOWER,1871,0.0,0.0,False
CANISBAY/KEISS/WICK,1871,0.0,0.0,False
DUNNET,1871,0.0,0.0,False
HALKIRK,1871,0.0,0.0,False
LATHERON,1871,0.0,0.0,False
OLRIG,1871,0.0,0.0,False
REAY/FARR,1871,0.0,0.0,False
THURSO,1871,0.0,0.0,False
WATTEN,1871,0.0,0.0,False
ASSYNT,1871,0.0,0.0,False
CLYNE,1871,0.0,0.0,False
CREICH,1871,0.0,0.0,False
DORNOCH,1871,0.0,0.0,False
EDDRACHILLIS/DURNESS,1871,0.0,0.0,False
KILMUIR-EASTER/LOGIE-EASTER/EDDERTON,1871,0.0,0.0,False
GOLSPIE,1871,0.0,0.0,False
KILDONAN/LOTH,1871,0.0,0.0,False
LAIRG/ROGART,1871,0.0,0.0,False
TONGUE,1871,0.0,0.0,False
ALNESS/KILTEARN,1871,0.0,0.0,False
LOCHCARRON/APPLECROSS,1871,0.0,0.0,False
AVOCH,1871,0.0,0.0,False
CROMARTY,1871,0.0,0.0,False
DINGWALL,1871,0.0,0.0,False
FEARN/NIGG,1871,0.0,0.0,False
GAIRLOCH NORTHERN,1871,0.0,0.0,False
GAIRLOCH SOUTHERN,1871,0.0,0.0,False
GLENSHIEL/KINTAIL,1871,0.0,0.0,False
KILLEARNAN/KNOCKBAIN,1871,0.0,0.0,False
KINCARDINE,1871,0.0,0.0,False
CARNOCH/CONTIN/FODDERTY/KINLOCHLUICHART,1871,0.0,0.0,False
LOCHALSH,1871,0.0,0.0,False
LOCHBROOM,1871,0.0,0.0,False
LOCHS,1871,0.0,0.0,False
RESOLIS,1871,0.0,0.0,False
ROSEMARKIE,1871,0.0,0.0,False
ROSSKEEN,1871,0.0,0.0,False
TAIN,1871,0.0,0.0,False
TARBAT,1871,0.0,0.0,False
URQUHART AND LOGIE-WESTER,1871,0.0,0.0,False
URRAY,1871,0.0,0.0,False
BARVAS,1871,0.0,0.0,False
CARLOWAY,1871,0.0,0.0,False
STORNOWAY,1871,0.0,0.0,False
UIG,1871,0.0,0.0,False
ALVIE/KINGUSSIE AND INSH/LAGGAN,1871,0.0,0.0,False
ARDERSIER,1871,0.0,0.0,False
FORT AUGUSTUS/ABERTARFF/BOLESKINE/DORES,1871,0.0,0.0,False
CROMDALE AND INVERALLAN,1871,0.0,0.0,False
CROY AND DALCROSS/DAVIOT AND DUNLICHTY/MOY AND DALAROSSIE,1871,0.0,0.0,False
DUTHIL/ROTHIEMURCHUS,1871,0.0,0.0,False
GLENELG,1871,0.0,0.0,False
INVERNESS,1871,0.0,0.0,False
KILMONIVAIG,1871,0.0,0.0,False
CANNICH/KILMORACK/KILTARLITY,1871,0.0,0.0,False
KIRKHILL,1871,0.0,0.0,False
PETTY,1871,0.0,0.0,False
URQUHART,1871,0.0,0.0,False
BARRA,1871,0.0,0.0,False
BRACADALE,1871,0.0,0.0,False
DUIRINISH,1871,0.0,0.0,False
HARRIS,1871,0.0,0.0,False
KILMUIR,1871,0.0,0.0,False
NORTH UIST,1871,0.0,0.0,False
PORTREE,1871,0.0,0.0,False
SLEAT,1871,0.0,0.0,False
ARDNARMUCHAN/BALLACHULISH AND CORRAN OF ARDGOUR/AHARACLE/ARISAIG/BALLACHULISH AND ONICH/SMALL ISLES,1871,0.0,0.0,False
SNIZORT,1871,0.0,0.0,False
BENBECULA,1871,0.0,0.0,False
STRATH,1871,0.0,0.0,False
ARDCLACH/CAWDOR,1871,0.0,0.0,False
AULDEARN,1871,0.0,0.0,False
BOHARM/BOTRIPHNIE,1871,0.0,0.0,False
NAIRN,1871,0.0,0.0,False
ABERNETHY AND KINCARDINE,1871,0.0,0.0,False
ALVES/KINLOSS,1871,0.0,0.0,False
BELLIE/CULLEN/DESKFORD/ENZIE/RATHVEN/SEAFIELD,1871,0.0,0.0,False
HOWMORE,1871,0.0,0.0,False
BOISDALE,1871,0.0,0.0,False
DALLAS/EDINKILLIE/RAFFORD,1871,0.0,0.0,False
DRAINIE,1871,0.0,0.0,False
DUFFUS,1871,0.0,0.0,False
DYKE,1871,0.0,0.0,False
ELGIN/NEW SPYNIE/ST. ANDREWS-LHANBRYDE,1871,0.0,0.0,False
FORRES,1871,0.0,0.0,False
KNOCKANDO,1871,0.0,0.0,False
BIRNIE/ROTHES,1871,0.0,0.0,False
FORDYCE,1871,0.0,0.0,False
SPEYMOUTH/URQUHART,1871,0.0,0.0,False
MORTLACH/ABERLOUR/GLENRINNES,1871,0.0,0.0,False
KING-EDWARD,1871,0.0,0.0,False
BANFF/GAMRIE,1871,0.0,0.0,False
ALVAH,1871,0.0,0.0,False
BOYNDIE/ORDIQUHILL,1871,0.0,0.0,False
GRANGE,1871,0.0,0.0,False
KEITH,1871,0.0,0.0,False
INVERAVON/KIRKMICHAEL,1871,0.0,0.0,False
FORGLEN/MARNOCH,1871,0.0,0.0,False
ROTHIEMAY,1871,0.0,0.0,False
ST. FERGUS,1871,0.0,0.0,False
ABERDEEN ST. NICHOLAS EAST,1871,0.0,0.0,False
ABERDEEN ST. NICHOLAS WEST,1871,0.0,0.0,False
ABERDEEN OLD MACHAR NORTH,1871,0.0,0.0,False
ABERDEEN OLD MACHAR SOUTH,1871,0.0,0.0,False
ARDALLIE/NEW PITSLIGO/TYRIE/ABERDOUR,1871,0.0,0.0,False
ABOYNE AND GLENTANAR,1871,0.0,0.0,False
ALFORD,1871,0.0,0.0,False
AUCHINDOIR/KILDRUMMY,1871,0.0,0.0,False
AUCHTERLESS/FORGUE/YTHAN WELLS/INVERKEITHNY,1871,0.0,0.0,False
BELHELVIE,1871,0.0,0.0,False
BIRSE/STRACHAN,1871,0.0,0.0,False
BOURTIE/KEITH-HALL,1871,0.0,0.0,False
CABRACH/GLENBUCKET,1871,0.0,0.0,False
CAIRNEY,1871,0.0,0.0,False
CHAPEL OF GARIOCH,1871,0.0,0.0,False
INVERURIE,1871,0.0,0.0,False
CLUNY/MONYMUSK,1871,0.0,0.0,False
COULL/LUMPHANAN,1871,0.0,0.0,False
CRIMOND/KININMONTH/LONMAY/STRICHEN,1871,0.0,0.0,False
CRATHIE AND BRAEMAR,1871,0.0,0.0,False
CULSAMOND/OYNE,1871,0.0,0.0,False
DAVIOT/RAYNE,1871,0.0,0.0,False
DRUMBLADE/HUNTLY,1871,0.0,0.0,False
DYCE/FINTRAY/KINELLAR,1871,0.0,0.0,False
DRUMOAK/ECHT,1871,0.0,0.0,False
ELLON,1871,0.0,0.0,False
FOVERAN/LOGIE-BUCHAN/SLAINS,1871,0.0,0.0,False
FRASERBURGH,1871,0.0,0.0,False
FYVIE/MILLBREX/MONQUHITTER,1871,0.0,0.0,False
GARTLY/GLASS,1871,0.0,0.0,False
GLENMUICK/LOGIE-COLDSTONE AND CROMAR,1871,0.0,0.0,False
INSCH,1871,0.0,0.0,False
KEIG/PREMNAY/TOUGH,1871,0.0,0.0,False
KEMNAY/KINTORE,1871,0.0,0.0,False
KINCARDINE O'NEIL,1871,0.0,0.0,False
CLATT/KINNETHMONT/LESLIE/TULLYNESSLE AND FORBES,1871,0.0,0.0,False
LEOCHEL-CUSHNIE,1871,0.0,0.0,False
LONGSIDE,1871,0.0,0.0,False
METHLIC,1871,0.0,0.0,False
MIDMAR,1871,0.0,0.0,False
NEW DEER,1871,0.0,0.0,False
NEWHILLS,1871,0.0,0.0,False
NEW MACHAR,1871,0.0,0.0,False
CRUDEN/OLD DEER/SAVOCH,1871,0.0,0.0,False
OLD MELDRUM,1871,0.0,0.0,False
PETERCULTER/BANCHORY-DEVENICK/MARYCULTER,1871,0.0,0.0,False
PETERHEAD,1871,0.0,0.0,False
PITSLIGO,1871,0.0,0.0,False
RATHEN,1871,0.0,0.0,False
RHYNIE,1871,0.0,0.0,False
SKENE,1871,0.0,0.0,False
STRATHDON/TARLAND/TOWIE,1871,0.0,0.0,False
TARVES,1871,0.0,0.0,False
TURRIFF,1871,0.0,0.0,False
UDNY,1871,0.0,0.0,False
ARBUTHNOT/GARVOCK/KINNEFF AND CATTERLINE,1871,0.0,0.0,False
BANCHORY-TERNAN,1871,0.0,0.0,False
BENHOLM,1871,0.0,0.0,False
BERVIE,1871,0.0,0.0,False
DUNNOTTAR,1871,0.0,0.0,False
DURRIS/GLENBERVIE,1871,0.0,0.0,False
EDZELL/FETTERCAIRN/LETHNOTT AND NAVAR/LOCHLEE,1871,0.0,0.0,False
FETTERESSO,1871,0.0,0.0,False
FORDOUN,1871,0.0,0.0,False
COOKNEY,1871,0.0,0.0,False
LAURENCEKIRK,1871,0.0,0.0,False
MARYKIRK,1871,0.0,0.0,False
NIGG,1871,0.0,0.0,False
ST. CYRUS,1871,0.0,0.0,False
ABERLEMNO/CARESTON/OATHLAW/RESCOBIE,1871,0.0,0.0,False
AIRLIE/KINGOLDRUM/RUTHVEN,1871,0.0,0.0,False
ARBIRLOT,1871,0.0,0.0,False
ARBROATH,1871,0.0,0.0,False
BARRY,1871,0.0,0.0,False
BRECHIN,1871,0.0,0.0,False
CARMYLLIE,1871,0.0,0.0,False
CORTACHY AND CLOVA/KIRRIEMUIR,1871,0.0,0.0,False
MONTROSE,1871,0.0,0.0,False
DUNDEE ST. PETERS,1871,0.0,0.0,False
DUNDEE ST. MARYS,1871,0.0,0.0,False
DUNDEE ST. CLEMENTS,1871,0.0,0.0,False
DUNDEE ST. ANDREWS NORTH,1871,0.0,0.0,False
DUNDEE ST. ANDREWS EAST,1871,0.0,0.0,False
DUNDEE LOCHEE,1871,0.0,0.0,False
AUCHTERHOUSE/EASSIE AND NEVAY/FOWLIS-EASTER/LUNDIE/NEWTYLE,1871,0.0,0.0,False
FERN/MENMUIR/TANNADICE,1871,0.0,0.0,False
FORFAR,1871,0.0,0.0,False
GLAMIS,1871,0.0,0.0,False
GLENISLA/KILRY/LINTRATHEN,1871,0.0,0.0,False
DUNNICHEN/GUTHRIE/INVERARITY/KINNELL/KINNETTLES/KIRKDEN,1871,0.0,0.0,False
INVERKEILOR,1871,0.0,0.0,False
COUPAR-ANGUS/KETTINS/MEIGLE,1871,0.0,0.0,False
"LIFF, BENVIE AND INVERGOWRIE",1871,0.0,0.0,False
DUN/LOGIE-PERT/STRACATHRO,1871,0.0,0.0,False
MAINS,1871,0.0,0.0,False
CRAIG/FARNELL/LUNAN/MARYTOWN,1871,0.0,0.0,False
MONIFIETH,1871,0.0,0.0,False
MONIKIE,1871,0.0,0.0,False
MURROES/TEALING,1871,0.0,0.0,False
PANBRIDE,1871,0.0,0.0,False
ST. VIGEANS,1871,0.0,0.0,False
ABERDALGIE/TIBBERMORE,1871,0.0,0.0,False
ABERFELDY/BLAIR-ATHOL/DULL/TENANDRY/FORTINGALL/FOSS/KINLOCH-RANNOCH/LOGIERAIT/KEMORE/WEEM/MOULIN,1871,0.0,0.0,False
ARROCHAR/ABERFOYLE/BUCHANAN,1871,0.0,0.0,False
ABERNETHY,1871,0.0,0.0,False
ABERNYTE/COLLACE/INCHTURE/KINNAIRD,1871,0.0,0.0,False
BENDOCHY/BLAIRGOWRIE/RATTRAY/ALYTH,1871,0.0,0.0,False
AUCHTERARDER,1871,0.0,0.0,False
AUCHTERGAVEN/KINCLAVEN/REDGORTON/STANLEY,1871,0.0,0.0,False
BLACKFORD,1871,0.0,0.0,False
BALQUHIDDER/CALLANDER,1871,0.0,0.0,False
CAPUTH/DOWALLY/DUNKELD,1871,0.0,0.0,False
CARGILL,1871,0.0,0.0,False
COMRIE/MONZIEVAIRD,1871,0.0,0.0,False
CRIEFF/FOWLIS-WESTER/LOGIEALMOND/MONZIE,1871,0.0,0.0,False
CULROSS,1871,0.0,0.0,False
ARNGASK/DRON/DUNBARNEY/RHYND,1871,0.0,0.0,False
ARDOCH/DUNBLANE/LECROPT/MUTHILL,1871,0.0,0.0,False
ERROL,1871,0.0,0.0,False
DUNNING/FINDO-GASK/MADDERTY/TRINITY-GASK,1871,0.0,0.0,False
FORGANDENNY/FORTEVIOT,1871,0.0,0.0,False
KILLIN/STRATHFILLAN,1871,0.0,0.0,False
KILMADOCK,1871,0.0,0.0,False
KILSPINDIE/KINFAUNS/KINNOULL/ST. MADOES/ST. MARTINS,1871,0.0,0.0,False
KINCARDINE,1871,92.9175945415638,197550.59707963793,True
KIRKMICHAEL/PERSIE,1871,0.0,0.0,False
LITTLE DUNKELD,1871,0.0,0.0,False
LOGIE,1871,0.0,0.0,False
LONGFORGAN,1871,0.0,0.0,False
METHVEN/MONEYDIE,1871,0.0,0.0,False
PERTH,1871,0.0,0.0,False
PORT OF MENTEITH,1871,0.0,0.0,False
CLUNIE/LETHENDY AND KINLOCH,1871,0.0,0.0,False
SCONE,1871,0.0,0.0,False
TORRYBURN/TULLIALLAN,1871,0.0,0.0,False
KINGHORN,1871,0.0,0.0,False
KIRKCALDY/ABBOTSHALL,1871,0.0,0.0,False
ANSTRUTHER-EASTER/ANSTRUTHER-WESTER,1871,0.0,0.0,False
AUCHTERDERRAN,1871,0.0,0.0,False
AUCHTERMUCHTY,1871,0.0,0.0,False
ABERDOUR/AUCHTERTOOL,1871,0.0,0.0,False
BALLINGRY,1871,0.0,0.0,False
BEATH,1871,0.0,0.0,False
BURNTISLAND,1871,0.0,0.0,False
CAMERON/CARNBEE,1871,0.0,0.0,False
CARNOCK/SALINE/TORRYBURN,1871,0.0,0.0,False
CERES,1871,0.0,0.0,False
COLLESSIE,1871,0.0,0.0,False
CRAIL/DUNINO/KINGSBARNS,1871,0.0,0.0,False
CULTS/KETTLE,1871,0.0,0.0,False
CUPAR,1871,0.0,0.0,False
BALMERINO/DAIRSIE/KEMBACK/KILMANY/LOGIE,1871,0.0,0.0,False
DALGETTY,1871,0.0,0.0,False
ABDIE/CREICH/DUNBOG/FLISK/MONIMAIL/MOONZIE,1871,0.0,0.0,False
DUNFERMLINE,1871,0.0,0.0,False
DYSART,1871,0.0,0.0,False
ELIE/KILCONQUHAR/NEWBURN,1871,0.0,0.0,False
FALKLAND,1871,0.0,0.0,False
FERRY-PORT-ON-CRAIG,1871,0.0,0.0,False
FORGAN,1871,0.0,0.0,False
INVERKEITHING,1871,0.0,0.0,False
KENNOWAY,1871,0.0,0.0,False
KILRENNY,1871,0.0,0.0,False
KINGLASSIE,1871,0.0,0.0,False
LARGO,1871,0.0,0.0,False
LESLIE,1871,0.0,0.0,False
LEUCHARS,1871,0.0,0.0,False
MARKINCH,1871,0.0,0.0,False
NEWBURGH,1871,0.0,0.0,False
PITTENWEEM,1871,0.0,0.0,False
ST. ANDREWS AND ST. LEONARDS,1871,0.0,0.0,False
ST. MONANCE,1871,0.0,0.0,False
SCOONIE,1871,0.0,0.0,False
STRATHMIGLO,1871,0.0,0.0,False
WEMYSS,1871,0.0,0.0,False
CLEISH/PORTMOAK,1871,0.0,0.0,False
MUCKHART/FOSSOWAY AND TULLIEBOLE/GLENDEVON,1871,0.0,0.0,False
KINROSS,1871,0.0,0.0,False
ORWELL,1871,0.0,0.0,False
ALLOA/CLACKMANNAN,1871,0.0,0.0,False
DOLLAR,1871,0.0,0.0,False
TILLICOULTRY,1871,0.0,0.0,False
AIRTH,1871,0.0,0.0,False
ALVA,1871,0.0,0.0,False
CAMPSIE/STRATHBLANE/BALDERNOCK,1871,0.0,0.0,False
BALFRON/FINTRY/KILLEARN,1871,0.0,0.0,False
DENNY,1871,0.0,0.0,False
DRYMEN,1871,0.0,0.0,False
DUNIPACE,1871,0.0,0.0,False
BOTHKENNAR/FALKIRK/GRANGEMOUTH,1871,0.0,0.0,False
GARGUNNOCK/KIPPEN,1871,0.0,0.0,False
KILSYTH,1871,0.0,0.0,False
LARBERT,1871,0.0,0.0,False
MUIRAVONSIDE,1871,0.0,0.0,False
POLMONT,1871,0.0,0.0,False
BANNOCKBURN/ST. NINIANS/STIRLING,1871,0.01192549109628533,0.7175805474091008,False
SLAMANNAN,1871,0.0,0.0,False
BONHILL,1871,0.0,0.0,False
CARDROSS,1871,0.0,0.0,False
CUMBERNAULD,1871,0.0,0.0,False
DUMBARTON,1871,0.0,0.0,False
KILMARONOCK/LUSS,1871,0.0,0.0,False
KIRKINTILLOCH,1871,0.0,0.0,False
NEW KILPATRICK,1871,0.0,0.0,False
OLD KILPATRICK,1871,0.0,0.0,False
ROSNEATH,1871,0.0,0.0,False
RHU OR ROW,1871,0.0,0.0,False
ARDCHATTAN/GLENORCHY AND INISHAIL/KILCHRENAN/MUCKAIRN,1871,0.0,0.0,False
CAMPBELTOWN/SOUTHEND,1871,0.0,0.0,False
CUMLODDEN/GLASSARY/LOCHGILPHEAD,1871,0.0,0.0,False
DUNOON AND KILMUN,1871,0.0,0.0,False
INVERARAY,1871,0.0,0.0,False
JURA/KILBRANDON AND KILCHATTAN/KILNINVER,1871,0.0,0.0,False
INVERCHAOLAIN/KILFINAN/KILMODAN,1871,0.0,0.0,False
KILLEAN AND KILCHENZIE,1871,0.0,0.0,False
KILMALLIE,1871,0.0,0.0,False
CRAIGNISH/KILMARTIN/NORTH KNAPDALE,1871,0.0,0.0,False
LOCHGOILHEAD/STRALACHLAN OR STRATHLACHLAN,1871,0.0,0.0,False
LISMORE/MORVERN,1871,0.0,0.0,False
SADDELL/TARBERT,1871,0.0,0.0,False
BOWMORE OR KILARROW/KILMENY,1871,0.0,0.0,False
GIGHA/KILCALMONELL/SOUTH KNAPDALE,1871,0.0,0.0,False
IONA/KILFINICHEN AND KILVICKEON/KINLOCHSPELVIE/TOROSAY,1871,0.0,0.0,False
KILNINIAN AND KILMORE/SALEN/TOBERMORY,1871,0.0,0.0,False
KILCHOMAN/PORTNAHAVEN,1871,0.0,0.0,False
KILDALTON AND OA,1871,0.0,0.0,False
KILMORE AND KILBRIDE,1871,0.0,0.0,False
TYREE,1871,0.0,0.0,False
CUMBRAE,1871,0.0,0.0,False
KILBRIDE/KILMORY/LOCHRANZA,1871,0.0,0.0,False
KINGARTH/NORTH BUTE,1871,0.0,0.0,False
ROTHESAY,1871,0.0,0.0,False
JOHNSTONE / ELDERSLIE,1871,0.0,0.0,False
CATHCART,1871,0.0,0.0,False
EAGLESHAM,1871,0.0,0.0,False
EASTWOOD,1871,0.0,0.0,False
ERSKINE/INCHINNAN,1871,0.0,0.0,False
GREENOCK/PORT-GLASGOW,1871,0.0,0.0,False
KILMACOLM,1871,0.0,0.0,False
INVERKIP,1871,0.0,0.0,False
BRIDGE OF WEIR/HOUSTON AND KILLELLAN/KILBARCHAN,1871,0.0,0.0,False
LOCHWINNOCH,1871,0.0,0.0,False
MEARNS,1871,0.0,0.0,False
NEILSTON,1871,0.0,0.0,False
PAISLEY,1871,0.0,0.0,False
PAISLEY LANDWARD,1871,0.0,0.0,False
OLD ARDROSSAN,1871,0.0,0.0,False
RENFREW,1871,0.0,0.0,False
NEW ARDROSSAN,1871,0.0,0.0,False
AUCHINLECK,1871,0.0,0.0,False
AYR/ST. QUIVOX,1871,0.0,0.0,False
BALLANTRAE,1871,0.0,0.0,False
BEITH,1871,0.0,0.0,False
BARR/COLMONELL,1871,0.0,0.0,False
COYLTON,1871,0.0,0.0,False
CRAIGIE/SYMINGTON,1871,0.0,0.0,False
DAILLY,1871,0.0,0.0,False
DALMELLINGTON/DALRYMPLE/PATNA/STRAITON,1871,0.0,0.0,False
DALRY,1871,0.0,0.0,False
DREGHORN,1871,0.0,0.0,False
DUNDONALD,1871,0.0,0.0,False
DUNLOP,1871,0.0,0.0,False
FENWICK,1871,0.0,0.0,False
GALSTON,1871,0.0,0.0,False
GIRVAN,1871,0.0,0.0,False
IRVINE,1871,0.0,0.0,False
KILBIRNIE,1871,0.0,0.0,False
KILMARNOCK,1871,0.0,0.0,False
KILMAURS,1871,0.0,0.0,False
KILWINNING,1871,0.0,0.0,False
CROSSHILL/KIRKMICHAEL/KIRKOSWALD,1871,0.0,0.0,False
LARGS,1871,0.0,0.0,False
LOUDOUN,1871,0.0,0.0,False
MAUCHLINE,1871,0.0,0.0,False
MAYBOLE,1871,0.0,0.0,False
MONKTON AND PRESTWICK,1871,0.0,0.0,False
MUIRKIRK,1871,0.0,0.0,False
NEW CUMNOCK,1871,0.0,0.0,False
STAIR/OCHILTREE,1871,0.0,0.0,False
OLD CUMNOCK,1871,0.0,0.0,False
RICCARTON,1871,0.0,0.0,False
SORN,1871,0.0,0.0,False
STEVENSTON,1871,0.0,0.0,False
STEWARTON,1871,0.0,0.0,False
TARBOLTON,1871,0.0,0.0,False
WEST KILBRIDE,1871,0.0,0.0,False
AVONDALE,1871,0.0,0.0,False
BARONY MARYHILL,1871,0.0,0.0,False
BARONY SHETTLESTON,1871,0.0,0.0,False
BIGGAR/LIBBERTON,1871,0.0,0.0,False
BLANTYRE,1871,0.0,0.0,False
BOTHWELL/BELLSHILL,1871,0.0,0.0,False
CADDER WEST,1871,0.0,0.0,False
CAMBUSLANG,1871,0.0,0.0,False
CADDER EAST,1871,0.0,0.0,False
CARLUKE,1871,0.0,0.0,False
CARMICHAEL/COVINGTON AND THANKERTON/PETTINAIN/SYMINGTON,1871,0.0,0.0,False
CARMUNNOCK/EAST KILBRIDE,1871,0.0,0.0,False
CARNWATH,1871,0.0,0.0,False
CARSTAIRS,1871,0.0,0.0,False
HOLYTOWN,1871,0.0,0.0,False
LARKHALL,1871,0.0,0.0,False
CRAWFORD/CRAWFORDJOHN/WANDELL AND LAMINGTON/WISTON AND ROBERTON,1871,0.0,0.0,False
CULTER/BROUGHTON/DRUMELZIER/GLENHOLM/KILBUCHO,1871,0.0,0.0,False
DALSERF,1871,0.0,0.0,False
DALZIEL/HAMILTON,1871,0.0,0.0,False
DOLPHINTON/DUNSYRE/WALSTON/KIRKURD/SKIRLING/STOBO,1871,0.0,0.0,False
DOUGLAS,1871,0.0,0.0,False
GLASGOW BRIDGETON BRIDGETON,1871,0.0,0.0,False
GLASGOW BRIDGETON DALMARNOCK,1871,0.0,0.0,False
GLASGOW CAMLACHIE GALLOWGATE,1871,0.0,0.0,False
GLASGOW CAMLACHIE PARKHEAD,1871,0.0,0.0,False
GLASGOW DENNISTOUN DENNISTOUN,1871,0.0,0.0,False
GLASGOW DENNISTOUN BALORNOCK,1871,0.0,0.0,False
GLASGOW CALTON,1871,0.0,0.0,False
GLASGOW BLACKFRIARS,1871,0.0,0.0,False
GLASGOW ST. ROLLOX TOWNHEAD,1871,0.0,0.0,False
GLASGOW ST. ROLLOX COWLAIRS,1871,0.0,0.0,False
GLASGOW BLYTHSWOOD,1871,0.0,0.0,False
GLASGOW MILTON,1871,0.0,0.0,False
GLASGOW KELVIN KELVINSIDE,1871,0.0,0.0,False
GLASGOW KELVIN WOODSIDE,1871,0.0,0.0,False
GLASGOW ANDERSTON,1871,0.0,0.0,False
GLASGOW HUTCHESONTOWN HUTCHESONTOWN,1871,0.0,0.0,False
GLASGOW HUTCHESONTOWN POLMADIE,1871,0.0,0.0,False
GLASGOW GORBALS NORTH,1871,0.0,0.0,False
GLASGOW GORBALS SOUTH,1871,0.0,0.0,False
GLASGOW TRADESTON,1871,0.0,0.0,False
GLASGOW KINNING PARK,1871,0.0,0.0,False
GLASSFORD,1871,0.0,0.0,False
GOVAN PLANTATION,1871,0.0,0.0,False
GOVAN GOVAN IBROX,1871,0.0,0.0,False
GOVAN GOVAN SHIELDHALL,1871,0.0,0.0,False
GOVAN PARTICK VICTORIA PARK,1871,0.0,0.0,False
GOVAN PARTICK HYNDLAND,1871,0.0,0.0,False
LANARK,1871,0.0,0.0,False
LESMAHAGOW/KIRKFIELDBANK,1871,0.0,0.0,False
NEW MONKLAND/AIRDRIE,1871,0.0,0.0,False
OLD MONKLAND,1871,0.0,0.0,False
OLD MONKLAND/COATBRIDGE,1871,0.0,0.0,False
RUTHERGLEN,1871,0.0,0.0,False
CALDERHEAD/CAMBUSNETHAN/SHOTTS,1871,0.0,0.0,False
STONEHOUSE,1871,0.0,0.0,False
BATHGATE/ARMADALE,1871,0.0,0.0,False
BORROWSTOUNNESS/CARRIDEN,1871,0.0,0.0,False
ABERCORN/DALMENY/QUEENSFERRY,1871,0.0,0.0,False
ECCLESMACHEN/UPHALL,1871,0.0,0.0,False
KIRKLISTON,1871,0.0,0.0,False
LINLITHGOW,1871,0.0,0.0,False
LIVINGSTONE,1871,0.0,0.0,False
TORPHICHEN,1871,0.0,0.0,False
WHITBURN,1871,0.0,0.0,False
BORTHWICK/CARRINGTON/COCKPEN/NEWBATTLE/STOBHILL/TEMPLE,1871,0.0,0.0,False
COLINTON,1871,0.0,0.0,False
CORSTORPHINE,1871,0.0,0.0,False
CRAMOND,1871,0.0,0.0,False
CURRIE,1871,0.0,0.0,False
DALKEITH,1871,0.0,0.0,False
PORTOBELLO/DUDDINGSTON,1871,0.0,0.0,False
EDINBURGH ST. GEORGE WEST END,1871,0.0,0.0,False
EDINBURGH ST. GEORGE FOUNTAINBRIDGE,1871,0.0,0.0,False
EDINBURGH ST. GEORGE TYNECASTLE,1871,0.0,0.0,False
EDINBURGH ST. ANDREW NEW TOWN,1871,0.0,0.0,False
EDINBURGH ST. ANDREW BROUGHTON,1871,0.0,0.0,False
EDINBURGH CANONGATE,1871,0.0,0.0,False
EDINBURGH ST. GILES,1871,0.0,0.0,False
EDINBURGH NEWINGTON MORNINGSIDE,1871,0.0,0.0,False
EDINBURGH NEWINGTON NEWINGTON,1871,0.0,0.0,False
GLENCORSE,1871,0.0,0.0,False
INVERESK,1871,0.0,0.0,False
KIRKNEWTON AND EAST-CALDER,1871,0.0,0.0,False
LASSWADE,1871,0.0,0.0,False
LEITH,1871,0.0,0.0,False
LIBERTON,1871,0.0,0.0,False
MID-CALDER,1871,0.0,0.0,False
NEWTON,1871,0.0,0.0,False
PENICUIK,1871,0.0,0.0,False
RATHO,1871,0.0,0.0,False
HERIOT/FALA AND SOUTRA/STOW/CADDONFOOT,1871,0.0,0.0,False
WEST-CALDER,1871,0.0,0.0,False
BOLTON/HUMBIE/SALTON/YESTER,1871,0.0,0.0,False
ABERLADY/ATHELSTANEFORD/DIRLETON,1871,0.0,0.0,False
DUNBAR,1871,0.0,0.0,False
GARVALD/MORHAM/WHITTINGEHAME,1871,0.0,0.0,False
GLADSMUIR,1871,0.0,0.0,False
HADDINGTON,1871,0.0,0.0,False
INNERWICK/SPOTT/STENTON,1871,0.0,0.0,False
NORTH BERWICK,1871,0.0,0.0,False
CRANSTON/CRICHTON/ORMISTON/TRANENT,1871,0.0,0.0,False
PENCAITLAND,1871,0.0,0.0,False
PRESTONKIRK,1871,0.0,0.0,False
PRESTONPANS,1871,0.0,0.0,False
ABBEY ST. BATHANS/BUNKLE AND PRESTON/CRANSHAWS/LONGFORMACUS/OLDHAMSTOCKS,1871,0.0,0.0,False
AYTON,1871,0.0,0.0,False
CHANNELKIRK/LAUDER,1871,0.0,0.0,False
CHIRNSIDE,1871,0.0,0.0,False
COCKBURNSPATH/COLDINGHAM,1871,0.0,0.0,False
COLDSTREAM,1871,0.0,0.0,False
EYEMOUTH,1871,0.0,0.0,False
DUNS,1871,0.0,0.0,False
EARLSTON/MERTON,1871,0.0,0.0,False
ECCLES,1871,0.0,0.0,False
EDROM,1871,0.0,0.0,False
FOGO/LANGTON/POLWARTH/SWINTON,1871,0.0,0.0,False
FOULDEN/HUTTON/LADYKIRK/MORDINGTON/WHITSOME,1871,0.0,0.0,False
GORDON/LEGERWOOD/WESTRUTHER,1871,0.0,0.0,False
GREENLAW,1871,0.0,0.0,False
INNERLEITHEN,1871,0.0,0.0,False
LYNE/MANOR/TRAQUAIR/KIRKHOPE/YARROW,1871,0.0,0.0,False
PEEBLES,1871,0.0,0.0,False
EDDLESTONE/NEWLANDS/WEST LINTON,1871,0.0,0.0,False
ROBERTON/TEVIOTHEAD/ETTRICK,1871,0.0,0.0,False
GALASHIELS,1871,0.0,0.0,False
MELROSE/LADHOPE,1871,0.0,0.0,False
SELKIRK,1871,0.0,0.0,False
ANCRUM/ASHKIRK/LILLIESLEAF/MINTO,1871,0.0,0.0,False
BEDRULE/CAVERS/KIRKTOWN/HOBKIRK,1871,0.0,0.0,False
BOWDEN/ST. BOSWELLS,1871,0.0,0.0,False
CASTLETON,1871,0.0,0.0,False
CRAILING/MAKERSTON/MAXTON/ROXBURGH,1871,0.0,0.0,False
EDNAM/SPROUSTON,1871,0.0,0.0,False
HAWICK,1871,0.0,0.0,False
HOWNAM/MOREBATTLE/YETHOLM,1871,0.0,0.0,False
EDGERSTON/JEDBURGH/OXNAM/SOUTHDEAN,1871,0.0,0.0,False
KELSO,1871,0.0,0.0,False
ECKFORD/LINTON,1871,0.0,0.0,False
HUME/NENTHORN/SMAILHOLM/STITCHEL,1871,0.0,0.0,False
WILTON,1871,0.0,0.0,False
ANNAN,1871,0.0,0.0,False
BRYDEKIRK/CUMMERTREES/HODDOM,1871,0.0,0.0,False
CANONBIE,1871,0.0,0.0,False
CARLAVEROCK/RUTHWELL,1871,0.0,0.0,False
CLOSEBURN/KEIR,1871,0.0,0.0,False
DALTON/MOUSWALD/ST. MUNGO,1871,0.0,0.0,False
DRYFESDALE,1871,0.0,0.0,False
DUMFRIES,1871,0.0,0.0,False
DUNSCORE,1871,0.0,0.0,False
DURRISDEER/PENPONT/TYNRON,1871,0.0,0.0,False
ESKDALEMUIR/HUTTON/TUNDERGARTH,1871,0.0,0.0,False
GLENCAIRN,1871,0.0,0.0,False
DORNOCK/GRAITNEY (OR GRETNA),1871,0.0,0.0,False
HOLYWOOD/IRONGRAY/LOCHRUTTON/TERREGLES,1871,0.0,0.0,False
JOHNSTONE/KIRKPATRICK-JUXTA,1871,0.0,0.0,False
KIRKMAHOE,1871,0.0,0.0,False
KIRKMICHAEL/TINWALD/TORTHORWALD,1871,0.0,0.0,False
KIRKPATRICK-FLEMING,1871,0.0,0.0,False
LANGHOLM/WESTERKIRK/EWES,1871,0.0,0.0,False
LOCHMABEN,1871,0.0,0.0,False
HALFMORTON/MIDDLEBIE,1871,0.0,0.0,False
MOFFAT/TWEEDSMUIR,1871,0.0,0.0,False
MORTON,1871,0.0,0.0,False
KIRKCONNEL/SANQUHAR/WANLOCKHEAD,1871,0.0,0.0,False
APPLEGARTH/WAMPHRAY,1871,0.0,0.0,False
ANWOTH/GIRTHON,1871,0.0,0.0,False
BALMAGHIE/TONGLAND,1871,0.0,0.0,False
BORGUE/TWYNHOLM,1871,0.0,0.0,False
CARSPHAIRN/KELLS,1871,0.0,0.0,False
COLVEND/KIRKGUNZEON,1871,0.0,0.0,False
BALMACLELLAN/CORSOCK BRIDGE/DALRY/KIRKPATRICK-DURHAM/PARTON,1871,0.0,0.0,False
CROSSMICHAEL,1871,0.0,0.0,False
BUITTLE/DALBEATTIE/URR,1871,0.0,0.0,False
KELTON,1871,0.0,0.0,False
KIRKBEAN/NEW ABBEY,1871,0.0,0.0,False
KIRKCUDBRIGHT,1871,0.0,0.0,False
KIRKMABRECK,1871,0.0,0.0,False
BARGRENNAN/MINNIGAFF,1871,0.0,0.0,False
RERRICK,1871,0.0,0.0,False
TROQUEER,1871,0.0,0.0,False
GLASSERTON/WHITHORN,1871,0.0,0.0,False
INCH,1871,0.0,0.0,False
KIRKCOLM/LESWALT,1871,0.0,0.0,False
KIRKCOWAN/NEW LUCE,1871,0.0,0.0,False
KIRKINNER,1871,0.0,0.0,False
KIRKMAIDEN,1871,0.0,0.0,False
MOCHRUM,1871,0.0,0.0,False
OLD LUCE (OR GLENLUCE),1871,0.0,0.0,False
PENNINGHAME,1871,0.0,0.0,False
PORTPATRICK,1871,0.0,0.0,False
SORBIE,1871,0.0,0.0,False
STONEYKIRK,1871,0.0,0.0,False
STRANRAER,1871,0.0,0.0,False
WHITEKIRK AND TYNNINGHAME,1871,0.0,0.0,False
WIGTOWN,1871,0.0,0.0,False
KENSINGTON,1871,0.0,0.0,False
KENSINGTON,1871,38.82064479551531,1383.4538531635897,True
KENSINGTON,1871,81.73968927448585,1778.3417130632713,True
KENSINGTON,1871,11.197449603752986,3473.98430522491,True
KENSINGTON,1871,118.92722335059634,3429.171776380732,True
KENSINGTON,1871,19.4518799047423,3748.8889284489896,True
KENSINGTON,1871,90.99046918825132,4959.0561176066185,True
CHELSEA,1871,0.0,0.0,False
CHELSEA,1871,48.50947388955907,532.741093070704,True
CHELSEA,1871,42.187891977815774,3091.2989952262215,True
WESTMINSTER,1871,66.36954647207789,1905.028813102815,True
WESTMINSTER,1871,59.76064272886072,2325.3585649383485,True
WESTMINSTER,1871,80.8304749791167,2278.789617781677,True
WESTMINSTER,1871,50.852711986361555,2334.315455655421,True
MARYLEBONE,1871,0.0,0.0,False
MARYLEBONE,1871,32.18053181749018,501.3948391244976,True
MARYLEBONE,1871,6.335229514505484,977.2028522454282,True
MARYLEBONE,1871,47.782440702447424,1444.1558812847493,True
MARYLEBONE,1871,310.39577520539444,1545.3528988135677,True
MARYLEBONE,1871,255.22258113856523,2676.8678411014444,True
HAMPSTEAD,1871,0.0,0.0,False
PANCRAS,1871,0.0,0.0,False
PANCRAS,1871,64.92039818306897,1568.4777839872531,True
PANCRAS,1871,58.901966359452274,2074.369929250908,True
PANCRAS,1871,58.47039649981397,1058.1582831002083,True
PANCRAS,1871,59.702327384220524,1072.4502161846942,True
PANCRAS,1871,299.8193914585421,2258.2975191183855,True
ISLINGTON,1871,0.0,0.0,False
ISLINGTON,1871,76.28184733724679,1240.270749173345,True
HACKNEY,1871,0.0,0.0,False
HACKNEY,1871,16.232512420926543,1426.2764107344246,True
HACKNEY,1871,25.181661750604267,1835.7481982265465,True
HACKNEY,1871,133.1600048294308,3073.9875721855633,True
HACKNEY,1871,11.130742631296313,3473.826871825742,True
STRAND,1871,23.02951301041827,481.54480681883376,True
STRAND,1871,423.60695010888173,912.4231404235512,True
STRAND,1871,44.41478850092276,814.1808440434048,True
STRAND,1871,13.28930328135349,1147.6055783659915,True
HOLBORN,1871,0.0,0.0,False
HOLBORN,1871,67.80725150562805,405.2964486076409,True
HOLBORN,1871,12.78500134426292,896.4824507219686,True
HOLBORN,1871,63.507557859725175,1040.903766455581,True
HOLBORN,1871,19.423939133237354,896.6870097977979,True
HOLBORN,1871,26.552313184137038,4586.7561010502495,True
HOLBORN,1871,16.441521668943178,1263.6855359247506,True
HOLBORN,1871,54.05521752452774,1518.1947579332775,True
HOLBORN,1871,27.47503345137165,1832.7526764269842,True
HOLBORN,1871,78.39834168500823,1523.35662334127,True
HOLBORN,1871,18.763522735949106,1964.1348498446525,True
LONDON CITY,1871,86.69625755836083,1649.5795957508458,True
LONDON CITY,1871,79.1846889335621,894.9203679035171,True
LONDON CITY,1871,17.705798436383166,585.7957058975943,True
LONDON CITY,1871,125.20327370412207,496.4063008095648,True
LONDON CITY,1871,0.0,0.0,False
LONDON CITY,1871,66.86839276846774,510.0441293810032,True
LONDON CITY,1871,115.92316122825198,671.3554616816828,True
LONDON CITY,1871,125.56602442706681,1346.4133569420699,True
LONDON CITY,1871,103.66805589295825,1200.8035812864237,True
SHOREDITCH,1871,0.0,0.0,False
SHOREDITCH,1871,33.96399260721849,570.0706307425978,True
SHOREDITCH,1871,36.2419956068698,1059.9408270081706,True
SHOREDITCH,1871,8.724518163394173,1209.4191852021772,True
SHOREDITCH,1871,76.91908340019539,1373.7626326096888,True
SHOREDITCH,1871,29.39936911776289,1606.5428168976061,True
BETHNAL GREEN,1871,0.0,0.0,False
BETHNAL GREEN,1871,151.7017620815337,1113.8824018596547,True
BETHNAL GREEN,1871,20.52711414954391,841.5664785538489,True
BETHNAL GREEN,1871,64.00957026195124,670.8005342693134,True
WHITECHAPEL,1871,0.0,0.0,False
WHITECHAPEL,1871,3.6700246317574168,246.76838332389445,False
WHITECHAPEL,1871,7.150255595610205,608.6134957718069,True
WHITECHAPEL,1871,103.76697991272488,765.7127319898658,True
WHITECHAPEL,1871,16.67140370519614,783.4694370428389,True
WHITECHAPEL,1871,25.167155114494054,952.1308400217866,True
WHITECHAPEL,1871,153.2757279370917,1336.4815687801936,True
STEPNEY,1871,0.0,0.0,False
STEPNEY,1871,32.62317100818199,1130.3405769111564,True
STEPNEY,1871,115.60560985428255,1929.5811045236928,True
POPLAR,1871,0.0,0.0,False
POPLAR,1871,7.578515668042474,2994.4447914801262,True
LAMBETH,1871,0.0,0.0,False
LAMBETH,1871,49.637920258755074,434.2560069384432,True
LAMBETH,1871,185.87900545303555,1307.7388219092215,True
LAMBETH,1871,125.4682134849057,1480.8493122252687,True
LAMBETH,1871,666.1025453159566,2754.658309708412,True
LAMBETH,1871,735.1818025712162,3467.8877676475927,True
LAMBETH,1871,1949.8105889406797,5126.975179201331,True
LAMBETH,1871,1536.5753026457146,8094.418859918447,True
WANDSWORTH,1871,0.0,0.0,False
WANDSWORTH,1871,99.49426532162785,1735.4481605134076,True
WANDSWORTH,1871,124.1376552885755,4016.4722470840584,True
WANDSWORTH,1871,98.52471359041569,6764.464684672922,True
WANDSWORTH,1871,222.22357296165828,3024.1785068149343,True
CAMBERWELL,1871,0.0,0.0,False
CAMBERWELL,1871,7.9749341245723375,2257.057144078526,True
CAMBERWELL,1871,19.02213046519211,3274.9931417814296,True
CAMBERWELL,1871,66.53666581045556,4646.1212951738,True
GREENWICH,1871,0.0,0.0,False
GREENWICH,1871,95.9833600750672,1277.5029351564165,True
GREENWICH,1871,74.24465090656555,1758.5131835548943,True
GREENWICH,1871,4.3226096690081235,3405.5671018792923,False
LEWISHAM,1871,0.6508426392069356,4707.203429215047,False
LEWISHAM,1871,69.07450840764243,6398.872270409519,True
LEWISHAM,1871,25.281822697732736,8326.282027420977,True
LEWISHAM,1871,63.8811322998009,10312.925177962165,True
EPSOM,1871,0.0,0.0,False
EPSOM,1871,2.0370634630899076,5022.959292623502,False
EPSOM,1871,36.91683837209613,12343.69567845929,True
CHERTSEY,1871,0.0,0.0,False
CHERTSEY,1871,73.35469786709024,6328.58897370808,True
CHERTSEY,1871,129.86407978099237,14870.856660062798,True
GUILDFORD,1871,0.0,0.0,False
GUILDFORD,1871,55.67201573725708,8743.86094055584,True
GUILDFORD,1871,1.7035403687739044,11810.308088472122,False
GUILDFORD,1871,72.98884090770996,5812.042337897239,True
GUILDFORD,1871,24.940936311253914,10654.58736135625,True
FARNHAM,1871,66.50159548958199,2543.2652845043663,True
FARNHAM,1871,68.8597474378541,13472.73454970121,True
HAMBLEDON,1871,0.0,0.0,False
HAMBLEDON,1871,15.958333020893512,11017.232016643178,True
DORKING,1871,0.0,0.0,False
DORKING,1871,32.277371879798444,7908.2682829568375,True
REIGATE,1871,0.0,0.0,False
REIGATE,1871,24.92819426936656,7833.356434063329,True
GODSTONE,1871,0.0,0.0,False
CROYDON,1871,0.0,0.0,False
CROYDON,1871,44.598649668611216,5943.908138115832,True
KINGSTON,1871,0.0,0.0,False
KINGSTON,1871,172.72702211172472,5170.840779140423,True
KINGSTON,1871,163.7162479406117,10387.364444631414,True
KINGSTON,1871,47.52213018840289,8917.379098131414,True
RICHMOND,1871,0.0,0.0,False
RICHMOND,1871,42.162815131520006,2459.9520024296216,True
BROMLEY,1871,0.0,0.0,False
BROMLEY,1871,26.666877291963896,6149.356666614143,True
DARTFORD,1871,0.0,0.0,False
DARTFORD,1871,42.45234222944877,7331.198772255293,True
DARTFORD,1871,96.0298575159388,13088.92443746338,True
GRAVESEND,1871,0.0,0.0,False
NORTH AYLESFORD,1871,0.0,0.0,False
NORTH AYLESFORD,1871,12.42073722199549,7051.520661010771,True
HOO,1871,0.0,0.0,False
MEDWAY,1871,0.0,0.0,False
MEDWAY,1871,206.99795783557104,3850.7495853362348,True
MALLING,1871,0.0,0.0,False
MALLING,1871,35.58385668319472,9153.850582941537,True
MALLING,1871,11.831040461669733,9317.731005829433,True
SEVENOAKS,1871,0.0,0.0,False
SEVENOAKS,1871,1.6013874538547777,6562.654563618618,False
SEVENOAKS,1871,36.351090852598524,13513.24104376411,True
TUNBRIDGE,1871,0.0,0.0,False
TUNBRIDGE,1871,79.89319532871122,7509.8916229644665,True
TUNBRIDGE,1871,50.88081451828285,10814.60978013707,True
MAIDSTONE,1871,0.0,0.0,False
MAIDSTONE,1871,48.38597290787576,7327.335025957417,True
MAIDSTONE,1871,28.408871961207545,6474.301775313738,True
MAIDSTONE,1871,83.56533297103685,7230.545944924455,True
MAIDSTONE,1871,79.35993825155157,8704.226825267155,True
HOLLINGBOURN,1871,0.0,0.0,False
HOLLINGBOURN,1871,25.632285510093855,10068.091916010724,True
HOLLINGBOURN,1871,11.226138216719734,10204.026180898309,True
CRANBROOK,1871,0.0,0.0,False
CRANBROOK,1871,0.8733609591555977,5709.214170840186,False
TENTERDEN,1871,0.0,0.0,False
TENTERDEN,1871,21.739567219309976,5439.733210999487,True
WEST ASHFORD,1871,0.0,0.0,False
WEST ASHFORD,1871,15.371937863151489,6692.541332147377,True
EAST ASHFORD,1871,0.0,0.0,False
EAST ASHFORD,1871,28.45816293239795,6964.250893120532,True
EAST ASHFORD,1871,72.78299526047999,14715.98640958585,True
BRIDGE,1871,0.0,0.0,False
BRIDGE,1871,33.528255907468704,8301.676532680996,True
CANTERBURY,1871,0.0,0.0,False
BLEAN,1871,0.0,0.0,False
BLEAN,1871,25.6286446332641,5758.848624552723,True
BLEAN,1871,35.990188525069144,5687.687747313248,True
FAVERSHAM,1871,0.0,0.0,False
FAVERSHAM,1871,59.55548397750968,4451.239366056567,True
FAVERSHAM,1871,27.67571823225769,8787.307451314398,True
MILTON,1871,0.0,0.0,False
SHEPPEY,1871,0.0,0.0,False
SHEPPEY,1871,59.79932886498507,6801.633178956252,True
THANET,1871,0.0,0.0,False
THANET,1871,77.68297933396559,6365.1030577350575,True
THANET,1871,60.603083753785725,7659.728789614944,True
EASTRY,1871,0.0,0.0,False
EASTRY,1871,59.482482165936744,5731.393315753387,True
EASTRY,1871,60.6892059737457,6930.503372600308,True
EASTRY,1871,63.80955339217652,6759.673381804271,True
DOVER,1871,0.0,0.0,False
DOVER,1871,98.79887490217858,4997.538384466548,True
DOVER,1871,100.74989242641166,7819.570222763668,True
ELHAM,1871,2.6894863592430753,98.86663317993258,False
ELHAM,1871,226.34780083801996,7824.291477422377,True
ELHAM,1871,138.73246750561938,7802.437074029935,True
ROMNEY MARSH,1871,0.0,0.0,False
ROMNEY MARSH,1871,21.41250527668837,6256.6344005037045,True
RYE,1871,0.0,0.0,False
RYE,1871,39.45385459231916,6877.613875050442,True
HASTINGS,1871,0.0,0.0,False
HASTINGS,1871,95.4310729265809,3930.1784882072257,True
HASTINGS,1871,72.85078997715144,6363.804715659162,True
BATTLE,1871,0.0,0.0,False
BATTLE,1871,37.52887156603151,9799.214501282886,True
BATTLE,1871,1.5293884914142222,7653.285594465578,False
EASTBOURNE,1871,0.0,0.0,False
EASTBOURNE,1871,11.270613362448193,7494.983903815822,True
HAILSHAM,1871,0.0,0.0,False
HAILSHAM,1871,20.09011627299263,7604.917987142859,True
TICEHURST,1871,0.0,0.0,False
TICEHURST,1871,25.183505419507117,6503.224609456803,True
TICEHURST,1871,2.1202218378698756,7293.997353326206,False
TICEHURST,1871,43.7861337689523,12180.21458109233,True
UCKFIELD,1871,0.0,0.0,False
UCKFIELD,1871,45.686142720583724,10146.666310716018,True
UCKFIELD,1871,78.64552026597231,13837.919659722893,True
UCKFIELD,1871,9.856610414555764,10797.244148403935,True
EAST GRINSTEAD,1871,0.0,0.0,False
EAST GRINSTEAD,1871,31.146337552229298,8416.267578510606,True
EAST GRINSTEAD,1871,2.3960959974899976,15849.29483756534,False
CUCKFIELD,1871,0.0,0.0,False
CUCKFIELD,1871,35.39887898355448,8449.214530295334,True
CUCKFIELD,1871,0.0914201282353585,12975.494186553464,False
LEWES,1871,0.0,0.0,False
LEWES,1871,7.593047883963799,6708.660494753888,True
LEWES,1871,65.06664357406358,7658.573681752748,True
LEWES,1871,15.55436553658294,15741.455424466965,True
LEWES,1871,42.51818653704716,16334.118971466713,True
LEWES,1871,6.670216346215099,9385.457399259769,True
BRIGHTON,1871,0.0,0.0,False
BRIGHTON,1871,682.0475760296629,1161.6785609086453,True
BRIGHTON,1871,12.888017355202338,1753.5255954073284,True
STEYNING,1871,14.6906487175475,747.2748685403564,True
STEYNING,1871,16.68459476786584,7431.143719076755,True
HORSHAM,1871,20.263157474049034,2056.726603313534,True
HORSHAM,1871,29.662971529005706,9818.260901649946,True
HORSHAM,1871,18.758409387720064,6967.349259377539,True
PETWORTH,1871,17.126766828528638,6214.445452075778,True
PETWORTH,1871,2.579394284674272,13284.220771321578,False
THAKEHAM,1871,24.028485232359202,1428.9069778969154,True
THAKEHAM,1871,52.037297530720195,7875.78486518607,True
WESTHAMPNETT,1871,0.0,0.0,False
WESTHAMPNETT,1871,15.76474260192732,5940.703572411925,True
WESTHAMPNETT,1871,77.78272515811354,10666.360504600685,True
WESTHAMPNETT,1871,3.133139258202093,16300.758667798726,False
WESTHAMPNETT,1871,29.484021757708145,11997.437928683757,True
WESTHAMPNETT,1871,0.3744175525085829,16379.695654429723,False
CHICHESTER,1871,91.33314932334281,15526.33533655834,True
MIDHURST,1871,18.07219701348638,608.4462704937703,True
MIDHURST,1871,31.230852662543125,6628.045527593387,True
MIDHURST,1871,41.018534727484784,9380.817144978873,True
WESTBOURNE,1871,0.0,0.0,False
WESTBOURNE,1871,54.68225378448934,7116.273451616156,True
HAVANT,1871,0.0,0.0,False
PORTSEA ISLAND,1871,0.0,0.0,False
PORTSEA ISLAND,1871,92.55320079149114,2698.800458935621,True
PORTSEA ISLAND,1871,96.05706406956882,3052.169392497996,True
PORTSEA ISLAND,1871,22.32224445368704,2235.424688785965,True
ALVERSTOKE,1871,0.0,0.0,False
FAREHAM,1871,0.0,0.0,False
FAREHAM,1871,5.042887268024394,7372.6182205176765,True
ISLE OF WIGHT,1871,0.0,0.0,False
ISLE OF WIGHT,1871,137.09064502651947,5616.773050090069,True
ISLE OF WIGHT,1871,83.1760524516163,11169.870926267236,True
ISLE OF WIGHT,1871,150.8733596223607,12543.873208083696,True
ISLE OF WIGHT,1871,162.93486583584948,11713.462512044442,True
LYMINGTON,1871,0.43938771698060625,13.460023159484468,False
LYMINGTON,1871,42.902606750894954,6988.58452531132,True
CHRISTCHURCH,1871,0.0,0.0,False
RINGWOOD,1871,0.5961562610367079,47.050062837400596,False
FORDINGBRIDGE,1871,6.900802908880877,632.901779861484,True
NEW FOREST,1871,9.670330207825335,681.0398480763349,True
NEW FOREST,1871,1.4997152156843867,16426.768158883475,False
NEW FOREST,1871,6.978172210555904,6696.184730749041,True
SOUTHAMPTON,1871,0.0,0.0,False
SOUTH STONEHAM,1871,0.0,0.0,False
SOUTH STONEHAM,1871,77.36914520820933,4887.079340795823,True
SOUTH STONEHAM,1871,59.352469235600836,8212.676450312178,True
ROMSEY,1871,0.0,0.0,False
ROMSEY,1871,47.868732390660426,6333.505876761666,True
STOCKBRIDGE,1871,0.0,0.0,False
STOCKBRIDGE,1871,23.469079021575777,8233.62488760576,True
WINCHESTER,1871,0.0,0.0,False
WINCHESTER,1871,23.4236039593479,7219.562104548116,True
WINCHESTER,1871,78.07039491282322,10515.928951576701,True
WINCHESTER,1871,4.581672241858785,16126.256749023578,False
WINCHESTER,1871,2.7687982012723986,17347.695437201928,False
DROXFORD,1871,0.0,0.0,False
DROXFORD,1871,9.705742979059378,9200.228229368193,True
DROXFORD,1871,80.5269861518707,8310.844657086709,True
CATHERINGTON,1871,0.0,0.0,False
PETERSFIELD,1871,37.14649212387653,3098.1254982468304,True
PETERSFIELD,1871,11.189808926064437,5971.112440586533,True
ALRESFORD,1871,0.0,0.0,False
ALRESFORD,1871,24.07827088132167,7408.858176012502,True
ALTON,1871,29.45957752620652,2204.6707805689634,True
ALTON,1871,6.840658211636512,10146.024107752208,True
BASINGSTOKE,1871,0.0,0.0,False
BASINGSTOKE,1871,8.590049264038129,7644.307054329063,True
BASINGSTOKE,1871,63.453383469873046,8225.510837412356,True
WHITCHURCH,1871,0.0,0.0,False
ANDOVER,1871,0.0,0.0,False
ANDOVER,1871,12.233769080314866,13708.527962473863,True
ANDOVER,1871,50.08125237137219,7514.146835108565,True
ANDOVER,1871,29.87613235882765,13991.79811740148,True
KINGSCLERE,1871,0.0,0.0,False
KINGSCLERE,1871,30.812891709360468,9473.382507646405,True
NEWBURY,1871,0.0,0.0,False
NEWBURY,1871,57.93598349526533,8238.144542411928,True
NEWBURY,1871,55.01776769682878,9762.310648270586,True
HUNGERFORD,1871,0.0,0.0,False
HUNGERFORD,1871,61.2726754033291,7178.796304832992,True
HUNGERFORD,1871,39.12965101486955,13996.163919821318,True
FARINGDON,1871,0.0,0.0,False
FARINGDON,1871,14.375714484643535,10006.690669592928,True
FARINGDON,1871,5.134016953983082,9304.260451279666,True
ABINGDON,1871,0.0,0.0,False
ABINGDON,1871,73.99637334084575,6000.136752422215,True
ABINGDON,1871,57.628328489041756,7799.079781241594,True
ABINGDON,1871,40.04413023113189,14343.53055911452,True
ABINGDON,1871,56.67180881355639,8861.90760420825,True
WANTAGE,1871,0.0,0.0,False
WANTAGE,1871,46.02040631196955,13358.465815463507,True
WANTAGE,1871,4.986999128220906,9204.908838390542,False
WALLINGFORD,1871,0.0,0.0,False
WALLINGFORD,1871,17.259632768285822,6904.836659123301,True
BRADFIELD,1871,0.0,0.0,False
BRADFIELD,1871,20.637522195048707,10625.68221081613,True
BRADFIELD,1871,38.210784934579465,7293.110199364477,True
READING,1871,0.0,0.0,False
READING,1871,82.69195739066338,2203.2754443771028,True
READING,1871,58.70917361771922,2435.9011530061694,True
WOKINGHAM,1871,0.0,0.0,False
WOKINGHAM,1871,16.43435101896812,7975.569963317176,True
COOKHAM,1871,0.0,0.0,False
COOKHAM,1871,25.45735744781028,6285.799730199154,True
EASTHAMPSTEAD,1871,0.0,0.0,False
EASTHAMPSTEAD,1871,80.31527292528754,8073.314018042396,True
WINDSOR,1871,0.0,0.0,False
WINDSOR,1871,52.63790972162516,5795.910853267642,True
STAINES,1871,0.0,0.0,False
STAINES,1871,20.183915605305845,5614.918099340938,True
UXBRIDGE,1871,0.0,0.0,False
UXBRIDGE,1871,3.3962846262065907,6164.776164889148,False
UXBRIDGE,1871,141.0752520899339,4945.533910953934,True
BRENTFORD,1871,0.0,0.0,False
BRENTFORD,1871,66.58439889477505,3289.5080510406015,True
BRENTFORD,1871,31.772356517350797,5629.465066681814,True
BRENTFORD,1871,82.93757488770788,7221.152871518786,True
BRENTFORD,1871,18.647065181726546,6699.28522838379,True
HENDON,1871,0.0,0.0,False
HENDON,1871,50.87394493325189,4451.8220092446645,True
HENDON,1871,66.7086652221157,8057.341778310789,True
HENDON,1871,36.312173009931264,7717.421996226826,True
BARNET,1871,0.0,0.0,False
BARNET,1871,67.93747240318882,6317.840170923599,True
BARNET,1871,69.96233632596835,10068.382349019435,True
EDMONTON,1871,0.0,0.0,False
EDMONTON,1871,53.71141028907378,3383.9491711642436,True
EDMONTON,1871,141.76570385555905,5928.157053430652,True
EDMONTON,1871,301.2448283726833,9852.52990078834,True
EDMONTON,1871,247.85313272632442,15612.536257807062,True
EDMONTON,1871,167.81953099802956,14942.333775041732,True
WARE,1871,0.0,0.0,False
WARE,1871,0.5165091515721549,6834.445889494592,False
WARE,1871,16.04880183248297,7461.282139510194,True
WARE,1871,72.1865672710784,12944.340265639981,True
BISHOP STORTFORD,1871,0.0,0.0,False
BISHOP STORTFORD,1871,32.9291939197224,10159.225641079438,True
BISHOP STORTFORD,1871,6.524870268660288,4987.216176090925,True
BISHOP STORTFORD,1871,0.5299073818801064,11302.647248584142,False
ROYSTON,1871,0.0,0.0,False
ROYSTON,1871,19.364526985775576,8316.995500983165,True
ROYSTON,1871,1.0218773679484323,14746.679265714161,False
HITCHIN,1871,0.0,0.0,False
HITCHIN,1871,24.833660298762545,8790.296527172446,True
HERTFORD,1871,0.0,0.0,False
HERTFORD,1871,18.8114712530792,9009.594558014367,True
HATFIELD,1871,0.0,0.0,False
HATFIELD,1871,71.23361430436064,9152.479643269755,True
WATFORD,1871,0.0,0.0,False
WATFORD,1871,30.534656083762506,5628.150672759288,True
WATFORD,1871,23.724592964514212,10671.341611460235,True
WATFORD,1871,36.8022422347371,9016.735800295195,True
HEMEL HEMPSTEAD,1871,0.0,0.0,False
HEMEL HEMPSTEAD,1871,10.10886332573446,5502.611100038295,True
HEMEL HEMPSTEAD,1871,36.800963060592096,11038.015570593121,True
BERKHAMPSTEAD,1871,0.0,0.0,False
BERKHAMPSTEAD,1871,41.95304217436656,7361.728113837743,True
AMERSHAM,1871,0.0,0.0,False
AMERSHAM,1871,99.75799747221065,7022.707118979667,True
AMERSHAM,1871,18.609767485251318,7894.661613531591,True
AMERSHAM,1871,55.4200577312468,13226.298441858245,True
AMERSHAM,1871,41.21994394569505,10590.166482918052,True
ETON,1871,0.0,0.0,False
ETON,1871,58.85849050179803,7134.635917144903,True
ETON,1871,0.051537712882400055,7201.815617757514,False
WYCOMBE,1871,0.0,0.0,False
WYCOMBE,1871,25.624392020883626,7827.493176600181,True
WYCOMBE,1871,79.1122553932623,7845.638671309972,True
WYCOMBE,1871,46.29632121814471,16163.520096398644,True
WYCOMBE,1871,21.78517559364634,14465.00992724341,True
AYLESBURY,1871,0.0,0.0,False
AYLESBURY,1871,39.85865232583353,9146.823514972757,True
AYLESBURY,1871,7.3059097154481725,16894.117495863666,True
AYLESBURY,1871,42.72901599415308,8070.672659421074,True
WINSLOW,1871,0.0,0.0,False
NEWPORT PAGNELL,1871,0.0,0.0,False
NEWPORT PAGNELL,1871,90.1275433551901,6182.3822239265155,True
NEWPORT PAGNELL,1871,9.565069529010508,11530.49809502921,True
BUCKINGHAM,1871,0.0,0.0,False
BUCKINGHAM,1871,30.657223911046884,7947.486322233139,True
BUCKINGHAM,1871,23.21092282240624,11249.469221860276,True
HENLEY,1871,0.0,0.0,False
HENLEY,1871,55.889166723614395,9428.268770154973,True
THAME,1871,0.0,0.0,False
THAME,1871,14.825806601983354,6390.739266921341,True
THAME,1871,21.450576592224596,10703.708544462035,True
HEADINGTON,1871,0.0,0.0,False
HEADINGTON,1871,32.006879948151266,5286.008410364827,True
OXFORD,1871,0.0,0.0,False
BICESTER,1871,0.0,0.0,False
BICESTER,1871,0.39810292672709907,7266.938317910932,False
WOODSTOCK,1871,0.0,0.0,False
WOODSTOCK,1871,7.344411889917916,11062.934454295833,True
WITNEY,1871,0.0,0.0,False
WITNEY,1871,36.992783834694535,10342.016834321776,True
WITNEY,1871,19.548221655767996,6327.193856725466,True
WITNEY,1871,18.286418202066123,16149.962768354126,True
CHIPPING NORTON,1871,0.0,0.0,False
CHIPPING NORTON,1871,20.554969495444517,9209.78458090122,True
BANBURY,1871,0.0,0.0,False
BANBURY,1871,14.37135840332075,7550.785449029534,True
BANBURY,1871,0.030154601727058673,14501.299221871555,False
BANBURY,1871,18.03134260074944,11172.605470446522,True
BRACKLEY,1871,0.0,0.0,False
BRACKLEY,1871,15.88294256892207,7895.183957114835,True
TOWCESTER,1871,0.0,0.0,False
TOWCESTER,1871,14.124667575216021,6654.522556070785,True
POTTERSPURY,1871,0.0,0.0,False
HARDINGSTONE,1871,0.0,0.0,False
HARDINGSTONE,1871,9.09105191207357,5566.936591322969,True
HARDINGSTONE,1871,33.4202729457362,10060.442569409735,True
NORTHAMPTON,1871,5.266279708673636,162.71325393098428,True
NORTHAMPTON,1871,12.499806134294914,4766.220230192079,True
NORTHAMPTON,1871,50.00434127592032,10699.729336177974,True
DAVENTRY,1871,0.0,0.0,False
DAVENTRY,1871,24.626181668555304,6551.963553528891,True
DAVENTRY,1871,1.9730455266704299,10267.115037446774,False
BRIXWORTH,1871,0.0,0.0,False
BRIXWORTH,1871,27.58516090494406,8220.007873929684,True
BRIXWORTH,1871,14.990282576361649,8335.757314681014,True
WELLINGBOROUGH,1871,0.0,0.0,False
WELLINGBOROUGH,1871,2.204741251870153,8829.363746259494,False
WELLINGBOROUGH,1871,1.4533924321058767,7236.873530190182,False
KETTERING,1871,0.0,0.0,False
KETTERING,1871,36.751952063940955,8134.723222213703,True
KETTERING,1871,35.14801102193133,9176.47022292243,True
THRAPSTON,1871,0.0,0.0,False
THRAPSTON,1871,14.696541436953122,8173.846990985278,True
OUNDLE,1871,0.0,0.0,False
OUNDLE,1871,43.89999363837557,12597.415529091799,True
OUNDLE,1871,3.393845267833987,9118.208256080121,False
PETERBOROUGH,1871,0.0,0.0,False
PETERBOROUGH,1871,22.61992840334488,8224.437540337449,True
PETERBOROUGH,1871,9.372894937307837,17004.01205147389,True
PETERBOROUGH,1871,40.47467054752064,18069.120595479533,True
HUNTINGDON,1871,0.0,0.0,False
HUNTINGDON,1871,23.60421561718985,10059.206122281985,True
HUNTINGDON,1871,5.310134970807582,17127.90540827889,True
HUNTINGDON,1871,0.9412712484418516,13923.781354210962,False
BEDFORD,1871,0.0,0.0,False
BEDFORD,1871,10.68188949974305,4749.423056052365,True
BEDFORD,1871,15.768183420517662,10411.92150604062,True
BEDFORD,1871,33.41796939948969,14706.90587173642,True
BEDFORD,1871,27.7769094234464,14626.256064467087,True
BEDFORD,1871,43.61843862964617,15620.047994864091,True
BEDFORD,1871,7.201793775701678,10063.786791124618,True
BIGGLESWADE,1871,0.0,0.0,False
BIGGLESWADE,1871,20.137772039114058,8642.480094329978,True
AMPTHILL,1871,0.0,0.0,False
AMPTHILL,1871,54.1954564337203,7212.022749331575,True
AMPTHILL,1871,18.81308336433477,15242.235299803559,True
WOBURN,1871,0.0,0.0,False
WOBURN,1871,24.01870993990929,7676.785269050361,True
LEIGHTON BUZZARD,1871,0.0,0.0,False
LEIGHTON BUZZARD,1871,8.775666518393384,4423.938676094175,True
LEIGHTON BUZZARD,1871,48.67094538631873,9243.230827366036,True
LEIGHTON BUZZARD,1871,31.91553524749196,8503.910208930232,True
LUTON,1871,0.0,0.0,False
LUTON,1871,92.1484466527593,7409.617701337868,True
CAXTON,1871,0.0,0.0,False
CHESTERTON,1871,0.0,0.0,False
CHESTERTON,1871,34.36641977764873,10799.333406530766,True
CHESTERTON,1871,36.574579434254595,12381.506035228536,True
CAMBRIDGE,1871,0.0,0.0,False
CAMBRIDGE,1871,73.87305432230855,1614.5264217631723,True
CAMBRIDGE,1871,93.09955692271079,1460.0945559427105,True
CAMBRIDGE,1871,0.8521400427704026,3232.2210695925364,False
LINTON,1871,0.0,0.0,False
LINTON,1871,6.743022636707396,9396.239715315261,True
LINTON,1871,20.955368591555157,12486.905744672198,True
NEWMARKET,1871,0.0,0.0,False
NEWMARKET,1871,28.61494462162822,8863.11164656035,True
NEWMARKET,1871,29.183149133844218,10449.98950167765,True
NEWMARKET,1871,12.486213383868686,8591.889144921419,True
NEWMARKET,1871,39.95320937340222,15573.571336299243,True
ELY,1871,0.0,0.0,False
ELY,1871,14.513467305335853,5883.255266552403,True
ELY,1871,10.223383008776302,11680.507839296302,True
ELY,1871,65.56205245969927,15353.411300476433,True
NORTH WITCHFORD,1871,0.0,0.0,False
NORTH WITCHFORD,1871,14.127128587366991,7490.221786659476,True
WHITTLESEY,1871,0.0,0.0,False
WISBECH,1871,0.0,0.0,False
WISBECH,1871,76.39183858301027,4218.413531500652,True
WISBECH,1871,45.34234885136908,11407.413116654907,True
WISBECH,1871,19.43131973087216,17547.73757927702,True
WISBECH,1871,24.81203147282926,8217.971814561719,True
WISBECH,1871,23.462816595674628,14826.43191656855,True
WEST HAM,1871,0.0,0.0,False
WEST HAM,1871,796.6232591248361,3257.494979621566,True
WEST HAM,1871,484.69132160005825,3130.733570782005,True
WEST HAM,1871,713.5895158349311,6169.313593677422,True
EPPING,1871,0.0,0.0,False
EPPING,1871,22.518871864814326,9281.667824512786,True
EPPING,1871,21.02547453159135,15069.747225565732,True
ONGAR,1871,0.0,0.0,False
ONGAR,1871,2.8348637820665963,8721.21843898829,False
ROMFORD,1871,0.0,0.0,False
ROMFORD,1871,46.70843461386689,5832.148029865965,True
ROMFORD,1871,78.92506530395116,7510.036024471326,True
ROMFORD,1871,19.48832278752759,5794.309421787692,True
ORSETT,1871,0.0,0.0,False
ORSETT,1871,77.12449805927716,8667.800547915576,True
BILLERICAY,1871,0.0,0.0,False
BILLERICAY,1871,35.14036140850341,6968.342756902083,True
BILLERICAY,1871,6.143228487958225,14420.07360293101,True
CHELMSFORD,1871,0.0,0.0,False
CHELMSFORD,1871,88.23447793851224,6635.621921492464,True
CHELMSFORD,1871,32.81925615359641,11314.077064623294,True
CHELMSFORD,1871,35.00178019416148,15100.614510720236,True
CHELMSFORD,1871,47.31267185425164,6820.276737356546,True
ROCHFORD,1871,0.0,0.0,False
ROCHFORD,1871,69.05330129294407,7201.458016247462,True
ROCHFORD,1871,34.2600033106169,9265.26737741701,True
ROCHFORD,1871,40.336949216951,15655.86564212299,True
MALDON,1871,0.0,0.0,False
MALDON,1871,18.73423501969491,6224.769405699136,True
MALDON,1871,24.96242520162463,11147.753147284702,True
MALDON,1871,45.15526337152949,13746.651857941362,True
MALDON,1871,23.579278874267214,12594.28895185629,True
TENDRING,1871,0.0,0.0,False
TENDRING,1871,21.890560932039484,8177.430076567501,True
TENDRING,1871,94.35988480864184,16657.149426377786,True
TENDRING,1871,47.38251437010885,11925.593422395887,True
TENDRING,1871,28.23796373115953,10361.902497255134,True
COLCHESTER,1871,0.0,0.0,False
COLCHESTER,1871,34.64536673297023,3706.5472130296885,True
COLCHESTER,1871,34.95123467273811,3496.269665318146,True
LEXDEN,1871,0.0,0.0,False
LEXDEN,1871,361.9153734355248,6672.021760239447,True
LEXDEN,1871,343.7688369755033,12599.508067775147,True
LEXDEN,1871,318.3030658706089,17002.33034098926,True
LEXDEN,1871,249.90518798363078,13171.325022206398,True
WITHAM,1871,0.0,0.0,False
WITHAM,1871,16.54450389791424,7519.859520871906,True
WITHAM,1871,51.53338702145026,5414.983729998988,True
HALSTEAD,1871,0.0,0.0,False
HALSTEAD,1871,11.892696950483586,9525.130470302125,True
BRAINTREE,1871,0.0,0.0,False
BRAINTREE,1871,35.79458653409895,9765.798485513797,True
BRAINTREE,1871,36.56783025214494,11685.680663596906,True
DUNMOW,1871,0.0,0.0,False
DUNMOW,1871,5.032836392279604,7874.057106328608,True
DUNMOW,1871,21.225976319274057,13541.405930790032,True
DUNMOW,1871,11.032208350976688,8422.999654075575,True
SAFFRON WALDEN,1871,0.0,0.0,False
SAFFRON WALDEN,1871,25.61223646333871,6767.757418143245,True
SAFFRON WALDEN,1871,14.44240801769574,11223.375198200743,True
RISBRIDGE,1871,0.0,0.0,False
RISBRIDGE,1871,3.842584003234365,9735.155607413082,False
RISBRIDGE,1871,12.90445748717718,6599.806461245819,True
SUDBURY,1871,0.9221176341231334,28.157650162252192,False
SUDBURY,1871,1.239583373275972,13128.862902912299,False
SUDBURY,1871,51.23137908545845,6440.358947249763,True
SUDBURY,1871,6.815626760944299,8689.493510223298,True
SUDBURY,1871,5.923191180997004,10410.460156269894,True
COSFORD,1871,0.0,0.0,False
COSFORD,1871,6.116159421513469,9388.68617181492,True
THINGOE,1871,0.0,0.0,False
THINGOE,1871,21.695658893342006,9664.348838980286,True
THINGOE,1871,11.85549502767911,13095.420175893123,True
BURY ST. EDMUNDS,1871,0.0,0.0,False
MILDENHALL,1871,0.0,0.0,False
MILDENHALL,1871,115.06673442361549,7397.696201275136,True
STOW,1871,0.0,0.0,False
STOW,1871,0.4978343825795313,9628.22055026056,False
STOW,1871,17.17992863432535,11025.768635323762,True
HARTISMERE,1871,0.0,0.0,False
HARTISMERE,1871,29.008833728092924,8982.46930869914,True
HARTISMERE,1871,4.986938491104132,7723.331840597879,False
HOXNE,1871,0.0,0.0,False
HOXNE,1871,1.3788164235918516,8488.28988245386,False
BOSMERE,1871,0.0,0.0,False
BOSMERE,1871,8.001016525055014,9070.94199862739,True
SAMFORD,1871,0.0,0.0,False
SAMFORD,1871,0.8366474024059203,8854.403867172601,False
IPSWICH,1871,0.02274428328203298,0.3713813683016034,False
IPSWICH,1871,50.05418416355825,3681.368339103018,True
IPSWICH,1871,41.04500604776959,2427.498946948399,True
WOODBRIDGE,1871,0.0,0.0,False
WOODBRIDGE,1871,33.43697176163209,10954.193679429349,True
WOODBRIDGE,1871,10.592864443713124,13074.891659990233,True
WOODBRIDGE,1871,41.22547507413184,7089.322850282729,True
PLOMESGATE,1871,0.0,0.0,False
PLOMESGATE,1871,7.239047830103289,5108.453926330319,True
PLOMESGATE,1871,30.677335187297984,10968.958129772369,True
PLOMESGATE,1871,102.13649631962866,18849.500283846068,True
PLOMESGATE,1871,21.696197916708773,16816.201676694953,True
PLOMESGATE,1871,3.082288558776475,10856.662342039905,False
BLYTHING,1871,0.0,0.0,False
BLYTHING,1871,29.938732832561076,10767.683725669089,True
BLYTHING,1871,20.199045468017854,12367.419064276679,True
WANGFORD,1871,0.0,0.0,False
WANGFORD,1871,11.299039222483803,9168.33747055737,True
MUTFORD,1871,0.0,0.0,False
MUTFORD,1871,17.62106404223117,7706.6256563989955,True
MUTFORD,1871,0.2437648851031502,14005.15251722777,False
YARMOUTH,1871,0.0,0.0,False
YARMOUTH,1871,93.7000164144846,2694.5176636147244,True
FLEGG,1871,0.0,0.0,False
FLEGG,1871,20.2260460266274,5497.898911330829,True
ERPINGHAM,1871,0.0,0.0,False
ERPINGHAM,1871,13.616772182367423,9973.974178756556,True
ERPINGHAM,1871,24.523551737874662,18806.349271442166,True
AYLSHAM,1871,0.0,0.0,False
AYLSHAM,1871,32.1302359340614,12194.552977825346,True
ST. FAITHS,1871,0.0,0.0,False
ST. FAITHS,1871,28.42701676160713,10485.319035104614,True
NORWICH,1871,0.0,0.0,False
NORWICH,1871,0.31314225524720996,2760.056414496507,False
NORWICH,1871,78.1108229807891,3255.9198932279296,True
NORWICH,1871,122.99447329101191,3671.370400229998,True
NORWICH,1871,87.45448974924119,2122.360501686194,True
FOREHOE,1871,0.0,0.0,False
FOREHOE,1871,45.54934978703912,8894.931520924925,True
HENSTEAD,1871,0.0,0.0,False
HENSTEAD,1871,6.927290009337496,8891.675673277414,True
BLOFIELD,1871,0.0,0.0,False
BLOFIELD,1871,45.393626617607566,8144.940782250547,True
LODDON,1871,0.0,0.0,False
LODDON,1871,20.68410573545671,9307.729199634303,True
LODDON,1871,35.0389894170652,11496.191726197882,True
DEPWADE,1871,0.0,0.0,False
DEPWADE,1871,7.611767906946572,10357.002757554774,True
DEPWADE,1871,11.873853752809637,6592.211972212123,True
DEPWADE,1871,1.5855780296811186,13441.161373454908,False
GUILTCROSS,1871,0.0,0.0,False
GUILTCROSS,1871,33.05285976703299,7811.86623704532,True
WAYLAND,1871,0.0,0.0,False
WAYLAND,1871,18.078192995310992,7912.47169577822,True
MITFORD,1871,0.0,0.0,False
MITFORD,1871,49.73871183155884,7692.505160104314,True
MITFORD,1871,24.081220227426897,13917.315779282364,True
MITFORD,1871,69.28387924410467,7932.501136822909,True
MITFORD,1871,134.6504033146398,15868.433470563972,True
MITFORD,1871,69.80130735962868,16905.06703731173,True
WALSINGHAM,1871,0.0,0.0,False
WALSINGHAM,1871,10.026765036890334,8959.575471134254,True
WALSINGHAM,1871,29.475786029905215,13949.089340368553,True
DOCKING,1871,0.0,0.0,False
DOCKING,1871,3.7778564311617435,12934.900778886671,False
DOCKING,1871,13.31418406825105,8128.952113200898,True
FREEBRIDGE LYNN,1871,0.0,0.0,False
FREEBRIDGE LYNN,1871,15.884483838268798,7422.924924919563,True
FREEBRIDGE LYNN,1871,62.920116124752276,11386.625378969891,True
FREEBRIDGE LYNN,1871,56.61307855475235,8798.215971877231,True
DOWNHAM,1871,0.0,0.0,False
DOWNHAM,1871,5.143364627471612,12061.251139609385,True
DOWNHAM,1871,21.711533063986977,9219.425432153972,True
SWAFFHAM,1871,0.0,0.0,False
SWAFFHAM,1871,2.6696898596668532,8721.093392668767,False
THETFORD,1871,1.038145943971986,113.7633656586713,False
THETFORD,1871,24.889352669858397,18935.314834552333,True
HIGHWORTH,1871,0.0,0.0,False
HIGHWORTH,1871,16.013370749580563,9523.305009789834,True
CRICKLADE,1871,0.0,0.0,False
CRICKLADE,1871,8.044051094893936,10393.448630303266,True
MALMESBURY,1871,0.0,0.0,False
MALMESBURY,1871,28.725322320896424,9924.429303478715,True
CHIPPENHAM,1871,0.0,0.0,False
CHIPPENHAM,1871,22.87811397592315,7344.8256224177485,True
CHIPPENHAM,1871,4.819656569086648,10404.366257369938,False
CHIPPENHAM,1871,14.941281085994465,9986.687172431566,True
CALNE,1871,0.0,0.0,False
MARLBOROUGH,1871,0.0,0.0,False
DEVIZES,1871,0.0,0.0,False
DEVIZES,1871,1.9487114792170093,10244.466573045382,False
DEVIZES,1871,38.200708322838125,9178.035591643187,True
DEVIZES,1871,86.37978798394916,5948.252603690846,True
MELKSHAM,1871,0.0,0.0,False
MELKSHAM,1871,74.66961481853455,7017.534356801511,True
BRADFORD ON AVON,1871,0.0,0.0,False
BRADFORD ON AVON,1871,54.82658238869097,3291.3447518404428,True
WESTBURY,1871,0.0,0.0,False
WESTBURY,1871,151.32909236814334,6825.181681501144,True
WESTBURY,1871,27.33563491326299,4012.6424727448557,True
WARMINSTER,1871,0.0,0.0,False
WARMINSTER,1871,44.586087795939136,4975.3313279678205,True
WARMINSTER,1871,126.50152158042116,10836.146667538813,True
PEWSEY,1871,0.0,0.0,False
PEWSEY,1871,14.289805286241423,8665.507684175222,True
AMESBURY,1871,0.0,0.0,False
AMESBURY,1871,51.83007407960923,9633.825095329363,True
AMESBURY,1871,9.406307270361243,15833.409452348715,True
ALDERBURY,1871,1.6031328075384443,115.4410482862715,False
ALDERBURY,1871,21.814315406037096,7549.646444192305,True
ALDERBURY,1871,62.80713943664485,8611.198297305289,True
ALDERBURY,1871,99.34388881897303,8438.335171309222,True
WILTON,1871,184.63509836367012,484093.43741221033,True
WILTON,1871,271.13967569252424,492644.3166421773,True
TISBURY,1871,0.0,0.0,False
TISBURY,1871,42.67367501538635,6184.6458059741235,True
TISBURY,1871,43.67224455987481,10715.644509797079,True
MERE,1871,0.0,0.0,False
SHAFTESBURY,1871,0.0,0.0,False
SHAFTESBURY,1871,92.05090166545284,7195.8390697489785,True
SHAFTESBURY,1871,71.64336925556704,4754.920013269123,True
STURMINSTER,1871,0.0,0.0,False
STURMINSTER,1871,49.948715534633095,6607.355100505767,True
BLANDFORD,1871,0.0,0.0,False
BLANDFORD,1871,7.152456900528334,10257.065129721192,True
WIMBORNE,1871,0.0,0.0,False
WIMBORNE,1871,58.39832984576475,9852.342876897463,True
WIMBORNE,1871,59.375122677426226,13489.744978851078,True
POOLE,1871,0.0,0.0,False
POOLE,1871,70.02317925571695,4580.545078305916,True
POOLE,1871,48.48429771271782,8300.562621887706,True
WAREHAM,1871,0.0,0.0,False
WAREHAM,1871,10.754104629397089,4898.121184198803,True
WAREHAM,1871,164.58565171807763,12561.78787332864,True
WAREHAM,1871,175.86280150110463,18946.369890584185,True
WEYMOUTH,1871,2.4042439444008163,136.51886529219874,False
WEYMOUTH,1871,74.89481125774637,7155.302677892301,True
WEYMOUTH,1871,84.15044541902006,11551.098203408957,True
WEYMOUTH,1871,33.7900255020227,10913.408076798434,True
DORCHESTER,1871,0.0,0.0,False
DORCHESTER,1871,152.33756872724317,5997.82144131529,True
DORCHESTER,1871,271.0703986385847,9118.344907739982,True
DORCHESTER,1871,388.9353795599109,13452.86026707413,True
SHERBORNE,1871,0.0,0.0,False
SHERBORNE,1871,68.07529025474999,5466.833815120118,True
SHERBORNE,1871,33.76982222688694,7046.933322583387,True
BEAMINSTER,1871,0.0,0.0,False
BEAMINSTER,1871,69.49822905508154,8141.490512784896,True
BEAMINSTER,1871,20.8246402686767,12037.472056456043,True
BEAMINSTER,1871,30.72317317929954,6759.498354298232,True
BRIDPORT,1871,0.0,0.0,False
BRIDPORT,1871,88.58914224934429,5783.679477078117,True
BRIDPORT,1871,12.065430302507838,12538.886508037469,True
AXMINSTER,1871,0.0,0.0,False
AXMINSTER,1871,305.02482977225213,6093.525180815256,True
AXMINSTER,1871,264.7598000578449,11617.357751164129,True
AXMINSTER,1871,303.55382110729937,8208.786614090694,True
HONITON,1871,0.0,0.0,False
HONITON,1871,35.759870182264706,9083.07638829554,True
EXETER,1871,0.0,0.0,False
EXETER,1871,228.3749259256926,1710.5456638602216,True
NEWTON ABBOT,1871,0.0,0.0,False
NEWTON ABBOT,1871,261.0062642740278,9253.692336471426,True
NEWTON ABBOT,1871,256.26751843266635,21496.487211966392,True
NEWTON ABBOT,1871,408.25959225281724,19842.22481978926,True
NEWTON ABBOT,1871,213.37154564485252,11337.494744838972,True
NEWTON ABBOT,1871,67.74211520711452,10876.852146301528,True
TOTNES,1871,0.0,0.0,False
TOTNES,1871,17.858706594333835,7132.258671210093,True
TOTNES,1871,53.292513275744405,7854.873825243089,True
TOTNES,1871,26.57345568616603,6053.474053898317,True
TOTNES,1871,110.81639594083919,16163.133004809239,True
TOTNES,1871,152.67853440130696,17165.504228901773,True
TOTNES,1871,59.80481221124202,9786.691682534558,True
KINGSBRIDGE,1871,0.0,0.0,False
KINGSBRIDGE,1871,33.128155577963604,8794.72259816429,True
KINGSBRIDGE,1871,18.60931128015678,13325.847747859423,True
KINGSBRIDGE,1871,20.697131236213394,7581.646836853801,True
KINGSBRIDGE,1871,29.472019716605253,15722.233550508621,True
PLYMOUTH,1871,0.0,0.0,False
PLYMOUTH,1871,30.944541266612273,1628.8088595311192,True
EAST STONEHOUSE,1871,0.0,0.0,False
TAVISTOCK,1871,0.0,0.0,False
TAVISTOCK,1871,59.80085609330384,9631.946176313219,True
TAVISTOCK,1871,71.31678991018326,13135.3286313006,True
TAVISTOCK,1871,71.51874814374668,19116.606755364843,True
OKEHAMPTON,1871,0.0,0.0,False
OKEHAMPTON,1871,15.576115864401988,10219.018231605452,True
OKEHAMPTON,1871,66.00216843533865,11199.445336682724,True
OKEHAMPTON,1871,11.787363308325396,22872.397619099123,True
OKEHAMPTON,1871,6.316781332944482,17691.82646665365,True
CREDITON,1871,0.0,0.0,False
CREDITON,1871,35.12153616871458,9314.790398632038,True
CREDITON,1871,42.28104458160354,11645.568140497273,True
CREDITON,1871,8.683442597519173,12089.455115519164,True
TIVERTON,1871,0.0,0.0,False
TIVERTON,1871,30.26786124788848,9046.711043223906,True
TIVERTON,1871,5.109089478718861,11689.867218588783,True
TIVERTON,1871,3.4379546928027325,9393.734916140074,False
TIVERTON,1871,17.913656702320615,13411.487598701391,True
TIVERTON,1871,24.00783612691345,17839.845425393258,True
SOUTH MOLTON,1871,0.0,0.0,False
SOUTH MOLTON,1871,26.437181413388604,12218.36703279397,True
SOUTH MOLTON,1871,28.87309790925822,12912.213056304761,True
BARNSTAPLE,1871,0.0,0.0,False
BARNSTAPLE,1871,171.99738374346447,16766.01429721726,True
BARNSTAPLE,1871,88.8737965451424,9015.379478021372,True
BARNSTAPLE,1871,49.2638724653604,14469.424063550614,True
BARNSTAPLE,1871,115.1146222975662,13250.757334976266,True
BARNSTAPLE,1871,89.91191948097467,7417.925596901997,True
TORRINGTON,1871,0.0,0.0,False
TORRINGTON,1871,11.111989233997749,11568.74016235254,True
TORRINGTON,1871,14.786137466300122,8318.588559992493,True
TORRINGTON,1871,2.7772758759947425,13408.358477604203,False
TORRINGTON,1871,19.906185733728833,7451.41030488805,True
BIDEFORD,1871,0.0,0.0,False
BIDEFORD,1871,76.04025498041463,2420.4466729103865,True
BIDEFORD,1871,401.1437342195873,6920.43566690309,True
BIDEFORD,1871,775.6133401981605,18339.31084317315,True
BIDEFORD,1871,133.09619172318577,12953.4790653353,True
HOLSWORTHY,1871,80.73553265007043,3518.025540177661,True
HOLSWORTHY,1871,59.75005538960658,7027.504440228965,True
HOLSWORTHY,1871,37.12184864060532,9019.43874944497,True
HOLSWORTHY,1871,29.285083372159544,12068.63291641071,True
HOLSWORTHY,1871,34.79943295905489,13321.215273262174,True
STRATTON,1871,0.0,0.0,False
STRATTON,1871,19.504025507234097,7229.503051510211,True
STRATTON,1871,51.40592841711621,15939.006155779201,True
CAMELFORD,1871,0.0,0.0,False
CAMELFORD,1871,95.19787569959442,7241.29360468695,True
LAUNCESTON,1871,0.0,0.0,False
LAUNCESTON,1871,6.574186334542052,9278.17431321355,True
LAUNCESTON,1871,34.68299965896631,15859.089149697415,True
LAUNCESTON,1871,82.42896021569453,13148.51859893748,True
LAUNCESTON,1871,16.474141788463278,10715.374991220648,True
LISKEARD,1871,19.643305579105867,1742.0879410000973,True
LISKEARD,1871,57.772394818729936,12090.64711366874,True
LISKEARD,1871,30.735794199744877,17830.70607642363,True
LISKEARD,1871,33.70883938786681,22522.12594908761,True
BODMIN,1871,0.0,0.0,False
BODMIN,1871,55.31724496592453,11898.146325601345,True
BODMIN,1871,8.110586955793824,6883.416077891564,True
BODMIN,1871,33.86652241193714,18650.630756798768,True
TRURO,1871,0.0,0.0,False
TRURO,1871,24.883489822931125,8791.579175243789,True
TRURO,1871,9.112813718238097,15015.3848585656,True
TRURO,1871,44.48683944876775,6343.8011149620115,True
TRURO,1871,53.930828735017485,11283.42068560703,True
TRURO,1871,55.381684275469425,11364.395891012073,True
FALMOUTH,1871,0.0,0.0,False
FALMOUTH,1871,19.367541949039488,5347.708351369833,True
FALMOUTH,1871,46.710260763599706,2382.0027600575863,True
FALMOUTH,1871,149.24864693365484,8696.54389248639,True
HELSTON,1871,0.0,0.0,False
HELSTON,1871,45.44941720498583,7612.415054504963,True
HELSTON,1871,54.04021426974518,12769.059838397934,True
HELSTON,1871,49.759465603139404,7458.683086856857,True
HELSTON,1871,59.07681328772632,5408.791109642209,True
REDRUTH,1871,0.0,0.0,False
REDRUTH,1871,66.6576047916716,5279.135498359967,True
REDRUTH,1871,24.603925587519583,7211.277814522311,True
REDRUTH,1871,38.63182547939433,9376.069325935696,True
REDRUTH,1871,8.564456525119244,13808.729536065612,True
PENZANCE,1871,0.0,0.0,False
PENZANCE,1871,22.22096258001284,6541.091350977031,True
PENZANCE,1871,57.690643843371234,4294.11578364405,True
PENZANCE,1871,11.353575968901351,8513.412326925074,True
PENZANCE,1871,16.843065110788068,14143.3811609172,True
PENZANCE,1871,3.7495413151014665,16866.121302415384,False
SCILLY ISLANDS,1871,0.0,0.0,False
WILLITON,1871,0.0,0.0,False
WILLITON,1871,1.6804797611821904,9548.026438215174,False
WILLITON,1871,31.105557506521393,17771.981545553026,True
WILLITON,1871,39.3101347753277,30571.3137816783,True
WILLITON,1871,17.772929000102355,24083.093718192235,True
WELLINGTON,1871,0.0,0.0,False
WELLINGTON,1871,43.297547770019285,5065.050844408223,True
WELLINGTON,1871,31.626920963755218,10766.741436506658,True
WELLINGTON,1871,91.58664737740996,13734.27844502557,True
TAUNTON,1871,0.0,0.0,False
TAUNTON,1871,28.038723625996138,11850.708690925809,True
TAUNTON,1871,82.91808538176569,6670.57941789319,True
TAUNTON,1871,46.54959592219908,9997.354294790832,True
TAUNTON,1871,36.1907366256316,15083.055190310828,True
BRIDGWATER,1871,0.0,0.0,False
BRIDGWATER,1871,4.1838947228586365,8360.142137296247,False
BRIDGWATER,1871,38.921684026701556,14073.409379964967,True
BRIDGWATER,1871,62.47101512446297,7757.802399990835,True
BRIDGWATER,1871,16.551413571902415,11326.507296764277,True
BRIDGWATER,1871,15.249730167137404,17943.14771330255,True
LANGPORT,1871,0.0,0.0,False
LANGPORT,1871,0.6229420397291466,8533.883845417557,False
LANGPORT,1871,18.418892660032434,15880.842465600534,True
CHARD,1871,0.0,0.0,False
CHARD,1871,9.074820018601491,9240.834725122317,True
CHARD,1871,43.39891946719322,7854.724392963802,True
CHARD,1871,21.2909975456148,8381.565144534014,True
YEOVIL,1871,0.0,0.0,False
YEOVIL,1871,66.43326539173115,7614.827167087844,True
YEOVIL,1871,26.14205732292737,8999.948726888731,True
YEOVIL,1871,49.09928147132376,6965.644624391599,True
YEOVIL,1871,32.71362806353276,11206.252053256663,True
WINCANTON,1871,0.0,0.0,False
WINCANTON,1871,2.4962955759418923,9575.477579642817,False
WINCANTON,1871,16.35290117528993,10337.301299322145,True
WINCANTON,1871,16.482292300267353,9962.15532638725,True
FROME,1871,0.0,0.0,False
FROME,1871,60.567210087568604,5721.13708461148,True
FROME,1871,46.40606175141422,11174.990606302126,True
FROME,1871,44.12545319933438,8398.920469248624,True
SHEPTON MALLET,1871,0.0,0.0,False
SHEPTON MALLET,1871,68.51554141347215,11232.289011633766,True
SHEPTON MALLET,1871,29.199921373343717,6342.713345476714,True
WELLS,1871,0.0,0.0,False
WELLS,1871,6.6478494273327025,10603.079668841028,True
AXBRIDGE,1871,0.0,0.0,False
AXBRIDGE,1871,4.71302732313381,8934.974998738278,False
AXBRIDGE,1871,19.685908522888926,14325.320913338835,True
AXBRIDGE,1871,7.742188074943828,7321.8330038492795,True
AXBRIDGE,1871,10.935127208749746,14111.032855716549,True
CLUTTON,1871,0.0,0.0,False
CLUTTON,1871,19.54783189633625,6681.602461343916,True
CLUTTON,1871,52.381256630186876,9051.551983233676,True
CLUTTON,1871,33.49805302324261,10333.94653415554,True
BATH,1871,0.0,0.0,False
BATH,1871,74.70535116041387,6078.966717058723,True
BATH,1871,98.0524594697197,5795.790529754332,True
BATH,1871,85.57300188337508,3916.245548771154,True
BATH,1871,98.13017080936105,6519.79035800125,True
BATH,1871,97.76648032739243,7026.743141545005,True
BATH,1871,27.204126280497547,8799.137281525047,True
KEYNSHAM,1871,0.0,0.0,False
KEYNSHAM,1871,43.90276892565186,5240.37637403752,True
KEYNSHAM,1871,13.046423919011986,7154.048791267212,True
KEYNSHAM,1871,8.257597167840824,5722.441352441405,True
BEDMINSTER,1871,0.0,0.0,False
BEDMINSTER,1871,409.03000574288893,5771.729413506368,True
BEDMINSTER,1871,338.4216474849854,15173.426697935167,True
BEDMINSTER,1871,228.215409237112,10668.142169814606,True
BRISTOL,1871,0.0,0.0,False
BRISTOL,1871,47.27144537006998,703.4927826726606,True
BRISTOL,1871,3.6649033931188644,1359.728753941356,False
BRISTOL,1871,52.14232303461968,1242.323523880233,True
BRISTOL,1871,36.21478400432965,1235.9440360069418,True
CLIFTON,1871,0.0,0.0,False
CLIFTON,1871,105.85927977271162,3636.9904106944696,True
CLIFTON,1871,102.53614291874995,5494.175906895308,True
CLIFTON,1871,6.890233627635875,3347.9570900849635,True
CLIFTON,1871,1611.6720615043416,5864.967033486368,True
CLIFTON,1871,991.8345934073427,7464.719793490043,True
CHIPPING SODBURY,1871,0.0,0.0,False
CHIPPING SODBURY,1871,17.50995087933027,6769.672955982579,True
CHIPPING SODBURY,1871,54.200926711162346,8404.782455919707,True
CHIPPING SODBURY,1871,17.40830679915829,5517.910020949449,True
THORNBURY,1871,0.0,0.0,False
THORNBURY,1871,7.568996461593805,7453.0355664179015,True
THORNBURY,1871,5.91668939044036,14539.231008360142,True
DURSLEY,1871,0.0,0.0,False
DURSLEY,1871,37.16535159964155,7233.680314235154,True
DURSLEY,1871,2.034424303748966,7299.708800569797,False
WESTBURY ON SEVERN,1871,0.0,0.0,False
WESTBURY ON SEVERN,1871,17.72319965440704,8144.8948190477495,True
NEWENT,1871,0.0,0.0,False
NEWENT,1871,4.064339509319397,5901.163795968001,False
GLOUCESTER,1871,0.0,0.0,False
GLOUCESTER,1871,97.5054412554511,2537.569278722595,True
GLOUCESTER,1871,99.62736203157289,3128.196279714636,True
GLOUCESTER,1871,32.08310682793046,6224.9182032854405,True
WHEATENHURST,1871,0.0,0.0,False
WHEATENHURST,1871,26.695338721773048,5860.026598267219,True
STROUD,1871,0.0,0.0,False
STROUD,1871,217.82693265590237,9011.509291275788,True
STROUD,1871,143.05128504930718,10018.143923695596,True
STROUD,1871,21.789109614317205,5521.942855715098,True
STROUD,1871,22.054460967995873,2988.0743866389575,True
STROUD,1871,54.28074016668405,8043.68977814167,True
STROUD,1871,172.79792016158177,9098.271390023294,True
TETBURY,1871,0.0,0.0,False
TETBURY,1871,61.92689826120375,7006.298804538008,True
CIRENCESTER,1871,0.0,0.0,False
CIRENCESTER,1871,6.076732027899428,9344.09485085735,True
CIRENCESTER,1871,3.2774171152397558,16210.434379862496,False
NORTHLEACH,1871,0.0,0.0,False
NORTHLEACH,1871,29.870099212146066,11610.509924087757,True
STOW ON THE WOLD,1871,0.0,0.0,False
STOW ON THE WOLD,1871,19.08032408992878,7489.016226880665,True
WINCHCOMB,1871,0.0,0.0,False
WINCHCOMB,1871,41.05015354365768,7630.884185090698,True
CHELTENHAM,1871,0.0,0.0,False
CHELTENHAM,1871,81.67316619174531,3018.9889408523904,True
TEWKESBURY,1871,0.0,0.0,False
TEWKESBURY,1871,45.896061819668596,10484.490505514006,True
TEWKESBURY,1871,43.22740279044331,6438.108169811024,True
LEDBURY,1871,0.0,0.0,False
LEDBURY,1871,18.780226651251112,8325.126241659898,True
ROSS,1871,0.0,0.0,False
ROSS,1871,3.641685164395905,7041.126258115265,False
ROSS,1871,4.885385396795683,9126.927198491547,False
HEREFORD,1871,0.0,0.0,False
HEREFORD,1871,22.94124884992719,9016.950407672115,True
HEREFORD,1871,4.348913215632016,10907.18757108277,False
HEREFORD,1871,89.0474282126098,5296.147527304027,True
HEREFORD,1871,19.766819755613568,13217.028342695261,True
HEREFORD,1871,5.6116937367382755,10743.226623857652,True
HEREFORD,1871,10.774833717211617,18454.298048541397,True
WEOBLY,1871,0.0,0.0,False
WEOBLY,1871,31.756794003562337,7814.50781008495,True
BROMYARD,1871,0.0,0.0,False
BROMYARD,1871,31.84647014485841,7956.406178325348,True
BROMYARD,1871,28.980639050885927,8916.16741556199,True
LEOMINSTER,1871,2.7537282221319876,155.0638870012423,False
LEOMINSTER,1871,88.6740360859396,7371.595265648183,True
LEOMINSTER,1871,101.18904039257377,10127.3006490515,True
LUDLOW,1871,0.0,0.0,False
LUDLOW,1871,39.461170648408036,7949.265538894556,True
LUDLOW,1871,21.20600499279302,13697.43267390843,True
LUDLOW,1871,7.7976744763480195,18422.302449281797,True
LUDLOW,1871,11.69581751178959,13088.018886742439,True
CLUN,1871,0.0,0.0,False
CLUN,1871,49.89975430709227,9873.38622348866,True
CLUN,1871,38.6244908225588,15413.277749733004,True
CLUN,1871,56.45182642318998,7169.934530222544,True
CHURCH STRETTON,1871,0.0,0.0,False
CHURCH STRETTON,1871,7.482410913325638,7019.775343383912,True
CLEOBURY MORTIMER,1871,0.0,0.0,False
CLEOBURY MORTIMER,1871,10.016003941061985,7631.020052266683,True
BRIDGNORTH,1871,0.0,0.0,False
BRIDGNORTH,1871,91.15148225458249,5619.674256855268,True
BRIDGNORTH,1871,29.27555500100626,11209.532116788228,True
MADELEY,1871,0.0,0.0,False
MADELEY,1871,141.14027558862907,3404.3603084135107,True
MADELEY,1871,143.080499506491,7010.139760691641,True
MADELEY,1871,161.58082935501963,11363.87764551448,True
ATCHAM,1871,0.0,0.0,False
ATCHAM,1871,68.36683722556232,10997.627471022834,True
ATCHAM,1871,70.22610624635506,17221.536600562933,True
ATCHAM,1871,57.13140234013585,20120.10327245411,True
ATCHAM,1871,79.02834304786073,18247.358580693635,True
ATCHAM,1871,66.32947053477388,13048.590397074888,True
ATCHAM,1871,67.93659895313174,7700.975880850992,True
ATCHAM,1871,77.14003958862924,12080.49277021756,True
ATCHAM,1871,76.69512921866671,10800.100923526872,True
OSWESTRY,1871,0.0,0.0,False
OSWESTRY,1871,33.73065361816905,14141.249557465382,True
OSWESTRY,1871,14.956528282928197,7367.847812310195,True
OSWESTRY,1871,2.459791673311837,12606.83090702574,False
ELLESMERE,1871,0.0,0.0,False
ELLESMERE,1871,105.96711520978563,7879.246101697873,True
ELLESMERE,1871,310.81954750509004,7440.399485760417,True
ELLESMERE,1871,205.81056934577288,19486.06672326603,True
WEM,1871,0.0,0.0,False
WEM,1871,55.75820429752035,7571.186428511041,True
WHITCHURCH,1871,22.740421444376764,212952.17276180827,True
WHITCHURCH,1871,48.62956378538487,220725.9006793907,True
MARKET DRAYTON,1871,0.0,0.0,False
MARKET DRAYTON,1871,37.637089016312956,4735.587794802923,True
MARKET DRAYTON,1871,18.950238349917214,11362.262328538427,True
WELLINGTON,1871,75.08938172799411,197996.05527016925,True
WELLINGTON,1871,27.25501406784079,192592.89424621288,True
WELLINGTON,1871,71.80998114405361,195734.75136289853,True
NEWPORT,1871,0.0,0.0,False
NEWPORT,1871,5.7199037102478245,7948.82298522283,True
STAFFORD,1871,0.0,0.0,False
STAFFORD,1871,17.664123187139314,6108.793826034869,True
STAFFORD,1871,10.359620632565173,10268.774772552702,True
STONE,1871,0.0,0.0,False
STONE,1871,27.876688755643848,10925.870615823362,True
STONE,1871,58.38057512473826,7633.10150868337,True
NEWCASTLE UNDER LYME,1871,0.0,0.0,False
NEWCASTLE UNDER LYME,1871,34.16525196016529,4949.075361302919,True
NEWCASTLE UNDER LYME,1871,65.80747180654835,10745.318781643538,True
WOLSTANTON,1871,0.0,0.0,False
WOLSTANTON,1871,3.325130205467198,5663.816715082231,False
WOLSTANTON,1871,41.36407698753318,4794.177624872772,True
STOKE UPON TRENT,1871,0.0,0.0,False
STOKE UPON TRENT,1871,76.17134009501171,4600.470123946908,True
STOKE UPON TRENT,1871,29.655980559557836,7742.914244149142,True
STOKE UPON TRENT,1871,58.928636787262704,5013.922780316239,True
STOKE UPON TRENT,1871,67.40297750276756,4727.93915311705,True
LEEK,1871,0.0,0.0,False
LEEK,1871,111.99004238053867,7556.215234704314,True
LEEK,1871,47.789191848625414,9533.807992059354,True
LEEK,1871,205.8920955495411,16254.741465203097,True
CHEADLE,1871,0.0,0.0,False
CHEADLE,1871,109.95554084268728,8375.714988278021,True
CHEADLE,1871,39.916591781497615,11133.854816597617,True
CHEADLE,1871,25.55161979642347,6131.162992664362,True
UTTOXETER,1871,0.0,0.0,False
UTTOXETER,1871,31.99390030920164,10167.089185425359,True
UTTOXETER,1871,17.357949217591493,7913.342720099593,True
BURTON UPON TRENT,1871,0.0,0.0,False
BURTON UPON TRENT,1871,8.473112218729012,8938.57260505752,True
BURTON UPON TRENT,1871,40.151524147396856,13076.575855888066,True
BURTON UPON TRENT,1871,33.555885570324996,8422.736726278512,True
TAMWORTH,1871,0.0,0.0,False
TAMWORTH,1871,6.710294543510933,9689.673873585982,True
LICHFIELD,1871,0.0,0.0,False
LICHFIELD,1871,41.499348876635,10178.071841535164,True
LICHFIELD,1871,51.48572713365244,11515.369227493416,True
PENKRIDGE,1871,0.0,0.0,False
PENKRIDGE,1871,3.0223582308978165,7707.334056665899,False
PENKRIDGE,1871,12.808457025672423,10098.796346113857,True
WOLVERHAMPTON,1871,0.0,0.0,False
WOLVERHAMPTON,1871,10.770326589686787,14348.312553033193,True
WOLVERHAMPTON,1871,15.016606932525098,6623.468438704835,True
WOLVERHAMPTON,1871,84.47212882107276,5403.995434482765,True
WOLVERHAMPTON,1871,91.92769220942786,7476.283722992725,True
WOLVERHAMPTON,1871,60.61774255827183,10084.94536411138,True
WOLVERHAMPTON,1871,88.89712368776092,10457.98559301318,True
WALSALL,1871,0.0,0.0,False
WALSALL,1871,88.33722395395424,4729.447456271389,True
WALSALL,1871,69.12735192458325,3346.439186476038,True
WALSALL,1871,451.218662315392,6770.132205459192,True
WEST BROMWICH,1871,0.0,0.0,False
WEST BROMWICH,1871,52.466781719606935,7929.9672650137045,True
WEST BROMWICH,1871,80.93442556635937,6357.873062309935,True
WEST BROMWICH,1871,44.38180909631508,5194.171224622324,True
WEST BROMWICH,1871,72.0286835811131,7254.071333447177,True
DUDLEY,1871,0.0,0.0,False
DUDLEY,1871,36.767939366887376,4792.628978934482,True
DUDLEY,1871,123.47943180547838,6751.2478005474095,True
DUDLEY,1871,3.8959712179106134,2500.542124536193,False
STOURBRIDGE,1871,0.0,0.0,False
STOURBRIDGE,1871,38.282123634934884,6366.111363577176,True
STOURBRIDGE,1871,20.382742498217134,8121.593079903305,True
KIDDERMINSTER,1871,0.0,0.0,False
KIDDERMINSTER,1871,24.612553553875482,6985.549567309493,True
KIDDERMINSTER,1871,6.605777273943332,6775.764345014582,True
KIDDERMINSTER,1871,88.63171405352523,7963.6879982759365,True
KIDDERMINSTER,1871,3.5724305422406655,11550.723115514164,False
TENBURY,1871,0.0,0.0,False
TENBURY,1871,1.7896276921260823,6939.329516447774,False
MARTLEY,1871,0.0,0.0,False
MARTLEY,1871,2.4872385689061347,6018.863424742642,False
MARTLEY,1871,4.910456219626676,8018.591689003532,False
MARTLEY,1871,0.2353774034043269,10835.386095581427,False
WORCESTER,1871,0.0,0.0,False
WORCESTER,1871,57.44710741082943,4473.792497561942,True
WORCESTER,1871,72.13915288944878,3547.0581196385024,True
UPTON ON SEVERN,1871,0.0,0.0,False
UPTON ON SEVERN,1871,3.249946193439203,9604.753869251508,False
UPTON ON SEVERN,1871,37.895266940522696,5910.326515334298,True
EVESHAM,1871,0.0,0.0,False
EVESHAM,1871,59.092665518657306,7721.524997830093,True
PERSHORE,1871,0.0,0.0,False
PERSHORE,1871,10.592610558882692,6180.791954438018,True
PERSHORE,1871,7.378864521994606,10477.825729175882,True
DROITWICH,1871,0.0,0.0,False
DROITWICH,1871,11.260485153495866,10024.22905077705,True
DROITWICH,1871,22.414540442840654,7195.006642247103,True
BROMSGROVE,1871,8.274553360396963,304.0084466694081,True
BROMSGROVE,1871,3.138473141540575,7446.290625445564,False
BROMSGROVE,1871,11.609850057198729,5686.3073151641065,True
KINGS NORTON,1871,0.0,0.0,False
KINGS NORTON,1871,46.844948230425054,6920.938792910249,True
KINGS NORTON,1871,78.28654743681031,11229.333403190052,True
BIRMINGHAM,1871,0.0,0.0,False
BIRMINGHAM,1871,85.4873710426474,1975.1898566086657,True
BIRMINGHAM,1871,82.75070019681645,2799.9630541200695,True
BIRMINGHAM,1871,89.94517382921985,3179.0039656685167,True
BIRMINGHAM,1871,79.91424433717572,2451.192682752305,True
BIRMINGHAM,1871,81.29626337824453,1844.6450151287584,True
BIRMINGHAM,1871,93.85430853016253,2915.7124428028656,True
BIRMINGHAM,1871,72.72087478013096,2600.855362698022,True
BIRMINGHAM,1871,43.94456127520433,1265.65114301126,True
ASTON,1871,0.0,0.0,False
ASTON,1871,53.90676008376937,2771.1670851065373,True
ASTON,1871,473.24629252958334,4946.692981805383,True
ASTON,1871,716.3684898356206,10742.294931552524,True
MERIDEN,1871,0.0,0.0,False
MERIDEN,1871,25.589602053882217,7689.8914433821665,True
ATHERSTONE,1871,0.0,0.0,False
NUNEATON,1871,0.0,0.0,False
FOLESHILL,1871,0.0,0.0,False
FOLESHILL,1871,48.50143125301802,6126.52387215804,True
COVENTRY,1871,0.0,0.0,False
COVENTRY,1871,46.4962274512174,2512.5279158413996,True
RUGBY,1871,0.0,0.0,False
RUGBY,1871,3.767873595518149,11533.807240148528,False
RUGBY,1871,10.852849008094203,8508.689449997952,True
SOLIHULL,1871,0.0,0.0,False
SOLIHULL,1871,44.52206485778966,9367.085465848926,True
SOLIHULL,1871,21.66365022784619,8261.308939143608,True
WARWICK,1871,0.0,0.0,False
WARWICK,1871,83.83258667958997,7733.048096589664,True
WARWICK,1871,23.746488350654786,9856.238933423592,True
WARWICK,1871,71.26379197539116,4180.736990613331,True
WARWICK,1871,14.428174539086635,10702.618157835312,True
STRATFORD ON AVON,1871,0.0,0.0,False
STRATFORD ON AVON,1871,29.277669059718786,6088.202597661016,True
STRATFORD ON AVON,1871,32.16534417670411,9007.234242803903,True
STRATFORD ON AVON,1871,105.93314124637001,13795.092614612739,True
STRATFORD ON AVON,1871,59.92494208970363,19391.447623197168,True
ALCESTER,1871,0.0,0.0,False
ALCESTER,1871,28.31484987409234,6589.2186011075055,True
ALCESTER,1871,23.274166130892663,7592.513816840714,True
ALCESTER,1871,26.150982226120018,12251.22915143175,True
SHIPSTON ON STOUR,1871,0.0,0.0,False
SHIPSTON ON STOUR,1871,12.034729298749374,7512.2118145953455,True
SHIPSTON ON STOUR,1871,7.579520063564208,12343.162067486184,True
SHIPSTON ON STOUR,1871,8.58768821861263,12307.276989682285,True
SOUTHAM,1871,1.3172878684975515,75.5777397535903,False
LUTTERWORTH,1871,0.0,0.0,False
MARKET HARBOROUGH,1871,0.0,0.0,False
BILLESDON,1871,0.0,0.0,False
BLABY,1871,0.0,0.0,False
BLABY,1871,58.636345148288946,6947.521234000672,True
HINCKLEY,1871,30.650875610062013,1091.359052229261,True
HINCKLEY,1871,30.618971966144827,6066.643313797883,True
HINCKLEY,1871,49.46424822207937,4805.090741838842,True
MARKET BOSWORTH,1871,0.0,0.0,False
MARKET BOSWORTH,1871,39.25724070620014,7826.772117899381,True
ASHBY-DE-LA-ZOUCH,1871,0.0,0.0,False
ASHBY-DE-LA-ZOUCH,1871,42.819121959838846,7370.515569743798,True
ASHBY-DE-LA-ZOUCH,1871,18.751078671717213,8143.799755871519,True
ASHBY-DE-LA-ZOUCH,1871,60.94475806004503,7836.247798677017,True
LOUGHBOROUGH,1871,5.454686802409803,389.55886453647867,True
LOUGHBOROUGH,1871,24.351321691463585,10043.296089251455,True
BARROW UPON SOAR,1871,0.0,0.0,False
BARROW UPON SOAR,1871,21.572134183881204,8206.90825980831,True
BARROW UPON SOAR,1871,10.850609448846653,8830.507668562743,True
BARROW UPON SOAR,1871,4.271849325247087,7326.55451080357,False
LEICESTER,1871,0.0,0.0,False
LEICESTER,1871,61.12839450835922,2058.157485800484,True
OAKHAM,1871,4.166684353003682,400.1067398748567,False
UPPINGHAM,1871,11.736640617236386,828.0480089324923,True
UPPINGHAM,1871,22.85039546275286,5938.569145087374,True
UPPINGHAM,1871,3.814866861244156,7128.9631757743655,False
STAMFORD,1871,0.0,0.0,False
STAMFORD,1871,43.60254854812287,7713.372566249228,True
BOURN,1871,0.0,0.0,False
BOURN,1871,27.80543129153317,14738.35373689289,True
BOURN,1871,68.52496422168014,9044.999337219262,True
BOURN,1871,50.89532858316396,17202.490983305437,True
SPALDING,1871,0.0,0.0,False
SPALDING,1871,29.030976437882256,9374.542535555858,True
SPALDING,1871,15.897366359910869,5352.237127694675,True
SPALDING,1871,8.61210463114329,5679.0075235863615,True
SPALDING,1871,19.892533976987842,9144.305055329776,True
SPALDING,1871,2.583996209328693,9145.887928796777,False
HOLBEACH,1871,0.0,0.0,False
HOLBEACH,1871,129.63903658987022,14219.257719320653,True
HOLBEACH,1871,112.72514685151019,12706.450570644216,True
BOSTON,1871,0.0,0.0,False
BOSTON,1871,36.54587946515579,14470.300548430347,True
BOSTON,1871,8.184566364927823,13115.459524920409,True
BOSTON,1871,60.79351292543036,8201.66267640178,True
BOSTON,1871,30.707523202700287,9119.92724034392,True
SLEAFORD,1871,3.6993930310178365,387.10359226566703,False
SLEAFORD,1871,12.155044339570072,10778.9835456304,True
SLEAFORD,1871,32.84488275452524,15799.059711462154,True
SLEAFORD,1871,14.427984069430593,12704.519982299995,True
SLEAFORD,1871,42.42575903032202,19961.548933560258,True
GRANTHAM,1871,0.0,0.0,False
GRANTHAM,1871,5.87154833716947,11674.64128637572,True
GRANTHAM,1871,6.162692221692433,12364.279664123464,True
LINCOLN,1871,0.0,0.0,False
LINCOLN,1871,64.09901049677164,7582.845175530555,True
LINCOLN,1871,23.19103716344724,14877.061327655823,True
HORNCASTLE,1871,0.46955795084870344,19.812480221759923,False
HORNCASTLE,1871,16.775633565841677,7287.361608644694,True
HORNCASTLE,1871,17.068419537824838,14162.590648277277,True
HORNCASTLE,1871,9.62869314275175,18508.927805517425,True
SPILSBY,1871,0.0,0.0,False
SPILSBY,1871,107.44069965396976,11975.197846293811,True
SPILSBY,1871,157.36519983982657,6991.829724130687,True
SPILSBY,1871,94.60214209001002,17309.545067859915,True
SPILSBY,1871,179.044769355994,19231.521736069983,True
LOUTH,1871,0.0,0.0,False
LOUTH,1871,45.96504089143289,12537.061619331713,True
LOUTH,1871,6.786195566657143,22276.8529714559,True
LOUTH,1871,13.82284098585119,9815.846521569509,True
LOUTH,1871,5.23653238055424,20430.692651255387,True
CAISTOR,1871,0.0,0.0,False
CAISTOR,1871,37.56043495419335,12384.571082613063,True
CAISTOR,1871,23.944347192898675,21726.72270691216,True
GLANFORD BRIGG,1871,0.0,0.0,False
GLANFORD BRIGG,1871,1.926742900881716,11824.102199004154,False
GLANFORD BRIGG,1871,12.098224139797153,14513.731052091909,True
GAINSBOROUGH,1871,0.0,0.0,False
GAINSBOROUGH,1871,111.90249532219556,10688.950132358901,True
GAINSBOROUGH,1871,9.086969263392202,9074.597153732768,True
GAINSBOROUGH,1871,69.42819377558995,10016.416385120921,True
GAINSBOROUGH,1871,90.16922395506111,17747.25258128347,True
GAINSBOROUGH,1871,11.053908672742812,21869.025138102388,True
EAST RETFORD,1871,0.0,0.0,False
EAST RETFORD,1871,26.016615153275403,6517.97734724072,True
EAST RETFORD,1871,22.694195993023666,11499.422334025507,True
EAST RETFORD,1871,29.77835414314533,17799.323665268163,True
WORKSOP,1871,0.0,0.0,False
WORKSOP,1871,4.611146006239985,10081.51640839581,False
WORKSOP,1871,20.034932268538718,9918.776691893507,True
WORKSOP,1871,1.5756916658582805,7468.847366486586,False
MANSFIELD,1871,0.0,0.0,False
MANSFIELD,1871,34.61852930746986,7810.740104800469,True
MANSFIELD,1871,37.24116858758087,14170.549233253318,True
MANSFIELD,1871,34.87427133531672,9222.6093965518,True
MANSFIELD,1871,40.06373395821889,5526.283096990751,True
MANSFIELD,1871,45.198594304009845,10263.662278394202,True
BASFORD,1871,0.0,0.0,False
BASFORD,1871,63.120937835233015,7898.463650506892,True
BASFORD,1871,69.8955300441343,12178.507200847143,True
BASFORD,1871,60.9372531542649,6765.076943375623,True
BASFORD,1871,19.087289499742518,10614.207795537328,True
BASFORD,1871,62.66461845957912,16707.385992534426,True
BASFORD,1871,36.53523709435072,20195.52819127696,True
RADFORD,1871,0.0,0.0,False
RADFORD,1871,63.65612393626358,2606.4846900557673,True
RADFORD,1871,112.94677774697377,8742.100267154745,True
RADFORD,1871,48.449868352792016,4291.838173899874,True
NOTTINGHAM,1871,0.0,0.0,False
NOTTINGHAM,1871,62.16911553918314,1772.506920311249,True
NOTTINGHAM,1871,116.85847065090924,1532.432756215901,True
NOTTINGHAM,1871,63.206664577926155,1480.7348239943844,True
NOTTINGHAM,1871,24.480085184297476,2002.9583995540975,True
NOTTINGHAM,1871,63.27843699100208,1624.8244881495357,True
NOTTINGHAM,1871,89.83011242406953,741.4610634769884,True
SOUTHWELL,1871,0.1365206829933362,11.728550911161056,False
SOUTHWELL,1871,23.196357398040767,11801.856057192696,True
NEWARK,1871,1.588360604222597,44.88627228831056,False
NEWARK,1871,14.29097831836463,9375.314977200029,True
NEWARK,1871,91.85452887639046,11773.259119218492,True
NEWARK,1871,4.177050905093244,19651.090129540353,False
NEWARK,1871,0.7636267615095267,19231.20851406465,False
BINGHAM,1871,0.0,0.0,False
BINGHAM,1871,11.903970821196221,10377.821923368838,True
SHARDLOW,1871,0.0,0.0,False
SHARDLOW,1871,5.95816465873795,7699.009667686225,True
SHARDLOW,1871,1.7247718309601028,9216.856805450476,False
SHARDLOW,1871,34.089834194189486,8167.270805744779,True
SHARDLOW,1871,23.468252232639387,12282.484150928538,True
DERBY,1871,0.0,0.0,False
DERBY,1871,24.37200247026204,1941.6275094547916,True
BELPER,1871,0.0,0.0,False
BELPER,1871,44.83479659559762,8626.409674589182,True
BELPER,1871,83.32442487115878,7204.065973435971,True
BELPER,1871,28.68429754973272,12477.120411068703,True
BELPER,1871,76.73452500395005,16078.472951492995,True
BELPER,1871,27.170097717239212,10048.008778028792,True
ASHBORNE,1871,0.0,0.0,False
ASHBORNE,1871,32.41804874527428,10888.277294909869,True
ASHBORNE,1871,24.8379768355421,5795.5887986755615,True
ASHBORNE,1871,20.254870021302807,14786.286190835122,True
ASHBORNE,1871,15.981213192142313,18215.43207801249,True
ASHBORNE,1871,9.737273870573059,13332.56609575305,True
CHESTERFIELD,1871,0.0,0.0,False
CHESTERFIELD,1871,24.567736422475143,8319.980046376828,True
CHESTERFIELD,1871,49.87409286114733,12553.381739455497,True
CHESTERFIELD,1871,26.872750329558897,17228.31369821802,True
CHESTERFIELD,1871,30.254386045957887,15443.907063538374,True
BAKEWELL,1871,0.0,0.0,False
BAKEWELL,1871,64.27030447160816,10780.034351982707,True
BAKEWELL,1871,45.457697363610556,10134.631433127992,True
CHAPEL-EN-LE-FRITH,1871,0.0,0.0,False
CHAPEL-EN-LE-FRITH,1871,340.32269234919846,14205.695865255788,True
HAYFIELD,1871,0.0,0.0,False
HAYFIELD,1871,18.61737314308889,8169.973895234663,True
STOCKPORT,1871,0.5650192772721813,16.837404591113298,False
STOCKPORT,1871,1.3596915919098438,4100.65361929031,False
STOCKPORT,1871,29.40862474618187,7558.905945075211,True
STOCKPORT,1871,73.24726529565446,5697.873682395164,True
STOCKPORT,1871,74.75343460004893,4921.153843961057,True
STOCKPORT,1871,36.34452571809986,8773.835757836077,True
STOCKPORT,1871,5.547069812888686,4241.9402955708265,True
MACCLESFIELD,1871,0.0,0.0,False
MACCLESFIELD,1871,36.23834291359683,4475.463688931651,True
MACCLESFIELD,1871,13.367411960498318,8782.030205502884,True
MACCLESFIELD,1871,94.40927669085524,7783.073156022367,True
MACCLESFIELD,1871,86.72504630052032,7021.690283236655,True
MACCLESFIELD,1871,1.2283476706789254,12791.518345700362,False
MACCLESFIELD,1871,29.249679227276943,11988.692250732092,True
MACCLESFIELD,1871,0.7821044136557289,9365.248233131208,False
ALTRINCHAM,1871,0.0,0.0,False
ALTRINCHAM,1871,22.610699432460272,6780.6644699081,True
ALTRINCHAM,1871,24.438777671360683,12646.902891729733,True
ALTRINCHAM,1871,47.22381317782131,8908.498174864844,True
RUNCORN,1871,0.0,0.0,False
RUNCORN,1871,27.584219583035797,4762.562912357949,True
RUNCORN,1871,11.38097982613944,9251.639128457397,True
RUNCORN,1871,32.19643804256946,13050.265794821873,True
NORTHWICH,1871,0.0,0.0,False
NORTHWICH,1871,29.62940267251074,10441.353302883346,True
NORTHWICH,1871,3.9299677569139826,7195.194858132337,False
NORTHWICH,1871,22.90753210304432,11873.879017281053,True
CONGLETON,1871,14.33844531357301,535.0260559615289,True
CONGLETON,1871,47.258723513130626,10104.580483692693,True
CONGLETON,1871,72.70703160203904,7514.055458738796,True
NANTWICH,1871,0.0,0.0,False
NANTWICH,1871,34.16111668161984,7875.494611665269,True
NANTWICH,1871,16.73127532081709,15908.849202826013,True
NANTWICH,1871,7.581792878376298,11906.311011157297,True
WIRRAL,1871,0.0,0.0,False
WIRRAL,1871,2.5434582289378396,4691.727016268066,False
WIRRAL,1871,10.475527248189952,10546.71491700387,True
LIVERPOOL,1871,0.0,0.0,False
LIVERPOOL,1871,86.23117796774736,822.0848679032899,True
LIVERPOOL,1871,65.22358795144049,1134.6844625736862,True
LIVERPOOL,1871,64.69821773846343,1817.77635604794,True
LIVERPOOL,1871,69.97156367692065,2609.8257114810185,True
LIVERPOOL,1871,23.8337456506764,2546.0786510059993,True
LIVERPOOL,1871,48.13267213999094,1460.4760612530717,True
WEST DERBY,1871,0.0,0.0,False
WEST DERBY,1871,40.96033865774107,5373.033372877832,True
WEST DERBY,1871,263.01978961455404,9266.726024849218,True
WEST DERBY,1871,181.16593293015336,15008.817655898374,True
WEST DERBY,1871,124.90418399308287,11258.6383041866,True
WEST DERBY,1871,210.4223902700872,5791.836436332662,True
WEST DERBY,1871,125.34699915022598,3159.412846177225,True
PRESCOT,1871,0.0,0.0,False
PRESCOT,1871,67.74472315965644,4172.227465928123,True
PRESCOT,1871,29.53131231788581,8299.744945266768,True
PRESCOT,1871,36.92342332518746,7719.682414785826,True
PRESCOT,1871,13.209335750781257,9047.625428641135,True
PRESCOT,1871,22.890405085472274,12800.356543560369,True
PRESCOT,1871,23.514897668736694,16731.001123563015,True
ORMSKIRK,1871,0.0,0.0,False
ORMSKIRK,1871,16.96579921414627,5054.865198093398,True
ORMSKIRK,1871,1.4497775716436554,11243.385023795237,False
ORMSKIRK,1871,20.212370606162718,13414.883648255689,True
ORMSKIRK,1871,23.93853567398078,17027.049676734907,True
ORMSKIRK,1871,2.8785773603597584,16613.930283839214,False
ORMSKIRK,1871,23.430266217228123,10921.131996364555,True
ORMSKIRK,1871,94.60334511972383,5603.005956370788,True
ORMSKIRK,1871,7.767519521012253,7638.22051340112,True
WIGAN,1871,0.0,0.0,False
WIGAN,1871,42.76995781472435,7246.278469318398,True
WIGAN,1871,81.2153424749866,6006.288103407322,True
WIGAN,1871,38.527451976143716,10745.71480382756,True
WIGAN,1871,44.52442963503231,6821.800021595226,True
WIGAN,1871,13.404597588125247,6593.896115203062,True
WIGAN,1871,42.639045428998216,11215.290631915752,True
WARRINGTON,1871,0.0,0.0,False
WARRINGTON,1871,17.45014604737615,5010.115287523859,True
WARRINGTON,1871,68.56773108793578,6336.490915633312,True
WARRINGTON,1871,51.80615435922506,7748.697700612386,True
WARRINGTON,1871,24.477066845881502,11117.740161602826,True
WARRINGTON,1871,17.162495744570204,10244.093445522254,True
LEIGH,1871,0.0,0.0,False
LEIGH,1871,110.64546796931837,5636.74168428617,True
LEIGH,1871,42.51473949271195,3982.0005569615614,True
LEIGH,1871,12.773055646066975,8427.287983647808,True
BOLTON,1871,0.0,0.0,False
BOLTON,1871,129.2947355354315,3487.124068839885,True
BOLTON,1871,79.39998244995508,8945.631200215821,True
BOLTON,1871,71.00075315845096,7756.935112139001,True
BOLTON,1871,93.52871762484386,9868.05465310184,True
BOLTON,1871,16.989893931804982,5066.9919297557335,True
BOLTON,1871,188.43483101991401,10420.810898020394,True
BOLTON,1871,110.88507872861268,12947.211618430027,True
BOLTON,1871,89.75944557082673,10950.07131461401,True
BOLTON,1871,61.182874800503285,5251.549278105305,True
BOLTON,1871,72.3849308973295,3503.1380970688797,True
BOLTON,1871,91.75416604803152,4299.501476603467,True
BOLTON,1871,21.15228683179902,1929.141586158162,True
BURY,1871,0.0,0.0,False
BURY,1871,65.61335115834115,3029.3805296983037,True
BURY,1871,49.0729782818075,3818.0018455481286,True
BURY,1871,18.288614832417764,7508.061992613718,True
BURY,1871,65.76484986458853,10181.469262707013,True
BURY,1871,66.38649923270262,7031.38190690471,True
BURY,1871,65.50663814605258,5957.699251489347,True
BURY,1871,1.472510019850635,4900.071441605057,False
BURY,1871,20.091135613562173,8036.300982219444,True
BURY,1871,49.78324787716363,10688.058914308309,True
BARTON UPON IRWELL,1871,0.0,0.0,False
BARTON UPON IRWELL,1871,42.80974501874967,5301.788683119683,True
BARTON UPON IRWELL,1871,25.885156940249498,7021.49121358928,True
CHORLTON,1871,0.0,0.0,False
CHORLTON,1871,38.872266470369546,4886.885696517261,True
CHORLTON,1871,89.54964598754795,4010.7900807380356,True
CHORLTON,1871,86.9174401260509,3534.7410421015247,True
SALFORD,1871,0.0,0.0,False
SALFORD,1871,64.30464988298158,2764.103686400176,True
SALFORD,1871,94.7041266715457,3220.5427187644177,True
SALFORD,1871,68.55001877390238,2780.628183908014,True
MANCHESTER,1871,0.0,0.0,False
MANCHESTER,1871,49.79597933399839,2360.3546066653676,True
MANCHESTER,1871,37.05574568034317,1125.4285176110172,True
MANCHESTER,1871,45.29711711041246,1588.8636097297913,True
MANCHESTER,1871,54.33153277674566,1482.0734294532115,True
MANCHESTER,1871,346.73074848943315,1803.1493550990015,True
MANCHESTER,1871,288.8811844069868,3102.907207142071,True
MANCHESTER,1871,437.31085542329663,4505.154654563919,True
MANCHESTER,1871,448.8884264514863,4632.700141170715,True
MANCHESTER,1871,723.6328370687214,6285.694869470578,True
ASHTON UNDER LYNE,1871,0.0,0.0,False
ASHTON UNDER LYNE,1871,42.40755786845324,3729.8495450798932,True
ASHTON UNDER LYNE,1871,76.40613201537421,5110.478397588868,True
ASHTON UNDER LYNE,1871,4.26359470262867,7993.43234148564,False
ASHTON UNDER LYNE,1871,40.98229290117796,7215.412118526565,True
ASHTON UNDER LYNE,1871,36.19666386704911,5214.587088537403,True
ASHTON UNDER LYNE,1871,29.52730583350392,2355.9680349244545,True
ASHTON UNDER LYNE,1871,544.7138770572018,11452.488381855163,True
ASHTON UNDER LYNE,1871,141.29794533145443,5599.820808236932,True
OLDHAM,1871,0.0,0.0,False
OLDHAM,1871,46.74339070241923,2970.259201984844,True
OLDHAM,1871,81.05794363752045,3327.3393277143728,True
OLDHAM,1871,43.443347405621616,6552.997843778386,True
OLDHAM,1871,66.60089340051789,5036.726321060836,True
OLDHAM,1871,54.979595366441636,6029.898640860148,True
ROCHDALE,1871,0.0,0.0,False
ROCHDALE,1871,208.4853637156237,2358.4985183359445,True
ROCHDALE,1871,53.82110570032111,5980.840934149245,True
ROCHDALE,1871,70.22638524579621,4430.631785088688,True
ROCHDALE,1871,36.472778301102416,5156.405135246446,True
ROCHDALE,1871,209.95229516203858,8226.595648078373,True
ROCHDALE,1871,62.904348138262364,3954.8302475684536,True
ROCHDALE,1871,90.40982917285993,3783.0630542198933,True
ROCHDALE,1871,156.23135325860414,3082.2510722315824,True
ROCHDALE,1871,253.6899783094223,8298.41666691779,True
HASLINGDEN,1871,0.0,0.0,False
HASLINGDEN,1871,32.602282328567156,3798.4070391917876,True
HASLINGDEN,1871,14.680372177491712,7632.675987975247,True
HASLINGDEN,1871,18.55938471890831,8208.18132831302,True
HASLINGDEN,1871,41.740665436584365,9318.562869152147,True
BURNLEY,1871,0.0,0.0,False
BURNLEY,1871,46.72387543102176,7903.547503803909,True
BURNLEY,1871,11.4314148662029,8633.925460864202,True
BURNLEY,1871,71.9696672132686,9406.860790812474,True
CLITHEROE,1871,0.0,0.0,False
CLITHEROE,1871,80.52011755735259,12365.106735551744,True
CLITHEROE,1871,18.31243758827665,18529.069703496327,True
CLITHEROE,1871,15.075744567622431,8345.818255186672,True
CLITHEROE,1871,65.1205219117914,13822.456665912503,True
BLACKBURN,1871,0.0,0.0,False
BLACKBURN,1871,42.48010910219811,4293.263680194487,True
BLACKBURN,1871,28.20408208688429,5456.2858120652345,True
BLACKBURN,1871,33.409862158189874,6737.065264439094,True
BLACKBURN,1871,4.627589150815001,9332.870952250065,False
BLACKBURN,1871,73.5988321865681,12395.952934706596,True
BLACKBURN,1871,10.412470904987533,10649.567726929969,True
CHORLEY,1871,0.0,0.0,False
CHORLEY,1871,5.053196495234136,7173.168913065471,True
CHORLEY,1871,11.778439451834318,8151.19502938477,True
CHORLEY,1871,1.818725123106778,8241.747280684356,False
CHORLEY,1871,21.436934196710318,13489.235350386802,True
PRESTON,1871,0.0,0.0,False
PRESTON,1871,78.72704522433254,6276.770820589014,True
PRESTON,1871,20.333161405140206,9282.838064469433,True
PRESTON,1871,7.135572421224025,15319.267079667317,True
PRESTON,1871,122.42228977101497,11585.574027301955,True
FYLDE,1871,0.0,0.0,False
FYLDE,1871,73.04764407761543,7867.378685278058,True
FYLDE,1871,32.93770387873019,9862.918891241894,True
GARSTANG,1871,0.0,0.0,False
GARSTANG,1871,30.063080750913347,7998.385769149663,True
GARSTANG,1871,147.72641785603128,12476.856513880857,True
LANCASTER,1871,0.0,0.0,False
LANCASTER,1871,77.042162678936,12183.03142825652,True
LANCASTER,1871,73.51824924372957,8134.028117435955,True
LANCASTER,1871,57.40350904326949,18712.92045996292,True
ULVERSTON,1871,0.0,0.0,False
ULVERSTON,1871,13.135406504334224,8489.023118574454,True
ULVERSTON,1871,67.98630035358288,11400.222561816661,True
ULVERSTON,1871,7.224810153110016,18125.52192939666,True
ULVERSTON,1871,6.814689169401722,16810.17099165934,True
ULVERSTON,1871,17.727904893273237,15514.619685344469,True
SEDBERGH,1871,0.0,0.0,False
SEDBERGH,1871,47.53868530262464,7944.582440436824,True
SEDBERGH,1871,0.4332024927074941,9768.403400173735,False
SETTLE,1871,0.0,0.0,False
SETTLE,1871,6.530505004733477,9248.465044588555,True
SETTLE,1871,64.42568474027368,20190.787637736707,True
SETTLE,1871,51.62500995435715,18950.35428470294,True
SETTLE,1871,60.651416667132416,18231.392963531627,True
SKIPTON,1871,0.0,0.0,False
SKIPTON,1871,48.49628944990975,17049.882178132506,True
SKIPTON,1871,51.90513790727134,28662.67417199956,True
SKIPTON,1871,46.7051529650114,30280.820048896447,True
SKIPTON,1871,23.09447603866835,23035.842382148632,True
SKIPTON,1871,38.648219746178896,24153.15136622613,True
SKIPTON,1871,19.879568193917173,14507.736657414374,True
PATELEY BRIDGE,1871,0.0,0.0,False
PATELEY BRIDGE,1871,62.857815769010664,9842.28181583149,True
PATELEY BRIDGE,1871,51.44345779645564,15160.455287341438,True
PATELEY BRIDGE,1871,46.5967199978278,16720.03865915018,True
RIPON,1871,24.377872698005522,4904.22205496742,True
RIPON,1871,39.9758134649495,9335.958848465516,True
RIPON,1871,29.518268639342953,11753.890905888902,True
RIPON,1871,41.627745759819064,12589.032264384754,True
KNARESBOROUGH,1871,46.7450471315595,7409.882026490211,True
KNARESBOROUGH,1871,70.86209910160109,14593.225254842924,True
KEIGHLEY,1871,0.0,0.0,False
KEIGHLEY,1871,4.93311923927206,7561.524666233277,False
KEIGHLEY,1871,41.55588346934336,9732.705535280094,True
TODMORDEN,1871,0.0,0.0,False
TODMORDEN,1871,36.68021139465363,7306.256478661862,True
SADDLEWORTH,1871,0.0,0.0,False
SADDLEWORTH,1871,88.88231588008527,4928.1838223811865,True
HUDDERSFIELD,1871,0.0,0.0,False
HUDDERSFIELD,1871,49.61807111683513,5041.0688307558585,True
HUDDERSFIELD,1871,72.22382465040079,8586.502735828368,True
HUDDERSFIELD,1871,8.894224149564305,8642.092952680834,True
HUDDERSFIELD,1871,48.12523532350287,13295.17748583813,True
HUDDERSFIELD,1871,27.274141974846295,15292.275709109606,True
HUDDERSFIELD,1871,64.07246412396668,11574.442245471917,True
HUDDERSFIELD,1871,42.58992409014276,15757.423535034457,True
HUDDERSFIELD,1871,67.73256425156153,12528.48050668139,True
HUDDERSFIELD,1871,86.92672787581517,7717.033497708084,True
HUDDERSFIELD,1871,50.415498079921484,6148.97165083619,True
HALIFAX,1871,0.0,0.0,False
HALIFAX,1871,163.07595686688109,3727.021391357634,True
HALIFAX,1871,16.883250701824057,3634.994740680986,True
HALIFAX,1871,1.5083609745012563,6239.449703543967,False
HALIFAX,1871,159.89500729478627,4655.352658990095,True
HALIFAX,1871,493.20364352807786,12269.28918866406,True
HALIFAX,1871,276.42523365328435,11442.176253604624,True
HALIFAX,1871,168.9804033461592,12687.979883515542,True
HALIFAX,1871,148.30831723004349,10614.22586772976,True
HALIFAX,1871,101.76609117605955,7881.925054256717,True
BRADFORD,1871,0.0,0.0,False
BRADFORD,1871,11.383899684972782,4972.8777062450545,True
BRADFORD,1871,18.48836416795352,3126.175071233803,True
BRADFORD,1871,59.424847507129364,4321.125354893732,True
BRADFORD,1871,71.97543818868247,6717.806025324206,True
BRADFORD,1871,89.67420189470445,6712.771418420738,True
BRADFORD,1871,27.01181376803578,6690.588049028302,True
BRADFORD,1871,53.108572840623516,10277.592400238971,True
BRADFORD,1871,9.228226550242452,11930.229431234233,True
BRADFORD,1871,32.05368854708725,10300.979152120639,True
BRADFORD,1871,4.472023909371506,10028.387822519107,False
BRADFORD,1871,24.944157013500945,9244.097404141135,True
BRADFORD,1871,41.52766688801713,7095.329560066056,True
HUNSLET,1871,76.42979132967184,5085.657420783643,True
HUNSLET,1871,15.396188505000424,9591.504948026546,True
HUNSLET,1871,16.873830219921828,7585.551725529953,True
LEEDS,1871,0.0,0.0,False
LEEDS,1871,25.432893760905934,1265.2887261119338,True
LEEDS,1871,45.40786793701388,2565.301898284158,True
LEEDS,1871,303.7225039598629,5864.625655353812,True
LEEDS,1871,848.3044074619315,3960.26519429049,True
DEWSBURY,1871,0.0,0.0,False
DEWSBURY,1871,36.05297841871089,3736.533217925546,True
DEWSBURY,1871,12.087708390193438,4678.569797016697,True
DEWSBURY,1871,5.885148123851621,6728.097972435643,True
DEWSBURY,1871,20.039420425516447,9052.660287223083,True
DEWSBURY,1871,48.773573803288066,6337.541616590571,True
DEWSBURY,1871,24.29944734398818,4596.735057353345,True
DEWSBURY,1871,7.214125915005836,6852.646699306595,True
DEWSBURY,1871,21.495635991082647,9053.824657332514,True
WAKEFIELD,1871,0.0,0.0,False
WAKEFIELD,1871,50.78087282030389,10543.829363153454,True
WAKEFIELD,1871,51.82754037382762,11613.919815766745,True
WAKEFIELD,1871,95.68882904292484,9682.788757159662,True
WAKEFIELD,1871,87.19634512758367,5180.551447005723,True
WAKEFIELD,1871,67.36823439623588,7990.866511670503,True
WAKEFIELD,1871,31.40221538078116,11974.539031606457,True
PONTEFRACT,1871,10.037450303766233,8364.054553908078,True
PONTEFRACT,1871,1.2772697693358923,16271.37138566084,False
PONTEFRACT,1871,27.56983348584136,8898.91830606014,True
PONTEFRACT,1871,62.39892063022824,4244.713730167057,True
HEMSWORTH,1871,0.0,0.0,False
BARNSLEY,1871,0.0,0.0,False
BARNSLEY,1871,16.521362169616825,4592.755284681963,True
BARNSLEY,1871,25.812726624268006,9600.257479359825,True
BARNSLEY,1871,51.93552623152878,8007.374904239127,True
WORTLEY,1871,0.0,0.0,False
WORTLEY,1871,38.35363837286932,4769.406772090698,True
WORTLEY,1871,157.58217955854772,8127.103796866538,True
WORTLEY,1871,5.612895120358411,8726.291838948526,True
WORTLEY,1871,33.34641205408395,14072.253086581126,True
WORTLEY,1871,348.2723040945262,13566.623064730376,True
ECCLESALL BIERLOW,1871,0.0,0.0,False
ECCLESALL BIERLOW,1871,778.530376608019,6680.446738755825,True
ECCLESALL BIERLOW,1871,294.3136387053232,6719.720795212971,True
ECCLESALL BIERLOW,1871,279.4946348286533,3632.4602885608415,True
SHEFFIELD,1871,0.0,0.0,False
SHEFFIELD,1871,197.93461252324187,623.9591477173882,True
SHEFFIELD,1871,83.87132806860717,910.4769293009078,True
SHEFFIELD,1871,2188.6737678100244,2739.4380490977614,True
SHEFFIELD,1871,2953.59787363867,3127.8017028695626,True
SHEFFIELD,1871,1277.9467325969767,4216.227191363223,True
SHEFFIELD,1871,3795.5720950132863,6211.367912293645,True
ROTHERHAM,1871,0.0,0.0,False
ROTHERHAM,1871,7.524791735261446,4952.152650063361,True
ROTHERHAM,1871,15.723486418939132,9709.115105368708,True
ROTHERHAM,1871,10.866118264751961,13554.73920574414,True
ROTHERHAM,1871,22.250737803367734,8837.948777624102,True
DONCASTER,1871,0.0,0.0,False
DONCASTER,1871,11.509493301306955,10197.68589724805,True
DONCASTER,1871,93.9528487450248,7195.940501379214,True
DONCASTER,1871,3.745226946230641,15039.44731230789,False
DONCASTER,1871,20.202132969731252,10692.451106537863,True
THORNE,1871,0.0,0.0,False
THORNE,1871,110.00607888685268,9818.74856865918,True
THORNE,1871,25.2171085565755,8036.44162773427,True
GOOLE,1871,0.0,0.0,False
GOOLE,1871,43.91310344358882,7696.536927215256,True
GOOLE,1871,27.74086691326068,14622.240487533903,True
SELBY,1871,0.0,0.0,False
SELBY,1871,73.75538671915004,8585.537854438582,True
SELBY,1871,28.1927414651011,10466.445925471948,True
TADCASTER,1871,212.48356890861726,15547.977130953848,True
TADCASTER,1871,94.18155297488914,5164.968751432434,True
TADCASTER,1871,171.1965545389041,5515.880105483267,True
YORK,1871,16.976033890652598,536.5470115430919,True
YORK,1871,39.760323589807,4928.506987058075,True
YORK,1871,28.796744450173296,10724.044248709395,True
YORK,1871,32.97457474218792,9435.172927120964,True
YORK,1871,71.4225911372172,16481.234056645302,True
YORK,1871,58.230002630032565,11621.711825989241,True
YORK,1871,23.354242256286508,11121.569529639823,True
POCKLINGTON,1871,0.0,0.0,False
POCKLINGTON,1871,24.233289146109133,6975.11614217581,True
POCKLINGTON,1871,7.401173989650686,15568.639013842687,True
HOWDEN,1871,0.0,0.0,False
HOWDEN,1871,41.02188802000219,7716.595377504618,True
HOWDEN,1871,148.6018240432261,9406.322504903306,True
HOWDEN,1871,59.916041862608004,7984.713102081606,True
BEVERLEY,1871,0.0,0.0,False
BEVERLEY,1871,32.457108752111786,9968.667578318893,True
BEVERLEY,1871,13.480570939485062,14157.198757901208,True
BEVERLEY,1871,44.252641036642885,17796.669556334367,True
SCULCOATES,1871,0.0,0.0,False
SCULCOATES,1871,127.64341058561655,6704.559176336734,True
SCULCOATES,1871,46.48517624166508,14091.423968735538,True
SCULCOATES,1871,39.79137017129988,9162.37161364108,True
SCULCOATES,1871,38.51824366345925,6623.838770684762,True
SCULCOATES,1871,69.2742720474926,3148.1206288290573,True
SCULCOATES,1871,92.13605812158202,3027.3021126164554,True
SCULCOATES,1871,87.94741677504231,3977.888653701366,True
HULL,1871,0.0,0.0,False
HULL,1871,0.8403279768904266,406.9734513950279,False
HULL,1871,1833.2831379133797,1522.5209579172829,True
PATRINGTON,1871,0.0,0.0,False
SKIRLAUGH,1871,0.0,0.0,False
SKIRLAUGH,1871,56.799936848297335,9533.163695000592,True
SKIRLAUGH,1871,9.183728101117529,4976.2070251758505,True
SKIRLAUGH,1871,31.33301562240989,12808.94356701263,True
SKIRLAUGH,1871,15.621369094156467,17846.277391940825,True
DRIFFIELD,1871,0.0,0.0,False
DRIFFIELD,1871,12.460330193501132,6739.91115560029,True
DRIFFIELD,1871,74.40985890646566,13802.07937518522,True
DRIFFIELD,1871,99.65310394806778,15811.288095522406,True
BRIDLINGTON,1871,0.0,0.0,False
BRIDLINGTON,1871,10.034674420908837,10113.116127085013,True
BRIDLINGTON,1871,79.39753272473378,13820.176128916244,True
SCARBOROUGH,1871,0.0,0.0,False
SCARBOROUGH,1871,33.44541197474038,15316.121800060051,True
SCARBOROUGH,1871,166.4480154141164,12226.876776743311,True
SCARBOROUGH,1871,13.443360829139491,9283.871888964737,True
MALTON,1871,0.0,0.0,False
MALTON,1871,35.70589122494373,11158.515340622218,True
MALTON,1871,48.08700751295572,10961.111933495944,True
MALTON,1871,64.31309189085364,19002.626530808815,True
MALTON,1871,39.74760231046811,20197.536589264168,True
EASINGWOLD,1871,0.0,0.0,False
EASINGWOLD,1871,27.451635697022443,8934.235162135752,True
EASINGWOLD,1871,37.17939357761221,10006.792909132195,True
THIRSK,1871,0.0,0.0,False
THIRSK,1871,33.51933152958597,11580.789143433176,True
THIRSK,1871,17.527823158562924,5910.268028418394,True
THIRSK,1871,15.684875969298057,7643.941815542897,True
THIRSK,1871,34.33583843751419,11864.287206944058,True
HELMSLEY,1871,21.179302769557562,2244.134805995449,True
HELMSLEY,1871,75.93485788100422,13071.798487493712,True
HELMSLEY,1871,31.41499530856729,10250.561251265835,True
PICKERING,1871,0.0,0.0,False
PICKERING,1871,25.187068974467135,9245.829956845495,True
PICKERING,1871,73.07268047755026,12585.288717265208,True
PICKERING,1871,18.66949011820744,16652.888265919155,True
PICKERING,1871,60.03817903264667,11890.203107936597,True
WHITBY,1871,0.0,0.0,False
WHITBY,1871,44.63019701519696,9361.52454849229,True
WHITBY,1871,52.94288753275298,9884.612380163986,True
GUISBROUGH,1871,0.0,0.0,False
GUISBROUGH,1871,6.314338515380906,7404.65202110367,True
GUISBROUGH,1871,9.891768057210152,16068.278637293562,True
GUISBROUGH,1871,22.00063456003429,12062.355163690227,True
GUISBROUGH,1871,80.84658974512571,9817.197646871851,True
STOKESLEY,1871,33.63304180490196,2500.3668120893135,True
STOKESLEY,1871,53.73879384059306,9630.417681341378,True
NORTHALLERTON,1871,0.0,0.0,False
NORTHALLERTON,1871,75.22996169812414,7846.578658618592,True
BEDALE,1871,3.5871057444563514,189.33683896048493,False
BEDALE,1871,3.719787881284251,11979.88653986937,False
LEYBURN,1871,5.507731782950991,167.55664538583457,True
LEYBURN,1871,13.243625178830984,9368.733369149882,True
AYSGARTH,1871,0.0,0.0,False
AYSGARTH,1871,20.75220579841056,12258.253171201313,True
REETH,1871,0.0,0.0,False
REETH,1871,4.031975380463905,11646.276637981291,False
RICHMOND,1871,1550.4092070107126,342563.9898214621,True
RICHMOND,1871,985.00515698749,338309.954674314,True
RICHMOND,1871,746.8885292094106,349436.7529047125,True
RICHMOND,1871,534.0997232195591,350979.0594847496,True
DARLINGTON,1871,0.0,0.0,False
DARLINGTON,1871,26.24913688021861,8269.761651974797,True
STOCKTON,1871,8.826827969348933,2603.033124633087,True
STOCKTON,1871,32.25389581622223,4501.919194022519,True
STOCKTON,1871,28.61328146980809,15035.023143091963,True
AUCKLAND,1871,0.0,0.0,False
AUCKLAND,1871,55.43423352272756,10069.106068606125,True
TEESDALE,1871,0.0,0.0,False
TEESDALE,1871,125.20955365737704,12732.50895554905,True
TEESDALE,1871,229.79898760700812,22145.834869300696,True
WEARDALE,1871,0.0,0.0,False
WEARDALE,1871,7.493319972215673,10038.880390155002,True
WEARDALE,1871,33.06350928411072,19024.57972675622,True
DURHAM,1871,0.0,0.0,False
DURHAM,1871,416.6565478236313,8608.388384526243,True
DURHAM,1871,167.66671058789896,15427.455982713182,True
DURHAM,1871,46.477996803921215,19902.962741653995,True
EASINGTON,1871,0.0,0.0,False
HOUGHTON-LE-SPRING,1871,0.0,0.0,False
HOUGHTON-LE-SPRING,1871,39.01525556661546,5171.144293040028,True
CHESTER-LE-STREET,1871,0.0,0.0,False
CHESTER-LE-STREET,1871,6.397799935650017,6878.506157190097,True
SUNDERLAND,1871,0.0,0.0,False
SUNDERLAND,1871,73.41290643652859,3491.383420720272,True
SUNDERLAND,1871,99.03521196490608,3486.4036564348844,True
SUNDERLAND,1871,95.36755612771641,2938.3732454121077,True
SUNDERLAND,1871,122.52547819732695,2732.990478228865,True
SOUTH SHIELDS,1871,0.0,0.0,False
SOUTH SHIELDS,1871,62.302321177940186,4933.604433448873,True
GATESHEAD,1871,0.0,0.0,False
GATESHEAD,1871,34.26815573531602,3139.7350032131917,True
GATESHEAD,1871,139.08694141958208,8590.881620970167,True
GATESHEAD,1871,488.15571396117525,14359.186102687221,True
NEWCASTLE UPON TYNE,1871,0.0,0.0,False
NEWCASTLE UPON TYNE,1871,43.4942909021633,2238.692842983303,True
NEWCASTLE UPON TYNE,1871,95.76149928217491,2810.9527925939515,True
NEWCASTLE UPON TYNE,1871,90.86078972182644,3695.881823148681,True
NEWCASTLE UPON TYNE,1871,7.573312698605148,4868.093453371945,True
TYNEMOUTH,1871,0.0,0.0,False
TYNEMOUTH,1871,27.919635849222736,3024.207328733031,True
TYNEMOUTH,1871,23.34253307195219,5486.3055438401025,True
TYNEMOUTH,1871,241.79066213518422,4666.864525213238,True
TYNEMOUTH,1871,273.514083316677,7218.407829498028,True
TYNEMOUTH,1871,286.6418041472002,11835.291609402493,True
CASTLE WARD,1871,0.0,0.0,False
CASTLE WARD,1871,15.307144207730566,8788.39230245313,True
HEXHAM,1871,0.0,0.0,False
HEXHAM,1871,4.892146252443856,10208.59924225952,False
HEXHAM,1871,0.4826855685959434,21316.72624307499,False
HEXHAM,1871,1.279208679844726,19564.83828368734,False
HALTWHISTLE,1871,0.0,0.0,False
BELLINGHAM,1871,0.0,0.0,False
BELLINGHAM,1871,58.72332513966691,18116.717998650904,True
MORPETH,1871,0.0,0.0,False
MORPETH,1871,13.4804548746028,12145.469255840371,True
ALNWICK,1871,0.0,0.0,False
ALNWICK,1871,47.97146153484932,8267.075251766164,True
ALNWICK,1871,64.45176540762209,12652.8655973096,True
BELFORD,1871,0.0,0.0,False
BERWICK,1871,0.0,0.0,False
BERWICK,1871,57.13498794899128,10545.227260275484,True
BERWICK,1871,13.922415788528767,11919.210520539269,True
GLENDALE,1871,0.0,0.0,False
GLENDALE,1871,42.40666886017372,13198.075964385223,True
ROTHBURY,1871,0.0,0.0,False
ROTHBURY,1871,7.093157876075493,12976.790228145392,True
ALSTON,1871,0.0,0.0,False
PENRITH,1871,0.0,0.0,False
PENRITH,1871,41.414708553789204,18838.140961177065,True
PENRITH,1871,28.860286193485756,9750.763032944054,True
BRAMPTON,1871,0.0,0.0,False
BRAMPTON,1871,12.129278186120755,7882.8685663206315,True
BRAMPTON,1871,83.00664002716584,16190.420976602696,True
LONGTOWN,1871,0.0,0.0,False
LONGTOWN,1871,22.17378031179143,14922.367276804845,True
CARLISLE,1871,0.0,0.0,False
CARLISLE,1871,36.85817524648358,5419.019606187547,True
CARLISLE,1871,86.9293633430208,8212.326708362025,True
CARLISLE,1871,22.544154794040892,10198.225393953893,True
CARLISLE,1871,39.96182776079347,14322.534002197785,True
CARLISLE,1871,20.751290510723265,10643.2652273427,True
WIGTON,1871,0.0,0.0,False
WIGTON,1871,0.7381746511262436,12178.681037292372,False
WIGTON,1871,18.72485643102403,14463.178401034376,True
COCKERMOUTH,1871,0.0,0.0,False
COCKERMOUTH,1871,32.54377802284322,11902.025273148673,True
COCKERMOUTH,1871,74.29380164134494,22147.171203472495,True
COCKERMOUTH,1871,70.60286750628971,22171.484918971913,True
WHITEHAVEN,1871,0.0,0.0,False
WHITEHAVEN,1871,99.89851310641822,10636.85462830215,True
WHITEHAVEN,1871,75.10365831530417,10278.330353695354,True
WHITEHAVEN,1871,18.825213638847863,8902.469790805912,True
BOOTLE,1871,1.362459503127534,100.33760739016903,False
BOOTLE,1871,8.328425029446757,12042.138715997466,True
EAST WARD,1871,0.0,0.0,False
EAST WARD,1871,19.71242261141306,16521.003339305244,True
EAST WARD,1871,19.73738269252765,21102.53819241696,True
WEST WARD,1871,0.0,0.0,False
WEST WARD,1871,6.833490733275838,11318.892765672594,True
KENDAL,1871,0.0,0.0,False
KENDAL,1871,24.359937174389927,16886.895568019227,True
KENDAL,1871,27.07282373847671,29166.702984158073,True
KENDAL,1871,94.18063126156537,17963.399622107656,True
KENDAL,1871,39.42787598471502,19277.539364572884,True
CHEPSTOW,1871,0.0,0.0,False
CHEPSTOW,1871,42.13277595439436,6845.928580284859,True
CHEPSTOW,1871,41.731376514321525,15649.58206261881,True
MONMOUTH,1871,0.0,0.0,False
MONMOUTH,1871,67.61885579530242,15349.712504321757,True
MONMOUTH,1871,68.3846485240678,8357.310958139704,True
MONMOUTH,1871,14.012785714296086,12116.487392282475,True
ABERGAVENNY,1871,0.0,0.0,False
ABERGAVENNY,1871,91.42468188916102,14042.33461951524,True
ABERGAVENNY,1871,89.7847491520167,7872.389226446336,True
ABERGAVENNY,1871,31.411417808227064,10327.541796840844,True
PONTYPOOL,1871,0.0,0.0,False
PONTYPOOL,1871,35.267261679480235,7884.979533796208,True
PONTYPOOL,1871,9.420115182943547,9853.271842862094,True
NEWPORT,1871,34.569764599303504,134147.95551126698,True
NEWPORT,1871,86.87749185624189,137717.03365674234,True
NEWPORT,1871,11.913459471525524,137982.2567483647,True
NEWPORT,1871,6.491311022962623,134816.78734176658,True
CARDIFF,1871,33.627879791508654,2769.4718129760313,True
CARDIFF,1871,17.513890750192267,9076.957095336142,True
CARDIFF,1871,37.877421821240006,14950.818036196832,True
BRIDGEND,1871,0.0,0.0,False
BRIDGEND,1871,21.67350098130866,14740.658621857867,True
BRIDGEND,1871,22.707778115344972,10155.67495153188,True
NEATH,1871,0.0,0.0,False
NEATH,1871,44.981293892105775,7491.364074928745,True
NEATH,1871,24.161764896223136,18972.328128315654,True
NEATH,1871,10.920755975726323,21774.925739113314,True
NEATH,1871,20.16865022671661,13076.403695354351,True
NEATH,1871,79.00095388672449,14414.926635869859,True
SWANSEA,1871,0.0,0.0,False
SWANSEA,1871,73.61628973353156,5801.820967481672,True
SWANSEA,1871,85.1988065243245,10667.700177519024,True
LLANELLY,1871,0.0,0.0,False
LLANELLY,1871,27.758197847927836,6716.779886686513,True
LLANELLY,1871,145.33163824383053,14703.061510971178,True
LLANELLY,1871,200.97466533693833,9237.806980764306,True
LLANDOVERY,1871,0.0,0.0,False
LLANDOVERY,1871,69.15877164201666,6197.482896353408,True
LLANDOVERY,1871,21.746276809033883,12734.055660288708,True
LLANDOVERY,1871,19.32320807785484,6768.513416706824,True
LLANDOVERY,1871,45.65341519197341,11434.709802028152,True
LLANDOVERY,1871,48.59696182246353,17850.821294375903,True
LLANDOVERY,1871,8.81979595260462,23567.214202234038,True
LLANDOVERY,1871,18.52328780608307,19034.48734892313,True
LLANDOVERY,1871,68.41880125244266,22333.64740515753,True
LLANDILOFAWR,1871,0.0,0.0,False
LLANDILOFAWR,1871,31.11146123447685,8298.23756898961,True
LLANDILOFAWR,1871,3.2941025710207557,13445.973674534072,False
LLANDILOFAWR,1871,25.368606207384936,10673.363574262024,True
LLANDILOFAWR,1871,73.4342060179293,20158.54861414214,True
CARMARTHEN,1871,0.0,0.0,False
CARMARTHEN,1871,22.51840282998972,17125.31657745924,True
CARMARTHEN,1871,59.71897568133373,8418.946210433476,True
CARMARTHEN,1871,41.336752162055106,17096.745026934594,True
NARBERTH,1871,0.0,0.0,False
NARBERTH,1871,2.332215708401243,8681.712091136584,False
NARBERTH,1871,8.110530195656667,12436.912722812489,True
NARBERTH,1871,46.1772294280974,10668.784144572766,True
NARBERTH,1871,21.30056592503137,16683.208419872557,True
NARBERTH,1871,49.736476555767254,19715.39918827361,True
PEMBROKE,1871,0.0,0.0,False
PEMBROKE,1871,7.792012638509043,12490.667878501868,True
PEMBROKE,1871,68.70860459536235,10901.912866952882,True
HAVERFORDWEST,1871,0.0,0.0,False
HAVERFORDWEST,1871,22.844932249360554,11050.89676717525,True
HAVERFORDWEST,1871,38.530621720748485,18578.796719349124,True
HAVERFORDWEST,1871,55.815480959295485,24030.703212560897,True
CARDIGAN,1871,0.0,0.0,False
CARDIGAN,1871,25.87410141991413,11602.504699353034,True
CARDIGAN,1871,45.790824072833,16636.296028469405,True
LAMPETER,1871,0.0,0.0,False
LAMPETER,1871,15.396821034715765,11354.458520013435,True
LAMPETER,1871,43.448170111464826,14489.717466736232,True
LAMPETER,1871,47.838492814196215,9920.3351695107,True
ABERAYRON,1871,0.0,0.0,False
ABERAYRON,1871,8.310831529522677,11059.159099724618,True
ABERYSTWITH,1871,0.0,0.0,False
ABERYSTWITH,1871,34.62557398187652,8823.878135139832,True
ABERYSTWITH,1871,26.83933602788086,19899.008772317036,True
ABERYSTWITH,1871,190.83210269317536,16748.74059308577,True
TREGARON,1871,0.0,0.0,False
TREGARON,1871,30.679763378805603,16001.414211323785,True
TREGARON,1871,113.69861367257653,11880.627519129474,True
BUILTH,1871,0.0,0.0,False
BUILTH,1871,54.90919052865259,17639.571115563318,True
BUILTH,1871,47.3771079424235,13616.604629880276,True
BRECKNOCK,1871,0.0,0.0,False
BRECKNOCK,1871,123.67357627573648,14219.993431763232,True
BRECKNOCK,1871,2.8808077335697804,12596.845404855523,False
BRECKNOCK,1871,15.2677432309318,20631.553324095017,True
BRECKNOCK,1871,11.690886337693058,14265.009625387398,True
CRICKHOWELL,1871,0.0,0.0,False
CRICKHOWELL,1871,43.01223115325269,9762.03866918622,True
CRICKHOWELL,1871,0.44002925112297064,7278.361262571722,False
CRICKHOWELL,1871,49.51579720289086,10497.861116871945,True
CRICKHOWELL,1871,53.78522784526789,5883.364254066139,True
HAY,1871,0.0,0.0,False
HAY,1871,14.53865027511383,12247.277021007261,True
HAY,1871,6.382253339060526,11618.841975012892,True
PRESTEIGNE,1871,72.28225670235906,16243.346983724065,True
KNIGHTON,1871,0.0,0.0,False
KNIGHTON,1871,29.932655775083,12004.28712992287,True
RHAYADER,1871,0.0,0.0,False
RHAYADER,1871,57.82431391906307,11343.12004378126,True
MACHYNLLETH,1871,0.0,0.0,False
MACHYNLLETH,1871,9.152076370263229,10352.864418738414,True
MACHYNLLETH,1871,15.003323213207178,13421.935948321541,True
NEWTOWN,1871,0.0,0.0,False
NEWTOWN,1871,43.65308799172317,8442.950107288538,True
NEWTOWN,1871,5.791899678208284,14828.076097413896,True
NEWTOWN,1871,38.323470259370865,25416.218838372082,True
NEWTOWN,1871,82.64850955814187,24419.660107977616,True
NEWTOWN,1871,36.20191875602184,25483.307141005167,True
LLANFYLLIN,1871,0.0,0.0,False
LLANFYLLIN,1871,24.007336221339205,17732.990291188205,True
LLANFYLLIN,1871,6.271160221312963,14743.373091587413,True
HOLYWELL,1871,0.0,0.0,False
HOLYWELL,1871,16.254110796010654,7994.825120162806,True
HOLYWELL,1871,23.005191020131022,14735.771294187041,True
HOLYWELL,1871,13.062253850043257,18016.277972727174,True
WREXHAM,1871,8.61761935363878,10040.084533908634,True
WREXHAM,1871,42.848685549635356,12209.219865101244,True
WREXHAM,1871,13.815918411805233,5024.3110921078405,True
RUTHIN,1871,0.0,0.0,False
RUTHIN,1871,48.09082762210243,7721.654276926623,True
RUTHIN,1871,16.84483822908865,8808.087533771015,True
RUTHIN,1871,5.210854072328259,17677.709058762855,True
RUTHIN,1871,12.493896750246414,15543.863161690395,True
RUTHIN,1871,47.185372646844456,13705.66417238209,True
ST. ASAPH,1871,0.0,0.0,False
ST. ASAPH,1871,5.720793379887948,12894.833498579663,True
ST. ASAPH,1871,39.72538347418734,12438.945435556985,True
LLANRWST,1871,0.0,0.0,False
LLANRWST,1871,12.708415352592253,12166.707352646436,True
LLANRWST,1871,1.0668928344767894,13850.108328253576,False
CORWEN,1871,0.0,0.0,False
CORWEN,1871,4.436633574420185,16501.899271893904,False
BALA,1871,0.0,0.0,False
DOLGELLY,1871,0.0,0.0,False
DOLGELLY,1871,7.930261001183288,10409.421454765929,True
FESTINIOG,1871,0.0,0.0,False
FESTINIOG,1871,138.6370750640817,10260.00265913241,True
FESTINIOG,1871,101.46609998004072,15238.881693786665,True
PWLLHELI,1871,0.0,0.0,False
PWLLHELI,1871,27.90929339232409,13881.272919279958,True
PWLLHELI,1871,35.47158319801657,24632.842214177123,True
PWLLHELI,1871,38.34004227724353,13489.051913306484,True
CARNARVON,1871,0.0,0.0,False
CARNARVON,1871,20.25139569015645,12364.263178281099,True
CARNARVON,1871,81.04226082875778,8241.58671728814,True
CARNARVON,1871,59.91091335080204,14247.024563697043,True
BANGOR,1871,52.15694947131717,3682.239146293107,True
BANGOR,1871,21.925906419019565,12781.452141175012,True
BANGOR,1871,8.326085274225791,14359.594149310908,True
CONWAY,1871,0.0,0.0,False
CONWAY,1871,205.4813177426844,8436.687487642248,True
CONWAY,1871,167.31936373711244,7593.040934020872,True
ANGLESEY,1871,18.79191379645735,10118.442654412258,True
ANGLESEY,1871,5.748338885999512,4117.886252041785,True
ANGLESEY,1871,9.52729606192756,14955.699069451413,True
ANGLESEY,1871,47.523578579097084,17220.54585583931,True
ANGLESEY,1871,0.8502503153432452,12854.418213684312,False
ANGLESEY,1871,69.24880245925151,17610.910726279395,True
BRESSAY/LERWICK,1881,0.0,0.0,False
DELTING,1881,0.0,0.0,False
DUNROSSNESS,1881,0.0,0.0,False
FETLAR/MID AND SOUTH YELL,1881,0.0,0.0,False
NESTING,1881,0.0,0.0,False
NORTHMAVINE,1881,0.0,0.0,False
SANDSTING AND AITHSTING,1881,0.0,0.0,False
TINGWALL,1881,0.0,0.0,False
UNST,1881,0.0,0.0,False
WALLS,1881,0.0,0.0,False
BIRSAY/HARRAY,1881,0.0,0.0,False
DEERNESS/HOLM AND PAPLAY/ST. ANDREWS,1881,0.0,0.0,False
EDAY AND PHARAY/STRONSAY,1881,0.0,0.0,False
EVIE AND RENDALL/ROUSAY AND EGILSHAY/SHAPINSHAY,1881,0.0,0.0,False
HOY AND GRAEMSAY/WALLS,1881,0.0,0.0,False
KIRKWALL AND ST. OLA,1881,0.0,0.0,False
FIRTH AND STENNES/ORPHIR,1881,0.0,0.0,False
NORTH-RONALDSHAY/SANDAY,1881,0.0,0.0,False
SANDWICK,1881,0.0,0.0,False
SOUTH RONALDSHAY AND BURRAY,1881,0.0,0.0,False
STROMNESS,1881,0.0,0.0,False
WESTRAY,1881,0.0,0.0,False
BOWER,1881,0.0,0.0,False
CANISBAY/KEISS/WICK,1881,0.0,0.0,False
DUNNET,1881,0.0,0.0,False
HALKIRK,1881,0.0,0.0,False
LATHERON,1881,0.0,0.0,False
OLRIG,1881,0.0,0.0,False
REAY/FARR,1881,0.0,0.0,False
THURSO,1881,0.0,0.0,False
WATTEN,1881,0.0,0.0,False
ASSYNT,1881,0.0,0.0,False
CLYNE,1881,0.0,0.0,False
CREICH,1881,0.0,0.0,False
DORNOCH,1881,0.0,0.0,False
EDDRACHILLIS/DURNESS,1881,0.0,0.0,False
KILMUIR-EASTER/LOGIE-EASTER/EDDERTON,1881,0.0,0.0,False
GOLSPIE,1881,0.0,0.0,False
KILDONAN/LOTH,1881,0.0,0.0,False
LAIRG/ROGART,1881,0.0,0.0,False
TONGUE,1881,0.0,0.0,False
ALNESS/KILTEARN,1881,0.0,0.0,False
LOCHCARRON/APPLECROSS,1881,0.0,0.0,False
AVOCH,1881,0.0,0.0,False
CROMARTY,1881,0.0,0.0,False
DINGWALL,1881,0.0,0.0,False
FEARN/NIGG,1881,0.0,0.0,False
GAIRLOCH NORTHERN,1881,0.0,0.0,False
GAIRLOCH SOUTHERN,1881,0.0,0.0,False
GLENSHIEL/KINTAIL,1881,0.0,0.0,False
KILLEARNAN/KNOCKBAIN,1881,0.0,0.0,False
KINCARDINE,1881,0.0,0.0,False
CARNOCH/CONTIN/FODDERTY/KINLOCHLUICHART,1881,0.0,0.0,False
LOCHALSH,1881,0.0,0.0,False
LOCHBROOM,1881,0.0,0.0,False
LOCHS,1881,0.0,0.0,False
RESOLIS,1881,0.0,0.0,False
ROSEMARKIE,1881,0.0,0.0,False
ROSSKEEN,1881,0.0,0.0,False
TAIN,1881,0.0,0.0,False
TARBAT,1881,0.0,0.0,False
URQUHART AND LOGIE-WESTER,1881,0.0,0.0,False
URRAY,1881,0.0,0.0,False
BARVAS,1881,0.0,0.0,False
CARLOWAY,1881,0.0,0.0,False
STORNOWAY,1881,0.0,0.0,False
UIG,1881,0.0,0.0,False
ALVIE/KINGUSSIE AND INSH/LAGGAN,1881,0.0,0.0,False
ARDERSIER,1881,0.0,0.0,False
FORT AUGUSTUS/ABERTARFF/BOLESKINE/DORES,1881,0.0,0.0,False
CROMDALE AND INVERALLAN,1881,0.0,0.0,False
CROY AND DALCROSS/DAVIOT AND DUNLICHTY/MOY AND DALAROSSIE,1881,0.0,0.0,False
DUTHIL/ROTHIEMURCHUS,1881,0.0,0.0,False
GLENELG,1881,0.0,0.0,False
INVERNESS,1881,0.0,0.0,False
KILMONIVAIG,1881,0.0,0.0,False
CANNICH/KILMORACK/KILTARLITY,1881,0.0,0.0,False
KIRKHILL,1881,0.0,0.0,False
PETTY,1881,0.0,0.0,False
URQUHART,1881,0.0,0.0,False
BARRA,1881,0.0,0.0,False
BRACADALE,1881,0.0,0.0,False
DUIRINISH,1881,0.0,0.0,False
HARRIS,1881,0.0,0.0,False
KILMUIR,1881,0.0,0.0,False
NORTH UIST,1881,0.0,0.0,False
PORTREE,1881,0.0,0.0,False
SLEAT,1881,0.0,0.0,False
ARDNARMUCHAN/BALLACHULISH AND CORRAN OF ARDGOUR/AHARACLE/ARISAIG/BALLACHULISH AND ONICH/SMALL ISLES,1881,0.0,0.0,False
SNIZORT,1881,0.0,0.0,False
BENBECULA,1881,0.0,0.0,False
STRATH,1881,0.0,0.0,False
ARDCLACH/CAWDOR,1881,0.0,0.0,False
AULDEARN,1881,0.0,0.0,False
BOHARM/BOTRIPHNIE,1881,0.0,0.0,False
NAIRN,1881,0.0,0.0,False
ABERNETHY AND KINCARDINE,1881,0.0,0.0,False
ALVES/KINLOSS,1881,0.0,0.0,False
BELLIE/CULLEN/DESKFORD/ENZIE/RATHVEN/SEAFIELD,1881,0.0,0.0,False
HOWMORE,1881,0.0,0.0,False
BOISDALE,1881,0.0,0.0,False
DALLAS/EDINKILLIE/RAFFORD,1881,0.0,0.0,False
DRAINIE,1881,0.0,0.0,False
DUFFUS,1881,0.0,0.0,False
DYKE,1881,0.0,0.0,False
ELGIN/NEW SPYNIE/ST. ANDREWS-LHANBRYDE,1881,0.0,0.0,False
FORRES,1881,0.0,0.0,False
KNOCKANDO,1881,0.0,0.0,False
BIRNIE/ROTHES,1881,0.0,0.0,False
FORDYCE,1881,0.0,0.0,False
SPEYMOUTH/URQUHART,1881,0.0,0.0,False
MORTLACH/ABERLOUR/GLENRINNES,1881,0.0,0.0,False
KING-EDWARD,1881,0.0,0.0,False
BANFF/GAMRIE,1881,0.0,0.0,False
ALVAH,1881,0.0,0.0,False
BOYNDIE/ORDIQUHILL,1881,0.0,0.0,False
GRANGE,1881,0.0,0.0,False
KEITH,1881,0.0,0.0,False
INVERAVON/KIRKMICHAEL,1881,0.0,0.0,False
FORGLEN/MARNOCH,1881,0.0,0.0,False
ROTHIEMAY,1881,0.0,0.0,False
ST. FERGUS,1881,0.0,0.0,False
ABERDEEN ST. NICHOLAS EAST,1881,0.0,0.0,False
ABERDEEN ST. NICHOLAS WEST,1881,0.0,0.0,False
ABERDEEN OLD MACHAR NORTH,1881,0.0,0.0,False
ABERDEEN OLD MACHAR SOUTH,1881,0.0,0.0,False
ARDALLIE/NEW PITSLIGO/TYRIE/ABERDOUR,1881,0.0,0.0,False
ABOYNE AND GLENTANAR,1881,0.0,0.0,False
ALFORD,1881,0.0,0.0,False
AUCHINDOIR/KILDRUMMY,1881,0.0,0.0,False
AUCHTERLESS/FORGUE/YTHAN WELLS/INVERKEITHNY,1881,0.0,0.0,False
BELHELVIE,1881,0.0,0.0,False
BIRSE/STRACHAN,1881,0.0,0.0,False
BOURTIE/KEITH-HALL,1881,0.0,0.0,False
CABRACH/GLENBUCKET,1881,0.0,0.0,False
CAIRNEY,1881,0.0,0.0,False
CHAPEL OF GARIOCH,1881,0.0,0.0,False
INVERURIE,1881,0.0,0.0,False
CLUNY/MONYMUSK,1881,0.0,0.0,False
COULL/LUMPHANAN,1881,0.0,0.0,False
CRIMOND/KININMONTH/LONMAY/STRICHEN,1881,0.0,0.0,False
CRATHIE AND BRAEMAR,1881,0.0,0.0,False
CULSAMOND/OYNE,1881,0.0,0.0,False
DAVIOT/RAYNE,1881,0.0,0.0,False
DRUMBLADE/HUNTLY,1881,0.0,0.0,False
DYCE/FINTRAY/KINELLAR,1881,0.0,0.0,False
DRUMOAK/ECHT,1881,0.0,0.0,False
ELLON,1881,0.0,0.0,False
FOVERAN/LOGIE-BUCHAN/SLAINS,1881,0.0,0.0,False
FRASERBURGH,1881,0.0,0.0,False
FYVIE/MILLBREX/MONQUHITTER,1881,0.0,0.0,False
GARTLY/GLASS,1881,0.0,0.0,False
GLENMUICK/LOGIE-COLDSTONE AND CROMAR,1881,0.0,0.0,False
INSCH,1881,0.0,0.0,False
KEIG/PREMNAY/TOUGH,1881,0.0,0.0,False
KEMNAY/KINTORE,1881,0.0,0.0,False
KINCARDINE O'NEIL,1881,0.0,0.0,False
CLATT/KINNETHMONT/LESLIE/TULLYNESSLE AND FORBES,1881,0.0,0.0,False
LEOCHEL-CUSHNIE,1881,0.0,0.0,False
LONGSIDE,1881,0.0,0.0,False
METHLIC,1881,0.0,0.0,False
MIDMAR,1881,0.0,0.0,False
NEW DEER,1881,0.0,0.0,False
NEWHILLS,1881,0.0,0.0,False
NEW MACHAR,1881,0.0,0.0,False
CRUDEN/OLD DEER/SAVOCH,1881,0.0,0.0,False
OLD MELDRUM,1881,0.0,0.0,False
PETERCULTER/BANCHORY-DEVENICK/MARYCULTER,1881,0.0,0.0,False
PETERHEAD,1881,0.0,0.0,False
PITSLIGO,1881,0.0,0.0,False
RATHEN,1881,0.0,0.0,False
RHYNIE,1881,0.0,0.0,False
SKENE,1881,0.0,0.0,False
STRATHDON/TARLAND/TOWIE,1881,0.0,0.0,False
TARVES,1881,0.0,0.0,False
TURRIFF,1881,0.0,0.0,False
UDNY,1881,0.0,0.0,False
ARBUTHNOT/GARVOCK/KINNEFF AND CATTERLINE,1881,0.0,0.0,False
BANCHORY-TERNAN,1881,0.0,0.0,False
BENHOLM,1881,0.0,0.0,False
BERVIE,1881,0.0,0.0,False
DUNNOTTAR,1881,0.0,0.0,False
DURRIS/GLENBERVIE,1881,0.0,0.0,False
EDZELL/FETTERCAIRN/LETHNOTT AND NAVAR/LOCHLEE,1881,0.0,0.0,False
FETTERESSO,1881,0.0,0.0,False
FORDOUN,1881,0.0,0.0,False
COOKNEY,1881,0.0,0.0,False
LAURENCEKIRK,1881,0.0,0.0,False
MARYKIRK,1881,0.0,0.0,False
NIGG,1881,0.0,0.0,False
ST. CYRUS,1881,0.0,0.0,False
ABERLEMNO/CARESTON/OATHLAW/RESCOBIE,1881,0.0,0.0,False
AIRLIE/KINGOLDRUM/RUTHVEN,1881,0.0,0.0,False
ARBIRLOT,1881,0.0,0.0,False
ARBROATH,1881,0.0,0.0,False
BARRY,1881,0.0,0.0,False
BRECHIN,1881,0.0,0.0,False
CARMYLLIE,1881,0.0,0.0,False
CORTACHY AND CLOVA/KIRRIEMUIR,1881,0.0,0.0,False
MONTROSE,1881,0.0,0.0,False
DUNDEE ST. PETERS,1881,0.0,0.0,False
DUNDEE ST. MARYS,1881,0.0,0.0,False
DUNDEE ST. CLEMENTS,1881,0.0,0.0,False
DUNDEE ST. ANDREWS NORTH,1881,0.0,0.0,False
DUNDEE ST. ANDREWS EAST,1881,0.0,0.0,False
DUNDEE LOCHEE,1881,0.0,0.0,False
AUCHTERHOUSE/EASSIE AND NEVAY/FOWLIS-EASTER/LUNDIE/NEWTYLE,1881,0.0,0.0,False
FERN/MENMUIR/TANNADICE,1881,0.0,0.0,False
FORFAR,1881,0.0,0.0,False
GLAMIS,1881,0.0,0.0,False
GLENISLA/KILRY/LINTRATHEN,1881,0.0,0.0,False
DUNNICHEN/GUTHRIE/INVERARITY/KINNELL/KINNETTLES/KIRKDEN,1881,0.0,0.0,False
INVERKEILOR,1881,0.0,0.0,False
COUPAR-ANGUS/KETTINS/MEIGLE,1881,0.0,0.0,False
"LIFF, BENVIE AND INVERGOWRIE",1881,0.0,0.0,False
DUN/LOGIE-PERT/STRACATHRO,1881,0.0,0.0,False
MAINS,1881,0.0,0.0,False
CRAIG/FARNELL/LUNAN/MARYTOWN,1881,0.0,0.0,False
MONIFIETH,1881,0.0,0.0,False
MONIKIE,1881,0.0,0.0,False
MURROES/TEALING,1881,0.0,0.0,False
PANBRIDE,1881,0.0,0.0,False
ST. VIGEANS,1881,0.0,0.0,False
ABERDALGIE/TIBBERMORE,1881,0.0,0.0,False
ABERFELDY/BLAIR-ATHOL/DULL/TENANDRY/FORTINGALL/FOSS/KINLOCH-RANNOCH/LOGIERAIT/KEMORE/WEEM/MOULIN,1881,0.0,0.0,False
ARROCHAR/ABERFOYLE/BUCHANAN,1881,0.0,0.0,False
ABERNETHY,1881,0.0,0.0,False
ABERNYTE/COLLACE/INCHTURE/KINNAIRD,1881,0.0,0.0,False
BENDOCHY/BLAIRGOWRIE/RATTRAY/ALYTH,1881,0.0,0.0,False
AUCHTERARDER,1881,0.0,0.0,False
AUCHTERGAVEN/KINCLAVEN/REDGORTON/STANLEY,1881,0.0,0.0,False
BLACKFORD,1881,0.0,0.0,False
BALQUHIDDER/CALLANDER,1881,0.0,0.0,False
CAPUTH/DOWALLY/DUNKELD,1881,0.0,0.0,False
CARGILL,1881,0.0,0.0,False
COMRIE/MONZIEVAIRD,1881,0.0,0.0,False
CRIEFF/FOWLIS-WESTER/LOGIEALMOND/MONZIE,1881,0.0,0.0,False
CULROSS,1881,0.0,0.0,False
ARNGASK/DRON/DUNBARNEY/RHYND,1881,0.0,0.0,False
ARDOCH/DUNBLANE/LECROPT/MUTHILL,1881,0.0,0.0,False
ERROL,1881,0.0,0.0,False
DUNNING/FINDO-GASK/MADDERTY/TRINITY-GASK,1881,0.0,0.0,False
FORGANDENNY/FORTEVIOT,1881,0.0,0.0,False
KILLIN/STRATHFILLAN,1881,0.0,0.0,False
KILMADOCK,1881,0.0,0.0,False
KILSPINDIE/KINFAUNS/KINNOULL/ST. MADOES/ST. MARTINS,1881,0.0,0.0,False
KINCARDINE,1881,92.9175945415638,197550.59707963793,True
KIRKMICHAEL/PERSIE,1881,0.0,0.0,False
LITTLE DUNKELD,1881,0.0,0.0,False
LOGIE,1881,0.0,0.0,False
LONGFORGAN,1881,0.0,0.0,False
METHVEN/MONEYDIE,1881,0.0,0.0,False
PERTH,1881,0.0,0.0,False
PORT OF MENTEITH,1881,0.0,0.0,False
CLUNIE/LETHENDY AND KINLOCH,1881,0.0,0.0,False
SCONE,1881,0.0,0.0,False
TORRYBURN/TULLIALLAN,1881,0.0,0.0,False
KINGHORN,1881,0.0,0.0,False
KIRKCALDY/ABBOTSHALL,1881,0.0,0.0,False
ANSTRUTHER-EASTER/ANSTRUTHER-WESTER,1881,0.0,0.0,False
AUCHTERDERRAN,1881,0.0,0.0,False
AUCHTERMUCHTY,1881,0.0,0.0,False
ABERDOUR/AUCHTERTOOL,1881,0.0,0.0,False
BALLINGRY,1881,0.0,0.0,False
BEATH,1881,0.0,0.0,False
BURNTISLAND,1881,0.0,0.0,False
CAMERON/CARNBEE,1881,0.0,0.0,False
CARNOCK/SALINE/TORRYBURN,1881,0.0,0.0,False
CERES,1881,0.0,0.0,False
COLLESSIE,1881,0.0,0.0,False
CRAIL/DUNINO/KINGSBARNS,1881,0.0,0.0,False
CULTS/KETTLE,1881,0.0,0.0,False
CUPAR,1881,0.0,0.0,False
BALMERINO/DAIRSIE/KEMBACK/KILMANY/LOGIE,1881,0.0,0.0,False
DALGETTY,1881,0.0,0.0,False
ABDIE/CREICH/DUNBOG/FLISK/MONIMAIL/MOONZIE,1881,0.0,0.0,False
DUNFERMLINE,1881,0.0,0.0,False
DYSART,1881,0.0,0.0,False
ELIE/KILCONQUHAR/NEWBURN,1881,0.0,0.0,False
FALKLAND,1881,0.0,0.0,False
FERRY-PORT-ON-CRAIG,1881,0.0,0.0,False
FORGAN,1881,0.0,0.0,False
INVERKEITHING,1881,0.0,0.0,False
KENNOWAY,1881,0.0,0.0,False
KILRENNY,1881,0.0,0.0,False
KINGLASSIE,1881,0.0,0.0,False
LARGO,1881,0.0,0.0,False
LESLIE,1881,0.0,0.0,False
LEUCHARS,1881,0.0,0.0,False
MARKINCH,1881,0.0,0.0,False
NEWBURGH,1881,0.0,0.0,False
PITTENWEEM,1881,0.0,0.0,False
ST. ANDREWS AND ST. LEONARDS,1881,0.0,0.0,False
ST. MONANCE,1881,0.0,0.0,False
SCOONIE,1881,0.0,0.0,False
STRATHMIGLO,1881,0.0,0.0,False
WEMYSS,1881,0.0,0.0,False
CLEISH/PORTMOAK,1881,0.0,0.0,False
MUCKHART/FOSSOWAY AND TULLIEBOLE/GLENDEVON,1881,0.0,0.0,False
KINROSS,1881,0.0,0.0,False
ORWELL,1881,0.0,0.0,False
ALLOA/CLACKMANNAN,1881,0.0,0.0,False
DOLLAR,1881,0.0,0.0,False
TILLICOULTRY,1881,0.0,0.0,False
AIRTH,1881,0.0,0.0,False
ALVA,1881,0.0,0.0,False
CAMPSIE/STRATHBLANE/BALDERNOCK,1881,0.0,0.0,False
BALFRON/FINTRY/KILLEARN,1881,0.0,0.0,False
DENNY,1881,0.0,0.0,False
DRYMEN,1881,0.0,0.0,False
DUNIPACE,1881,0.0,0.0,False
BOTHKENNAR/FALKIRK/GRANGEMOUTH,1881,0.0,0.0,False
GARGUNNOCK/KIPPEN,1881,0.0,0.0,False
KILSYTH,1881,0.0,0.0,False
LARBERT,1881,0.0,0.0,False
MUIRAVONSIDE,1881,0.0,0.0,False
POLMONT,1881,0.0,0.0,False
BANNOCKBURN/ST. NINIANS/STIRLING,1881,0.0,0.0,False
SLAMANNAN,1881,0.0,0.0,False
BONHILL,1881,0.0,0.0,False
CARDROSS,1881,0.0,0.0,False
CUMBERNAULD,1881,0.0,0.0,False
DUMBARTON,1881,0.0,0.0,False
KILMARONOCK/LUSS,1881,0.0,0.0,False
KIRKINTILLOCH,1881,0.0,0.0,False
NEW KILPATRICK,1881,0.0,0.0,False
OLD KILPATRICK,1881,0.0,0.0,False
ROSNEATH,1881,0.0,0.0,False
RHU OR ROW,1881,0.0,0.0,False
ARDCHATTAN/GLENORCHY AND INISHAIL/KILCHRENAN/MUCKAIRN,1881,0.0,0.0,False
CAMPBELTOWN/SOUTHEND,1881,0.0,0.0,False
CUMLODDEN/GLASSARY/LOCHGILPHEAD,1881,0.0,0.0,False
DUNOON AND KILMUN,1881,0.0,0.0,False
INVERARAY,1881,0.0,0.0,False
JURA/KILBRANDON AND KILCHATTAN/KILNINVER,1881,0.0,0.0,False
INVERCHAOLAIN/KILFINAN/KILMODAN,1881,0.0,0.0,False
KILLEAN AND KILCHENZIE,1881,0.0,0.0,False
KILMALLIE,1881,0.0,0.0,False
CRAIGNISH/KILMARTIN/NORTH KNAPDALE,1881,0.0,0.0,False
LOCHGOILHEAD/STRALACHLAN OR STRATHLACHLAN,1881,0.0,0.0,False
LISMORE/MORVERN,1881,0.0,0.0,False
SADDELL/TARBERT,1881,0.0,0.0,False
BOWMORE OR KILARROW/KILMENY,1881,0.0,0.0,False
GIGHA/KILCALMONELL/SOUTH KNAPDALE,1881,0.0,0.0,False
IONA/KILFINICHEN AND KILVICKEON/KINLOCHSPELVIE/TOROSAY,1881,0.0,0.0,False
KILNINIAN AND KILMORE/SALEN/TOBERMORY,1881,0.0,0.0,False
KILCHOMAN/PORTNAHAVEN,1881,0.0,0.0,False
KILDALTON AND OA,1881,0.0,0.0,False
KILMORE AND KILBRIDE,1881,0.0,0.0,False
TYREE,1881,0.0,0.0,False
CUMBRAE,1881,0.0,0.0,False
KILBRIDE/KILMORY/LOCHRANZA,1881,0.0,0.0,False
KINGARTH/NORTH BUTE,1881,0.0,0.0,False
ROTHESAY,1881,0.0,0.0,False
JOHNSTONE / ELDERSLIE,1881,0.0,0.0,False
CATHCART,1881,0.0,0.0,False
EAGLESHAM,1881,0.0,0.0,False
EASTWOOD,1881,0.0,0.0,False
ERSKINE/INCHINNAN,1881,0.0,0.0,False
GREENOCK/PORT-GLASGOW,1881,0.0,0.0,False
KILMACOLM,1881,0.0,0.0,False
INVERKIP,1881,0.0,0.0,False
BRIDGE OF WEIR/HOUSTON AND KILLELLAN/KILBARCHAN,1881,0.0,0.0,False
LOCHWINNOCH,1881,0.0,0.0,False
MEARNS,1881,0.0,0.0,False
NEILSTON,1881,0.0,0.0,False
PAISLEY,1881,0.0,0.0,False
PAISLEY LANDWARD,1881,0.0,0.0,False
OLD ARDROSSAN,1881,0.0,0.0,False
RENFREW,1881,0.0,0.0,False
NEW ARDROSSAN,1881,0.0,0.0,False
AUCHINLECK,1881,0.0,0.0,False
AYR/ST. QUIVOX,1881,0.0,0.0,False
BALLANTRAE,1881,0.0,0.0,False
BEITH,1881,0.0,0.0,False
BARR/COLMONELL,1881,0.0,0.0,False
COYLTON,1881,0.0,0.0,False
CRAIGIE/SYMINGTON,1881,0.0,0.0,False
DAILLY,1881,0.0,0.0,False
DALMELLINGTON/DALRYMPLE/PATNA/STRAITON,1881,0.0,0.0,False
DALRY,1881,0.0,0.0,False
DREGHORN,1881,0.0,0.0,False
DUNDONALD,1881,0.0,0.0,False
DUNLOP,1881,0.0,0.0,False
FENWICK,1881,0.0,0.0,False
GALSTON,1881,0.0,0.0,False
GIRVAN,1881,0.0,0.0,False
IRVINE,1881,0.0,0.0,False
KILBIRNIE,1881,0.0,0.0,False
KILMARNOCK,1881,0.0,0.0,False
KILMAURS,1881,0.0,0.0,False
KILWINNING,1881,0.0,0.0,False
CROSSHILL/KIRKMICHAEL/KIRKOSWALD,1881,0.0,0.0,False
LARGS,1881,0.0,0.0,False
LOUDOUN,1881,0.0,0.0,False
MAUCHLINE,1881,0.0,0.0,False
MAYBOLE,1881,0.0,0.0,False
MONKTON AND PRESTWICK,1881,0.0,0.0,False
MUIRKIRK,1881,0.0,0.0,False
NEW CUMNOCK,1881,0.0,0.0,False
STAIR/OCHILTREE,1881,0.0,0.0,False
OLD CUMNOCK,1881,0.0,0.0,False
RICCARTON,1881,0.0,0.0,False
SORN,1881,0.0,0.0,False
STEVENSTON,1881,0.0,0.0,False
STEWARTON,1881,0.0,0.0,False
TARBOLTON,1881,0.0,0.0,False
WEST KILBRIDE,1881,0.0,0.0,False
AVONDALE,1881,0.0,0.0,False
BARONY MARYHILL,1881,0.0,0.0,False
BARONY SHETTLESTON,1881,0.0,0.0,False
BIGGAR/LIBBERTON,1881,0.0,0.0,False
BLANTYRE,1881,0.0,0.0,False
BOTHWELL/BELLSHILL,1881,0.0,0.0,False
CADDER WEST,1881,0.0,0.0,False
CAMBUSLANG,1881,0.0,0.0,False
CADDER EAST,1881,0.0,0.0,False
CARLUKE,1881,0.0,0.0,False
CARMICHAEL/COVINGTON AND THANKERTON/PETTINAIN/SYMINGTON,1881,0.0,0.0,False
CARMUNNOCK/EAST KILBRIDE,1881,0.0,0.0,False
CARNWATH,1881,0.0,0.0,False
CARSTAIRS,1881,0.0,0.0,False
HOLYTOWN,1881,0.0,0.0,False
LARKHALL,1881,0.0,0.0,False
CRAWFORD/CRAWFORDJOHN/WANDELL AND LAMINGTON/WISTON AND ROBERTON,1881,0.0,0.0,False
CULTER/BROUGHTON/DRUMELZIER/GLENHOLM/KILBUCHO,1881,0.0,0.0,False
DALSERF,1881,0.0,0.0,False
DALZIEL/HAMILTON,1881,0.0,0.0,False
DOLPHINTON/DUNSYRE/WALSTON/KIRKURD/SKIRLING/STOBO,1881,0.0,0.0,False
DOUGLAS,1881,0.0,0.0,False
GLASGOW BRIDGETON BRIDGETON,1881,0.0,0.0,False
GLASGOW BRIDGETON DALMARNOCK,1881,0.0,0.0,False
GLASGOW CAMLACHIE GALLOWGATE,1881,0.0,0.0,False
GLASGOW CAMLACHIE PARKHEAD,1881,0.0,0.0,False
GLASGOW DENNISTOUN DENNISTOUN,1881,0.0,0.0,False
GLASGOW DENNISTOUN BALORNOCK,1881,0.0,0.0,False
GLASGOW CALTON,1881,0.0,0.0,False
GLASGOW BLACKFRIARS,1881,0.0,0.0,False
GLASGOW ST. ROLLOX TOWNHEAD,1881,0.0,0.0,False
GLASGOW ST. ROLLOX COWLAIRS,1881,0.0,0.0,False
GLASGOW BLYTHSWOOD,1881,0.0,0.0,False
GLASGOW MILTON,1881,0.0,0.0,False
GLASGOW KELVIN KELVINSIDE,1881,0.0,0.0,False
GLASGOW KELVIN WOODSIDE,1881,0.0,0.0,False
GLASGOW ANDERSTON,1881,0.0,0.0,False
GLASGOW HUTCHESONTOWN HUTCHESONTOWN,1881,0.0,0.0,False
GLASGOW HUTCHESONTOWN POLMADIE,1881,0.0,0.0,False
GLASGOW GORBALS NORTH,1881,0.0,0.0,False
GLASGOW GORBALS SOUTH,1881,0.0,0.0,False
GLASGOW TRADESTON,1881,0.0,0.0,False
GLASGOW KINNING PARK,1881,0.0,0.0,False
GLASSFORD,1881,0.0,0.0,False
GOVAN PLANTATION,1881,0.0,0.0,False
GOVAN GOVAN IBROX,1881,0.0,0.0,False
GOVAN GOVAN SHIELDHALL,1881,0.0,0.0,False
GOVAN PARTICK VICTORIA PARK,1881,0.0,0.0,False
GOVAN PARTICK HYNDLAND,1881,0.0,0.0,False
LANARK,1881,0.0,0.0,False
LESMAHAGOW/KIRKFIELDBANK,1881,0.0,0.0,False
NEW MONKLAND/AIRDRIE,1881,0.0,0.0,False
OLD MONKLAND,1881,0.0,0.0,False
OLD MONKLAND/COATBRIDGE,1881,0.0,0.0,False
RUTHERGLEN,1881,0.0,0.0,False
CALDERHEAD/CAMBUSNETHAN/SHOTTS,1881,0.0,0.0,False
STONEHOUSE,1881,0.0,0.0,False
BATHGATE/ARMADALE,1881,0.0,0.0,False
BORROWSTOUNNESS/CARRIDEN,1881,0.0,0.0,False
ABERCORN/DALMENY/QUEENSFERRY,1881,0.0,0.0,False
ECCLESMACHEN/UPHALL,1881,0.0,0.0,False
KIRKLISTON,1881,0.0,0.0,False
LINLITHGOW,1881,0.0,0.0,False
LIVINGSTONE,1881,0.0,0.0,False
TORPHICHEN,1881,0.0,0.0,False
WHITBURN,1881,0.0,0.0,False
BORTHWICK/CARRINGTON/COCKPEN/NEWBATTLE/STOBHILL/TEMPLE,1881,0.0,0.0,False
COLINTON,1881,0.0,0.0,False
CORSTORPHINE,1881,0.0,0.0,False
CRAMOND,1881,0.0,0.0,False
CURRIE,1881,0.0,0.0,False
DALKEITH,1881,0.0,0.0,False
PORTOBELLO/DUDDINGSTON,1881,0.0,0.0,False
EDINBURGH ST. GEORGE WEST END,1881,0.0,0.0,False
EDINBURGH ST. GEORGE FOUNTAINBRIDGE,1881,0.0,0.0,False
EDINBURGH ST. GEORGE TYNECASTLE,1881,0.0,0.0,False
EDINBURGH ST. ANDREW NEW TOWN,1881,0.0,0.0,False
EDINBURGH ST. ANDREW BROUGHTON,1881,0.0,0.0,False
EDINBURGH CANONGATE,1881,0.0,0.0,False
EDINBURGH ST. GILES,1881,0.0,0.0,False
EDINBURGH NEWINGTON MORNINGSIDE,1881,0.0,0.0,False
EDINBURGH NEWINGTON NEWINGTON,1881,0.0,0.0,False
GLENCORSE,1881,0.0,0.0,False
INVERESK,1881,0.0,0.0,False
KIRKNEWTON AND EAST-CALDER,1881,0.0,0.0,False
LASSWADE,1881,0.0,0.0,False
LEITH,1881,0.0,0.0,False
LIBERTON,1881,0.0,0.0,False
MID-CALDER,1881,0.0,0.0,False
NEWTON,1881,0.0,0.0,False
PENICUIK,1881,0.0,0.0,False
RATHO,1881,0.0,0.0,False
HERIOT/FALA AND SOUTRA/STOW/CADDONFOOT,1881,0.0,0.0,False
WEST-CALDER,1881,0.0,0.0,False
BOLTON/HUMBIE/SALTON/YESTER,1881,0.0,0.0,False
ABERLADY/ATHELSTANEFORD/DIRLETON,1881,0.0,0.0,False
DUNBAR,1881,0.0,0.0,False
GARVALD/MORHAM/WHITTINGEHAME,1881,0.0,0.0,False
GLADSMUIR,1881,0.0,0.0,False
HADDINGTON,1881,0.0,0.0,False
INNERWICK/SPOTT/STENTON,1881,0.0,0.0,False
NORTH BERWICK,1881,0.0,0.0,False
CRANSTON/CRICHTON/ORMISTON/TRANENT,1881,0.0,0.0,False
PENCAITLAND,1881,0.0,0.0,False
PRESTONKIRK,1881,0.0,0.0,False
PRESTONPANS,1881,0.0,0.0,False
ABBEY ST. BATHANS/BUNKLE AND PRESTON/CRANSHAWS/LONGFORMACUS/OLDHAMSTOCKS,1881,0.0,0.0,False
AYTON,1881,0.0,0.0,False
CHANNELKIRK/LAUDER,1881,0.0,0.0,False
CHIRNSIDE,1881,0.0,0.0,False
COCKBURNSPATH/COLDINGHAM,1881,0.0,0.0,False
COLDSTREAM,1881,0.0,0.0,False
EYEMOUTH,1881,0.0,0.0,False
DUNS,1881,0.0,0.0,False
EARLSTON/MERTON,1881,0.0,0.0,False
ECCLES,1881,0.0,0.0,False
EDROM,1881,0.0,0.0,False
FOGO/LANGTON/POLWARTH/SWINTON,1881,0.0,0.0,False
FOULDEN/HUTTON/LADYKIRK/MORDINGTON/WHITSOME,1881,0.0,0.0,False
GORDON/LEGERWOOD/WESTRUTHER,1881,0.0,0.0,False
GREENLAW,1881,0.0,0.0,False
INNERLEITHEN,1881,0.0,0.0,False
LYNE/MANOR/TRAQUAIR/KIRKHOPE/YARROW,1881,0.0,0.0,False
PEEBLES,1881,0.0,0.0,False
EDDLESTONE/NEWLANDS/WEST LINTON,1881,0.0,0.0,False
ROBERTON/TEVIOTHEAD/ETTRICK,1881,0.0,0.0,False
GALASHIELS,1881,0.0,0.0,False
MELROSE/LADHOPE,1881,0.0,0.0,False
SELKIRK,1881,0.0,0.0,False
ANCRUM/ASHKIRK/LILLIESLEAF/MINTO,1881,0.0,0.0,False
BEDRULE/CAVERS/KIRKTOWN/HOBKIRK,1881,0.0,0.0,False
BOWDEN/ST. BOSWELLS,1881,0.0,0.0,False
CASTLETON,1881,0.0,0.0,False
CRAILING/MAKERSTON/MAXTON/ROXBURGH,1881,0.0,0.0,False
EDNAM/SPROUSTON,1881,0.0,0.0,False
HAWICK,1881,0.0,0.0,False
HOWNAM/MOREBATTLE/YETHOLM,1881,0.0,0.0,False
EDGERSTON/JEDBURGH/OXNAM/SOUTHDEAN,1881,0.0,0.0,False
KELSO,1881,0.0,0.0,False
ECKFORD/LINTON,1881,0.0,0.0,False
HUME/NENTHORN/SMAILHOLM/STITCHEL,1881,0.0,0.0,False
WILTON,1881,0.0,0.0,False
ANNAN,1881,0.0,0.0,False
BRYDEKIRK/CUMMERTREES/HODDOM,1881,0.0,0.0,False
CANONBIE,1881,0.0,0.0,False
CARLAVEROCK/RUTHWELL,1881,0.0,0.0,False
CLOSEBURN/KEIR,1881,0.0,0.0,False
DALTON/MOUSWALD/ST. MUNGO,1881,0.0,0.0,False
DRYFESDALE,1881,0.0,0.0,False
DUMFRIES,1881,0.0,0.0,False
DUNSCORE,1881,0.0,0.0,False
DURRISDEER/PENPONT/TYNRON,1881,0.0,0.0,False
ESKDALEMUIR/HUTTON/TUNDERGARTH,1881,0.0,0.0,False
GLENCAIRN,1881,0.0,0.0,False
DORNOCK/GRAITNEY (OR GRETNA),1881,0.0,0.0,False
HOLYWOOD/IRONGRAY/LOCHRUTTON/TERREGLES,1881,0.0,0.0,False
JOHNSTONE/KIRKPATRICK-JUXTA,1881,0.0,0.0,False
KIRKMAHOE,1881,0.0,0.0,False
KIRKMICHAEL/TINWALD/TORTHORWALD,1881,0.0,0.0,False
KIRKPATRICK-FLEMING,1881,0.0,0.0,False
LANGHOLM/WESTERKIRK/EWES,1881,0.0,0.0,False
LOCHMABEN,1881,0.0,0.0,False
HALFMORTON/MIDDLEBIE,1881,0.0,0.0,False
MOFFAT/TWEEDSMUIR,1881,0.0,0.0,False
MORTON,1881,0.0,0.0,False
KIRKCONNEL/SANQUHAR/WANLOCKHEAD,1881,0.0,0.0,False
APPLEGARTH/WAMPHRAY,1881,0.0,0.0,False
ANWOTH/GIRTHON,1881,0.0,0.0,False
BALMAGHIE/TONGLAND,1881,0.0,0.0,False
BORGUE/TWYNHOLM,1881,0.0,0.0,False
CARSPHAIRN/KELLS,1881,0.0,0.0,False
COLVEND/KIRKGUNZEON,1881,0.0,0.0,False
BALMACLELLAN/CORSOCK BRIDGE/DALRY/KIRKPATRICK-DURHAM/PARTON,1881,0.0,0.0,False
CROSSMICHAEL,1881,0.0,0.0,False
BUITTLE/DALBEATTIE/URR,1881,0.0,0.0,False
KELTON,1881,0.0,0.0,False
KIRKBEAN/NEW ABBEY,1881,0.0,0.0,False
KIRKCUDBRIGHT,1881,0.0,0.0,False
KIRKMABRECK,1881,0.0,0.0,False
BARGRENNAN/MINNIGAFF,1881,0.0,0.0,False
RERRICK,1881,0.0,0.0,False
TROQUEER,1881,0.0,0.0,False
GLASSERTON/WHITHORN,1881,0.0,0.0,False
INCH,1881,0.0,0.0,False
KIRKCOLM/LESWALT,1881,0.0,0.0,False
KIRKCOWAN/NEW LUCE,1881,0.0,0.0,False
KIRKINNER,1881,0.0,0.0,False
KIRKMAIDEN,1881,0.0,0.0,False
MOCHRUM,1881,0.0,0.0,False
OLD LUCE (OR GLENLUCE),1881,0.0,0.0,False
PENNINGHAME,1881,0.0,0.0,False
PORTPATRICK,1881,0.0,0.0,False
SORBIE,1881,0.0,0.0,False
STONEYKIRK,1881,0.0,0.0,False
STRANRAER,1881,0.0,0.0,False
WHITEKIRK AND TYNNINGHAME,1881,0.0,0.0,False
WIGTOWN,1881,0.0,0.0,False
KENSINGTON,1881,0.0,0.0,False
KENSINGTON,1881,38.82064479551531,1383.4538531635897,True
KENSINGTON,1881,81.73968927448585,1778.3417130632713,True
KENSINGTON,1881,11.197449603752986,3473.98430522491,True
CHELSEA,1881,0.0,0.0,False
CHELSEA,1881,48.50947388955907,532.741093070704,True
CHELSEA,1881,42.187891977815774,3091.2989952262215,True
ST GEORGE HANOVER SQUARE,1881,0.0,0.0,False
ST GEORGE HANOVER SQUARE,1881,53.658907103973895,791.3980801316546,True
ST GEORGE HANOVER SQUARE,1881,56.19816482364614,1797.9284423277938,True
ST GEORGE HANOVER SQUARE,1881,68.06444634303392,2639.0581734378434,True
ST GEORGE HANOVER SQUARE,1881,56.844954773837294,851.0171374574497,True
WESTMINSTER,1881,59.76064272886072,2325.3585649383485,True
WESTMINSTER,1881,47.20002145119459,2035.9954721502988,True
WESTMINSTER,1881,50.852711986361555,2334.315455655421,True
MARYLEBONE,1881,0.0,0.0,False
MARYLEBONE,1881,32.18053181749018,501.3948391244976,True
MARYLEBONE,1881,6.335229514505484,977.2028522454282,True
MARYLEBONE,1881,47.782440702447424,1444.1558812847493,True
MARYLEBONE,1881,310.39577520539444,1545.3528988135677,True
MARYLEBONE,1881,255.22258113856523,2676.8678411014444,True
HAMPSTEAD,1881,0.0,0.0,False
PANCRAS,1881,0.0,0.0,False
PANCRAS,1881,64.92039818306897,1568.4777839872531,True
PANCRAS,1881,58.901966359452274,2074.369929250908,True
PANCRAS,1881,58.47039649981397,1058.1582831002083,True
PANCRAS,1881,59.702327384220524,1072.4502161846942,True
PANCRAS,1881,299.8193914585421,2258.2975191183855,True
ISLINGTON,1881,0.0,0.0,False
ISLINGTON,1881,76.28184733724679,1240.270749173345,True
HACKNEY,1881,0.0,0.0,False
HACKNEY,1881,16.232512420926543,1426.2764107344246,True
HACKNEY,1881,25.181661750604267,1835.7481982265465,True
HACKNEY,1881,133.1600048294308,3073.9875721855633,True
HACKNEY,1881,11.130742631296313,3473.826871825742,True
ST GILES,1881,0.0,0.0,False
ST GILES,1881,52.51250053479512,635.1319253776776,True
ST GILES,1881,64.15916132096972,353.0624794695278,True
STRAND,1881,500.5774370984633,804.8037466099305,True
STRAND,1881,44.41478850092276,814.1808440434048,True
STRAND,1881,13.28930328135349,1147.6055783659915,True
HOLBORN,1881,0.0,0.0,False
HOLBORN,1881,67.80725150562805,405.2964486076409,True
HOLBORN,1881,12.78500134426292,896.4824507219686,True
HOLBORN,1881,63.507557859725175,1040.903766455581,True
HOLBORN,1881,19.423939133237354,896.6870097977979,True
HOLBORN,1881,26.552313184137038,4586.7561010502495,True
HOLBORN,1881,16.441521668943178,1263.6855359247506,True
HOLBORN,1881,54.05521752452774,1518.1947579332775,True
HOLBORN,1881,27.47503345137165,1832.7526764269842,True
HOLBORN,1881,78.39834168500823,1523.35662334127,True
HOLBORN,1881,18.763522735949106,1964.1348498446525,True
LONDON CITY,1881,86.69625755836083,1649.5795957508458,True
LONDON CITY,1881,79.1846889335621,894.9203679035171,True
LONDON CITY,1881,17.705798436383166,585.7957058975943,True
LONDON CITY,1881,125.20327370412207,496.4063008095648,True
LONDON CITY,1881,382.79155399671987,439.7110586983767,True
LONDON CITY,1881,125.56602442706681,1346.4133569420699,True
LONDON CITY,1881,103.66805589295825,1200.8035812864237,True
SHOREDITCH,1881,0.0,0.0,False
SHOREDITCH,1881,33.96399260721849,570.0706307425978,True
SHOREDITCH,1881,36.2419956068698,1059.9408270081706,True
SHOREDITCH,1881,8.724518163394173,1209.4191852021772,True
SHOREDITCH,1881,147.5197142824325,1421.6775966629139,True
BETHNAL GREEN,1881,0.0,0.0,False
BETHNAL GREEN,1881,151.7017620815337,1113.8824018596547,True
BETHNAL GREEN,1881,20.52711414954391,841.5664785538489,True
BETHNAL GREEN,1881,64.00957026195124,670.8005342693134,True
WHITECHAPEL,1881,96.32997536824256,121.07775311784478,True
WHITECHAPEL,1881,7.150255595610205,608.6134957718069,True
WHITECHAPEL,1881,103.76697991272488,765.7127319898658,True
WHITECHAPEL,1881,16.67140370519614,783.4694370428389,True
WHITECHAPEL,1881,25.167155114494054,952.1308400217866,True
WHITECHAPEL,1881,153.2757279370917,1336.4815687801936,True
ST GEORGE IN THE EAST,1881,0.0,0.0,False
ST GEORGE IN THE EAST,1881,31.675640439230328,495.2758568203793,True
ST GEORGE IN THE EAST,1881,42.88611536038833,572.8201792870485,True
STEPNEY,1881,0.0,0.0,False
STEPNEY,1881,32.62317100818199,1130.3405769111564,True
STEPNEY,1881,115.60560985428255,1929.5811045236928,True
POPLAR,1881,48.002074352067105,825.8148787026412,True
POPLAR,1881,51.99792564793292,894.5584381790101,True
POPLAR,1881,7.578515668042474,2994.4447914801262,True
ST SAVIOUR SOUTHWARK,1881,0.0,0.0,False
ST SAVIOUR SOUTHWARK,1881,77.81930123324945,656.0805509770286,True
ST SAVIOUR SOUTHWARK,1881,97.96268591730322,1757.2595250703537,True
ST SAVIOUR SOUTHWARK,1881,32.61143446943428,671.0538339379494,True
ST SAVIOUR SOUTHWARK,1881,91.99932898006996,824.3604667104134,True
ST SAVIOUR SOUTHWARK,1881,112.37773586873436,1359.1004520342617,True
ST SAVIOUR SOUTHWARK,1881,368.5279306777755,2339.5588803517985,True
ST SAVIOUR SOUTHWARK,1881,91.01761601849476,1765.1892778960544,True
ST OLAVE SOUTHWARK,1881,0.0,0.0,False
ST OLAVE SOUTHWARK,1881,5.543565812069824,560.4555474873024,True
ST OLAVE SOUTHWARK,1881,1.8816393914713083,543.5173245056413,False
ST OLAVE SOUTHWARK,1881,155.88545104490035,929.9164515574154,True
ST OLAVE SOUTHWARK,1881,642.5471197871192,1591.0296606496374,True
ST OLAVE SOUTHWARK,1881,1207.6416386022834,2766.7948986980323,True
LAMBETH,1881,0.0,0.0,False
LAMBETH,1881,49.637920258755074,434.2560069384432,True
LAMBETH,1881,185.87900545303555,1307.7388219092215,True
LAMBETH,1881,125.4682134849057,1480.8493122252687,True
LAMBETH,1881,666.1025453159566,2754.658309708412,True
LAMBETH,1881,735.1818025712162,3467.8877676475927,True
LAMBETH,1881,1949.8105889406797,5126.975179201331,True
LAMBETH,1881,1536.5753026457146,8094.418859918447,True
WANDSWORTH,1881,0.0,0.0,False
WANDSWORTH,1881,99.49426532162785,1735.4481605134076,True
WANDSWORTH,1881,124.1376552885755,4016.4722470840584,True
WANDSWORTH,1881,98.52471359041569,6764.464684672922,True
WANDSWORTH,1881,222.22357296165828,3024.1785068149343,True
CAMBERWELL,1881,0.0,0.0,False
CAMBERWELL,1881,7.9749341245723375,2257.057144078526,True
CAMBERWELL,1881,19.02213046519211,3274.9931417814296,True
CAMBERWELL,1881,66.53666581045556,4646.1212951738,True
GREENWICH,1881,0.0,0.0,False
GREENWICH,1881,95.9833600750672,1277.5029351564165,True
GREENWICH,1881,74.24465090656555,1758.5131835548943,True
GREENWICH,1881,4.3226096690081235,3405.5671018792923,False
LEWISHAM,1881,0.6508426392069356,4707.203429215047,False
LEWISHAM,1881,69.07450840764243,6398.872270409519,True
LEWISHAM,1881,25.281822697732736,8326.282027420977,True
LEWISHAM,1881,63.8811322998009,10312.925177962165,True
EPSOM,1881,0.0,0.0,False
EPSOM,1881,14.335897823809526,5208.121972517035,True
EPSOM,1881,36.91683837209613,12343.69567845929,True
CHERTSEY,1881,0.0,0.0,False
CHERTSEY,1881,73.35469786709024,6328.58897370808,True
CHERTSEY,1881,129.86407978099237,14870.856660062798,True
GUILDFORD,1881,6.309406663604854,437.97054161503735,True
GUILDFORD,1881,55.67201573725708,8743.86094055584,True
GUILDFORD,1881,2.7348102345844065,11757.199060001842,False
GUILDFORD,1881,72.98884090770996,5812.042337897239,True
GUILDFORD,1881,24.940936311253914,10654.58736135625,True
FARNHAM,1881,77.16539230948727,2765.65017810747,True
FARNHAM,1881,68.8597474378541,13472.73454970121,True
HAMBLEDON,1881,0.0,0.0,False
HAMBLEDON,1881,16.69948245055865,11018.411272622492,True
DORKING,1881,0.0,0.0,False
DORKING,1881,32.277371879798444,7908.2682829568375,True
REIGATE,1881,6.399124445778476,336.3651327409814,True
REIGATE,1881,24.92819426936656,7833.356434063329,True
GODSTONE,1881,0.0,0.0,False
CROYDON,1881,0.0,0.0,False
CROYDON,1881,44.598649668611216,5943.908138115832,True
KINGSTON,1881,0.0,0.0,False
KINGSTON,1881,172.72702211172472,5170.840779140423,True
KINGSTON,1881,163.7162479406117,10387.364444631414,True
KINGSTON,1881,47.52213018840289,8917.379098131414,True
RICHMOND,1881,0.0,0.0,False
RICHMOND,1881,42.162815131520006,2459.9520024296216,True
BROMLEY,1881,0.0,0.0,False
BROMLEY,1881,26.666877291963896,6149.356666614143,True
DARTFORD,1881,0.0,0.0,False
DARTFORD,1881,42.45234222944877,7331.198772255293,True
DARTFORD,1881,96.0298575159388,13088.92443746338,True
GRAVESEND,1881,0.0,0.0,False
NORTH AYLESFORD,1881,0.0,0.0,False
NORTH AYLESFORD,1881,12.42073722199549,7051.520661010771,True
HOO,1881,0.0,0.0,False
MEDWAY,1881,0.0,0.0,False
MEDWAY,1881,206.99795783557104,3850.7495853362348,True
MALLING,1881,0.0,0.0,False
MALLING,1881,35.58385668319472,9153.850582941537,True
MALLING,1881,11.831040461669733,9317.731005829433,True
SEVENOAKS,1881,0.0,0.0,False
SEVENOAKS,1881,1.6013874538547777,6562.654563618618,False
SEVENOAKS,1881,36.351090852598524,13513.24104376411,True
TUNBRIDGE,1881,0.0,0.0,False
TUNBRIDGE,1881,79.89319532871122,7509.8916229644665,True
TUNBRIDGE,1881,50.88081451828285,10814.60978013707,True
MAIDSTONE,1881,0.0,0.0,False
MAIDSTONE,1881,48.38597290787576,7327.335025957417,True
MAIDSTONE,1881,28.408871961207545,6474.301775313738,True
MAIDSTONE,1881,83.56533297103685,7230.545944924455,True
MAIDSTONE,1881,79.35993825155157,8704.226825267155,True
HOLLINGBOURN,1881,0.0,0.0,False
HOLLINGBOURN,1881,25.632285510093855,10068.091916010724,True
HOLLINGBOURN,1881,11.226138216719734,10204.026180898309,True
CRANBROOK,1881,0.0,0.0,False
CRANBROOK,1881,0.8733609591555977,5709.214170840186,False
TENTERDEN,1881,0.0,0.0,False
TENTERDEN,1881,21.739567219309976,5439.733210999487,True
WEST ASHFORD,1881,0.0,0.0,False
WEST ASHFORD,1881,15.371937863151489,6692.541332147377,True
EAST ASHFORD,1881,0.0,0.0,False
EAST ASHFORD,1881,28.45816293239795,6964.250893120532,True
EAST ASHFORD,1881,72.78299526047999,14715.98640958585,True
BRIDGE,1881,0.0,0.0,False
BRIDGE,1881,33.528255907468704,8301.676532680996,True
CANTERBURY,1881,0.0,0.0,False
BLEAN,1881,0.0,0.0,False
BLEAN,1881,25.6286446332641,5758.848624552723,True
BLEAN,1881,35.990188525069144,5687.687747313248,True
FAVERSHAM,1881,0.0,0.0,False
FAVERSHAM,1881,59.55548397750968,4451.239366056567,True
FAVERSHAM,1881,27.67571823225769,8787.307451314398,True
MILTON,1881,0.0,0.0,False
SHEPPEY,1881,0.0,0.0,False
SHEPPEY,1881,59.79932886498507,6801.633178956252,True
THANET,1881,0.0,0.0,False
THANET,1881,77.68297933396559,6365.1030577350575,True
THANET,1881,60.603083753785725,7659.728789614944,True
EASTRY,1881,0.0,0.0,False
EASTRY,1881,59.482482165936744,5731.393315753387,True
EASTRY,1881,60.6892059737457,6930.503372600308,True
EASTRY,1881,63.80955339217652,6759.673381804271,True
DOVER,1881,0.0,0.0,False
DOVER,1881,98.79887490217858,4997.538384466548,True
DOVER,1881,100.74989242641166,7819.570222763668,True
ELHAM,1881,2.6894863592430753,98.86663317993258,False
ELHAM,1881,226.34780083801996,7824.291477422377,True
ELHAM,1881,138.73246750561938,7802.437074029935,True
ROMNEY MARSH,1881,0.0,0.0,False
ROMNEY MARSH,1881,21.41250527668837,6256.6344005037045,True
RYE,1881,0.0,0.0,False
RYE,1881,39.45385459231916,6877.613875050442,True
HASTINGS,1881,0.0,0.0,False
HASTINGS,1881,95.4310729265809,3930.1784882072257,True
HASTINGS,1881,72.85078997715144,6363.804715659162,True
BATTLE,1881,0.0,0.0,False
BATTLE,1881,37.52887156603151,9799.214501282886,True
BATTLE,1881,1.5293884914142222,7653.285594465578,False
EASTBOURNE,1881,0.0,0.0,False
EASTBOURNE,1881,11.270613362448193,7494.983903815822,True
HAILSHAM,1881,0.0,0.0,False
HAILSHAM,1881,20.09011627299263,7604.917987142859,True
TICEHURST,1881,0.0,0.0,False
TICEHURST,1881,25.183505419507117,6503.224609456803,True
TICEHURST,1881,2.1202218378698756,7293.997353326206,False
TICEHURST,1881,43.7861337689523,12180.21458109233,True
UCKFIELD,1881,0.0,0.0,False
UCKFIELD,1881,45.686142720583724,10146.666310716018,True
UCKFIELD,1881,78.64552026597231,13837.919659722893,True
UCKFIELD,1881,9.856610414555764,10797.244148403935,True
EAST GRINSTEAD,1881,0.0,0.0,False
EAST GRINSTEAD,1881,31.146337552229298,8416.267578510606,True
EAST GRINSTEAD,1881,0.6531685008754265,15638.92209698992,False
CUCKFIELD,1881,0.0,0.0,False
CUCKFIELD,1881,35.39887898355448,8449.214530295334,True
CUCKFIELD,1881,0.0914201282353585,12975.494186553464,False
LEWES,1881,0.0,0.0,False
LEWES,1881,7.593047883963799,6708.660494753888,True
LEWES,1881,65.06664357406358,7658.573681752748,True
LEWES,1881,15.55436553658294,15741.455424466965,True
LEWES,1881,42.51818653704716,16334.118971466713,True
LEWES,1881,6.670216346215099,9385.457399259769,True
BRIGHTON,1881,0.0,0.0,False
BRIGHTON,1881,682.0475760296629,1161.6785609086453,True
BRIGHTON,1881,12.888017355202338,1753.5255954073284,True
STEYNING,1881,14.6906487175475,747.2748685403564,True
STEYNING,1881,16.68459476786584,7431.143719076755,True
HORSHAM,1881,19.460947031793534,2032.9328433459184,True
HORSHAM,1881,32.419200379217614,9853.971145912714,True
HORSHAM,1881,18.758409387720064,6967.349259377539,True
PETWORTH,1881,17.178910257083675,6216.356450304309,True
PETWORTH,1881,2.579394284674272,13284.220771321578,False
THAKEHAM,1881,24.028485232359202,1428.9069778969154,True
THAKEHAM,1881,51.3853292630423,7920.531087308083,True
WESTHAMPNETT,1881,0.0,0.0,False
WESTHAMPNETT,1881,15.76474260192732,5940.703572411925,True
WESTHAMPNETT,1881,77.78272515811354,10666.360504600685,True
WESTHAMPNETT,1881,3.133139258202093,16300.758667798726,False
WESTHAMPNETT,1881,29.484021757708145,11997.437928683757,True
WESTHAMPNETT,1881,0.3744175525085829,16379.695654429723,False
CHICHESTER,1881,91.33314932334281,15526.33533655834,True
MIDHURST,1881,15.154684332545306,783.8662492274653,True
MIDHURST,1881,31.4668728617027,7117.043121291891,True
MIDHURST,1881,44.11572158990335,9308.715308568022,True
WESTBOURNE,1881,45.31774621551065,2219.229809704436,True
HAVANT,1881,0.0,0.0,False
PORTSEA ISLAND,1881,0.0,0.0,False
PORTSEA ISLAND,1881,92.55320079149114,2698.800458935621,True
PORTSEA ISLAND,1881,96.05706406956882,3052.169392497996,True
PORTSEA ISLAND,1881,22.32224445368704,2235.424688785965,True
ALVERSTOKE,1881,0.0,0.0,False
FAREHAM,1881,0.0,0.0,False
FAREHAM,1881,5.042887268024394,7372.6182205176765,True
ISLE OF WIGHT,1881,0.0,0.0,False
ISLE OF WIGHT,1881,137.09064502651947,5616.773050090069,True
ISLE OF WIGHT,1881,83.1760524516163,11169.870926267236,True
ISLE OF WIGHT,1881,150.8733596223607,12543.873208083696,True
ISLE OF WIGHT,1881,162.93486583584948,11713.462512044442,True
LYMINGTON,1881,0.43938771698060625,13.460023159484468,False
LYMINGTON,1881,42.902606750894954,6988.58452531132,True
CHRISTCHURCH,1881,0.0,0.0,False
RINGWOOD,1881,0.5961562610367079,47.050062837400596,False
FORDINGBRIDGE,1881,6.900802908880877,632.901779861484,True
NEW FOREST,1881,9.670330207825335,681.0398480763349,True
NEW FOREST,1881,1.4997152156843867,16426.768158883475,False
NEW FOREST,1881,6.978172210555904,6696.184730749041,True
SOUTHAMPTON,1881,0.0,0.0,False
SOUTH STONEHAM,1881,0.0,0.0,False
SOUTH STONEHAM,1881,77.36914520820933,4887.079340795823,True
SOUTH STONEHAM,1881,59.352469235600836,8212.676450312178,True
ROMSEY,1881,0.0,0.0,False
ROMSEY,1881,47.868732390660426,6333.505876761666,True
STOCKBRIDGE,1881,0.0,0.0,False
STOCKBRIDGE,1881,23.469079021575777,8233.62488760576,True
WINCHESTER,1881,0.0,0.0,False
WINCHESTER,1881,23.4236039593479,7219.562104548116,True
WINCHESTER,1881,78.07039491282322,10515.928951576701,True
WINCHESTER,1881,4.581672241858785,16126.256749023578,False
WINCHESTER,1881,2.7687982012723986,17347.695437201928,False
DROXFORD,1881,0.0,0.0,False
DROXFORD,1881,9.705742979059378,9200.228229368193,True
DROXFORD,1881,80.5269861518707,8310.844657086709,True
CATHERINGTON,1881,0.0,0.0,False
PETERSFIELD,1881,37.14649212387653,3098.1254982468304,True
PETERSFIELD,1881,11.189808926064437,5971.112440586533,True
ALRESFORD,1881,0.0,0.0,False
ALRESFORD,1881,24.07827088132167,7408.858176012502,True
ALTON,1881,29.45957752620652,2204.6707805689634,True
ALTON,1881,6.840658211636512,10146.024107752208,True
BASINGSTOKE,1881,0.0,0.0,False
BASINGSTOKE,1881,12.93316163166876,7917.116071089401,True
BASINGSTOKE,1881,63.98630317901288,8213.833818927933,True
WHITCHURCH,1881,0.0,0.0,False
ANDOVER,1881,0.0,0.0,False
ANDOVER,1881,30.40100837241548,12998.150666828336,True
ANDOVER,1881,50.08125237137219,7514.146835108565,True
ANDOVER,1881,47.87926453549133,14162.024451585561,True
KINGSCLERE,1881,0.0,0.0,False
KINGSCLERE,1881,30.812891709360468,9473.382507646405,True
NEWBURY,1881,0.0,0.0,False
NEWBURY,1881,57.93598349526533,8238.144542411928,True
NEWBURY,1881,55.01776769682878,9762.310648270586,True
HUNGERFORD,1881,0.0,0.0,False
HUNGERFORD,1881,61.2726754033291,7178.796304832992,True
HUNGERFORD,1881,39.12965101486955,13996.163919821318,True
FARINGDON,1881,1.0326815105090865,92.54011073271697,False
FARINGDON,1881,14.375714484643535,10006.690669592928,True
FARINGDON,1881,5.134016953983082,9304.260451279666,True
ABINGDON,1881,0.0,0.0,False
ABINGDON,1881,73.99637334084575,6000.136752422215,True
ABINGDON,1881,57.628328489041756,7799.079781241594,True
ABINGDON,1881,34.60243319785175,14416.008932256758,True
ABINGDON,1881,56.67180881355639,8861.90760420825,True
WANTAGE,1881,0.0,0.0,False
WANTAGE,1881,46.02040631196955,13358.465815463507,True
WANTAGE,1881,4.986999128220906,9204.908838390542,False
WALLINGFORD,1881,0.0,0.0,False
WALLINGFORD,1881,17.259632768285822,6904.836659123301,True
BRADFIELD,1881,0.0,0.0,False
BRADFIELD,1881,24.280039453392856,10647.588398098178,True
BRADFIELD,1881,38.210784934579465,7293.110199364477,True
READING,1881,0.0,0.0,False
READING,1881,82.69195739066338,2203.2754443771028,True
READING,1881,58.70917361771922,2435.9011530061694,True
WOKINGHAM,1881,0.0,0.0,False
WOKINGHAM,1881,16.43435101896812,7975.569963317176,True
COOKHAM,1881,0.0,0.0,False
COOKHAM,1881,25.45735744781028,6285.799730199154,True
EASTHAMPSTEAD,1881,0.0,0.0,False
EASTHAMPSTEAD,1881,80.31527292528754,8073.314018042396,True
WINDSOR,1881,0.0,0.0,False
WINDSOR,1881,52.63790972162516,5795.910853267642,True
STAINES,1881,0.0,0.0,False
STAINES,1881,20.183915605305845,5614.918099340938,True
UXBRIDGE,1881,0.0,0.0,False
UXBRIDGE,1881,3.3962846262065907,6164.776164889148,False
UXBRIDGE,1881,141.0752520899339,4945.533910953934,True
BRENTFORD,1881,0.0,0.0,False
BRENTFORD,1881,66.58439889477505,3289.5080510406015,True
BRENTFORD,1881,32.01473364771286,5623.0004729842985,True
BRENTFORD,1881,82.69519775734582,7233.756223044052,True
BRENTFORD,1881,18.647065181726546,6699.28522838379,True
HENDON,1881,0.0,0.0,False
HENDON,1881,50.87394493325189,4451.8220092446645,True
HENDON,1881,66.7086652221157,8057.341778310789,True
HENDON,1881,36.312173009931264,7717.421996226826,True
BARNET,1881,0.0,0.0,False
BARNET,1881,67.93747240318882,6317.840170923599,True
BARNET,1881,69.96233632596835,10068.382349019435,True
EDMONTON,1881,0.0,0.0,False
EDMONTON,1881,53.71141028907378,3383.9491711642436,True
EDMONTON,1881,141.76570385555905,5928.157053430652,True
EDMONTON,1881,301.2448283726833,9852.52990078834,True
EDMONTON,1881,247.85313272632442,15612.536257807062,True
EDMONTON,1881,167.81953099802956,14942.333775041732,True
WARE,1881,0.0,0.0,False
WARE,1881,0.5165091515721549,6834.445889494592,False
WARE,1881,16.04880183248297,7461.282139510194,True
WARE,1881,72.1865672710784,12944.340265639981,True
BISHOP STORTFORD,1881,0.0,0.0,False
BISHOP STORTFORD,1881,32.9291939197224,10159.225641079438,True
BISHOP STORTFORD,1881,6.524870268660288,4987.216176090925,True
BISHOP STORTFORD,1881,0.5299073818801064,11302.647248584142,False
ROYSTON,1881,0.0,0.0,False
ROYSTON,1881,19.364526985775576,8316.995500983165,True
ROYSTON,1881,1.0218773679484323,14746.679265714161,False
HITCHIN,1881,0.0,0.0,False
HITCHIN,1881,24.833660298762545,8790.296527172446,True
HERTFORD,1881,0.0,0.0,False
HERTFORD,1881,18.8114712530792,9009.594558014367,True
HATFIELD,1881,0.0,0.0,False
HATFIELD,1881,71.23361430436064,9152.479643269755,True
ST ALBANS,1881,0.0,0.0,False
ST ALBANS,1881,8.487345369133797,7374.408980104145,True
WATFORD,1881,0.0,0.0,False
WATFORD,1881,30.534656083762506,5628.150672759288,True
WATFORD,1881,23.724592964514212,10671.341611460235,True
WATFORD,1881,36.8022422347371,9016.735800295195,True
HEMEL HEMPSTEAD,1881,0.0,0.0,False
HEMEL HEMPSTEAD,1881,10.10886332573446,5502.611100038295,True
HEMEL HEMPSTEAD,1881,36.800963060592096,11038.015570593121,True
BERKHAMPSTEAD,1881,0.0,0.0,False
BERKHAMPSTEAD,1881,41.95304217436656,7361.728113837743,True
AMERSHAM,1881,0.0,0.0,False
AMERSHAM,1881,99.75799747221065,7022.707118979667,True
AMERSHAM,1881,18.609767485251318,7894.661613531591,True
AMERSHAM,1881,55.4200577312468,13226.298441858245,True
AMERSHAM,1881,41.21994394569505,10590.166482918052,True
ETON,1881,0.0,0.0,False
ETON,1881,58.85849050179803,7134.635917144903,True
ETON,1881,0.051537712882400055,7201.815617757514,False
WYCOMBE,1881,0.0,0.0,False
WYCOMBE,1881,25.624392020883626,7827.493176600181,True
WYCOMBE,1881,79.1122553932623,7845.638671309972,True
WYCOMBE,1881,46.29632121814471,16163.520096398644,True
WYCOMBE,1881,21.78517559364634,14465.00992724341,True
AYLESBURY,1881,0.0,0.0,False
AYLESBURY,1881,39.85865232583353,9146.823514972757,True
AYLESBURY,1881,7.3059097154481725,16894.117495863666,True
AYLESBURY,1881,42.72901599415308,8070.672659421074,True
WINSLOW,1881,0.0,0.0,False
NEWPORT PAGNELL,1881,0.0,0.0,False
NEWPORT PAGNELL,1881,90.1275433551901,6182.3822239265155,True
NEWPORT PAGNELL,1881,9.565069529010508,11530.49809502921,True
BUCKINGHAM,1881,0.0,0.0,False
BUCKINGHAM,1881,30.657223911046884,7947.486322233139,True
BUCKINGHAM,1881,23.21092282240624,11249.469221860276,True
HENLEY,1881,0.0,0.0,False
HENLEY,1881,55.889166723614395,9428.268770154973,True
THAME,1881,0.0,0.0,False
THAME,1881,14.825806601983354,6390.739266921341,True
THAME,1881,21.450576592224596,10703.708544462035,True
HEADINGTON,1881,0.0,0.0,False
HEADINGTON,1881,35.400139875089806,5166.431718812035,True
OXFORD,1881,0.0,0.0,False
BICESTER,1881,0.0,0.0,False
BICESTER,1881,0.39810292672709907,7266.938317910932,False
WOODSTOCK,1881,0.0,0.0,False
WOODSTOCK,1881,7.344411889917916,11062.934454295833,True
WITNEY,1881,0.0,0.0,False
WITNEY,1881,36.992783834694535,10342.016834321776,True
WITNEY,1881,19.548221655767996,6327.193856725466,True
WITNEY,1881,18.286418202066123,16149.962768354126,True
CHIPPING NORTON,1881,0.0,0.0,False
CHIPPING NORTON,1881,20.554969495444517,9209.78458090122,True
BANBURY,1881,0.0,0.0,False
BANBURY,1881,14.37135840332075,7550.785449029534,True
BANBURY,1881,0.030154601727058673,14501.299221871555,False
BANBURY,1881,18.03134260074944,11172.605470446522,True
BRACKLEY,1881,0.0,0.0,False
BRACKLEY,1881,15.88294256892207,7895.183957114835,True
TOWCESTER,1881,0.0,0.0,False
TOWCESTER,1881,14.124667575216021,6654.522556070785,True
POTTERSPURY,1881,0.0,0.0,False
HARDINGSTONE,1881,0.0,0.0,False
HARDINGSTONE,1881,9.09105191207357,5566.936591322969,True
HARDINGSTONE,1881,33.4202729457362,10060.442569409735,True
NORTHAMPTON,1881,5.266279708673636,162.71325393098428,True
NORTHAMPTON,1881,12.499806134294914,4766.220230192079,True
NORTHAMPTON,1881,50.00434127592032,10699.729336177974,True
DAVENTRY,1881,0.0,0.0,False
DAVENTRY,1881,24.626181668555304,6551.963553528891,True
DAVENTRY,1881,1.9730455266704299,10267.115037446774,False
BRIXWORTH,1881,0.0,0.0,False
BRIXWORTH,1881,27.58516090494406,8220.007873929684,True
BRIXWORTH,1881,14.990282576361649,8335.757314681014,True
WELLINGBOROUGH,1881,0.0,0.0,False
WELLINGBOROUGH,1881,2.204741251870153,8829.363746259494,False
WELLINGBOROUGH,1881,1.4533924321058767,7236.873530190182,False
KETTERING,1881,0.0,0.0,False
KETTERING,1881,36.751952063940955,8134.723222213703,True
KETTERING,1881,35.14801102193133,9176.47022292243,True
THRAPSTON,1881,0.0,0.0,False
THRAPSTON,1881,14.696541436953122,8173.846990985278,True
OUNDLE,1881,0.0,0.0,False
OUNDLE,1881,43.89999363837557,12597.415529091799,True
OUNDLE,1881,3.393845267833987,9118.208256080121,False
PETERBOROUGH,1881,0.0,0.0,False
PETERBOROUGH,1881,22.61992840334488,8224.437540337449,True
PETERBOROUGH,1881,9.372894937307837,17004.01205147389,True
PETERBOROUGH,1881,40.47467054752064,18069.120595479533,True
HUNTINGDON,1881,0.0,0.0,False
HUNTINGDON,1881,23.60421561718985,10059.206122281985,True
HUNTINGDON,1881,5.310134970807582,17127.90540827889,True
HUNTINGDON,1881,0.9412712484418516,13923.781354210962,False
ST IVES,1881,0.0,0.0,False
ST IVES,1881,3.453009965778997,5839.769938768116,False
ST IVES,1881,12.15735055433092,14709.458927746862,True
ST IVES,1881,1.1981678497055959,10869.575527102117,False
ST NEOTS,1881,0.0,0.0,False
ST NEOTS,1881,18.51195546340023,10427.479677387755,True
BEDFORD,1881,0.3908475142094377,21.305966278307046,False
BEDFORD,1881,10.68188949974305,4749.423056052365,True
BEDFORD,1881,15.768183420517662,10411.92150604062,True
BEDFORD,1881,33.41796939948969,14706.90587173642,True
BEDFORD,1881,27.7769094234464,14626.256064467087,True
BEDFORD,1881,43.61843862964617,15620.047994864091,True
BEDFORD,1881,7.201793775701678,10063.786791124618,True
BIGGLESWADE,1881,0.0,0.0,False
BIGGLESWADE,1881,20.137772039114058,8642.480094329978,True
AMPTHILL,1881,0.0,0.0,False
AMPTHILL,1881,54.1954564337203,7212.022749331575,True
AMPTHILL,1881,18.81308336433477,15242.235299803559,True
WOBURN,1881,0.0,0.0,False
WOBURN,1881,24.01870993990929,7676.785269050361,True
LEIGHTON BUZZARD,1881,0.0,0.0,False
LEIGHTON BUZZARD,1881,8.775666518393384,4423.938676094175,True
LEIGHTON BUZZARD,1881,48.67094538631873,9243.230827366036,True
LEIGHTON BUZZARD,1881,31.91553524749196,8503.910208930232,True
LUTON,1881,0.0,0.0,False
LUTON,1881,92.1484466527593,7409.617701337868,True
CAXTON,1881,0.0,0.0,False
CHESTERTON,1881,0.0,0.0,False
CHESTERTON,1881,34.36641977764873,10799.333406530766,True
CHESTERTON,1881,36.574579434254595,12381.506035228536,True
CAMBRIDGE,1881,0.0,0.0,False
CAMBRIDGE,1881,73.87305432230855,1614.5264217631723,True
CAMBRIDGE,1881,93.09955692271079,1460.0945559427105,True
CAMBRIDGE,1881,0.8521400427704026,3232.2210695925364,False
LINTON,1881,0.0,0.0,False
LINTON,1881,6.743022636707396,9396.239715315261,True
LINTON,1881,20.955368591555157,12486.905744672198,True
NEWMARKET,1881,0.0,0.0,False
NEWMARKET,1881,28.61494462162822,8863.11164656035,True
NEWMARKET,1881,29.183149133844218,10449.98950167765,True
NEWMARKET,1881,12.486213383868686,8591.889144921419,True
NEWMARKET,1881,39.95320937340222,15573.571336299243,True
ELY,1881,0.0,0.0,False
ELY,1881,14.513467305335853,5883.255266552403,True
ELY,1881,10.223383008776302,11680.507839296302,True
ELY,1881,65.56205245969927,15353.411300476433,True
NORTH WITCHFORD,1881,0.0,0.0,False
NORTH WITCHFORD,1881,14.127128587366991,7490.221786659476,True
WHITTLESEY,1881,0.0,0.0,False
WISBECH,1881,0.0,0.0,False
WISBECH,1881,76.39183858301027,4218.413531500652,True
WISBECH,1881,45.34234885136908,11407.413116654907,True
WISBECH,1881,19.43131973087216,17547.73757927702,True
WISBECH,1881,24.81203147282926,8217.971814561719,True
WISBECH,1881,23.462816595674628,14826.43191656855,True
WEST HAM,1881,0.0,0.0,False
WEST HAM,1881,796.6232591248361,3257.494979621566,True
WEST HAM,1881,491.1090200183605,3123.8287034726927,True
WEST HAM,1881,707.1718174166289,6195.023196554679,True
EPPING,1881,0.0,0.0,False
EPPING,1881,22.518871864814326,9281.667824512786,True
EPPING,1881,21.02547453159135,15069.747225565732,True
ONGAR,1881,0.0,0.0,False
ONGAR,1881,2.8348637820665963,8721.21843898829,False
ROMFORD,1881,0.0,0.0,False
ROMFORD,1881,46.70843461386689,5832.148029865965,True
ROMFORD,1881,78.92506530395116,7510.036024471326,True
ROMFORD,1881,19.48832278752759,5794.309421787692,True
ORSETT,1881,0.0,0.0,False
ORSETT,1881,71.72941417761969,8483.929268626625,True
BILLERICAY,1881,0.0,0.0,False
BILLERICAY,1881,33.887563007759724,6883.593326306828,True
BILLERICAY,1881,16.216272971133552,13800.276459729912,True
CHELMSFORD,1881,2.8725075608771538,100.23270951971878,False
CHELMSFORD,1881,88.23447793851224,6635.621921492464,True
CHELMSFORD,1881,32.81925615359641,11314.077064623294,True
CHELMSFORD,1881,35.00178019416148,15100.614510720236,True
CHELMSFORD,1881,47.31267185425164,6820.276737356546,True
ROCHFORD,1881,9.448562378509658,640.4978760552835,True
ROCHFORD,1881,70.78017637892144,7416.900672085866,True
ROCHFORD,1881,34.2600033106169,9265.26737741701,True
ROCHFORD,1881,40.336949216951,15655.86564212299,True
MALDON,1881,0.0,0.0,False
MALDON,1881,18.73423501969491,6224.769405699136,True
MALDON,1881,24.96242520162463,11147.753147284702,True
MALDON,1881,10.22208677164113,15254.114521156967,True
MALDON,1881,23.579278874267214,12594.28895185629,True
TENDRING,1881,34.96566444946595,4392.122702115899,True
TENDRING,1881,94.35988480864184,16657.149426377786,True
TENDRING,1881,35.807864014040966,11598.865158357174,True
TENDRING,1881,12.37717752893334,7978.046305932768,True
COLCHESTER,1881,0.0,0.0,False
COLCHESTER,1881,34.64536673297023,3706.5472130296885,True
COLCHESTER,1881,34.95123467273811,3496.269665318146,True
LEXDEN,1881,60.20501645537727,4229.07565997085,True
LEXDEN,1881,361.9153734355248,6672.021760239447,True
LEXDEN,1881,453.17276616424,13511.77464334564,True
LEXDEN,1881,318.3030658706089,17002.33034098926,True
LEXDEN,1881,249.90518798363078,13171.325022206398,True
HALSTEAD,1881,0.0,0.0,False
HALSTEAD,1881,11.892696950483586,9525.130470302125,True
BRAINTREE,1881,0.0,0.0,False
BRAINTREE,1881,35.79458653409895,9765.798485513797,True
BRAINTREE,1881,56.859939443751806,16917.63228302545,True
BRAINTREE,1881,59.14963916055017,17819.17382045504,True
BRAINTREE,1881,10.836905468733264,19298.22270180569,True
BRAINTREE,1881,36.56783025214494,11685.680663596906,True
DUNMOW,1881,0.0,0.0,False
DUNMOW,1881,5.032836392279604,7874.057106328608,True
DUNMOW,1881,21.225976319274057,13541.405930790032,True
DUNMOW,1881,11.032208350976688,8422.999654075575,True
SAFFRON WALDEN,1881,0.0,0.0,False
SAFFRON WALDEN,1881,25.61223646333871,6767.757418143245,True
SAFFRON WALDEN,1881,14.44240801769574,11223.375198200743,True
RISBRIDGE,1881,0.0,0.0,False
RISBRIDGE,1881,3.842584003234365,9735.155607413082,False
RISBRIDGE,1881,12.90445748717718,6599.806461245819,True
SUDBURY,1881,0.9221176341231334,28.157650162252192,False
SUDBURY,1881,1.239583373275972,13128.862902912299,False
SUDBURY,1881,51.23137908545845,6440.358947249763,True
SUDBURY,1881,6.815626760944299,8689.493510223298,True
SUDBURY,1881,5.923191180997004,10410.460156269894,True
COSFORD,1881,0.0,0.0,False
COSFORD,1881,6.116159421513469,9388.68617181492,True
THINGOE,1881,0.0,0.0,False
THINGOE,1881,21.695658893342006,9664.348838980286,True
THINGOE,1881,11.85549502767911,13095.420175893123,True
MILDENHALL,1881,0.0,0.0,False
MILDENHALL,1881,115.06673442361549,7397.696201275136,True
STOW,1881,0.0,0.0,False
STOW,1881,0.4978343825795313,9628.22055026056,False
STOW,1881,17.17992863432535,11025.768635323762,True
HARTISMERE,1881,0.0,0.0,False
HARTISMERE,1881,29.008833728092924,8982.46930869914,True
HARTISMERE,1881,4.986938491104132,7723.331840597879,False
HOXNE,1881,0.0,0.0,False
HOXNE,1881,1.3788164235918516,8488.28988245386,False
BOSMERE,1881,0.0,0.0,False
BOSMERE,1881,8.001016525055014,9070.94199862739,True
SAMFORD,1881,0.0,0.0,False
SAMFORD,1881,0.8366474024059203,8854.403867172601,False
IPSWICH,1881,0.02274428328203298,0.3713813683016034,False
IPSWICH,1881,50.05418416355825,3681.368339103018,True
IPSWICH,1881,41.04500604776959,2427.498946948399,True
WOODBRIDGE,1881,58.7745249258682,2624.2974606033804,True
WOODBRIDGE,1881,33.43697176163209,10954.193679429349,True
WOODBRIDGE,1881,10.592864443713124,13074.891659990233,True
PLOMESGATE,1881,0.0,0.0,False
PLOMESGATE,1881,7.239047830103289,5108.453926330319,True
PLOMESGATE,1881,232.8138315069267,15737.983298872417,True
PLOMESGATE,1881,21.696197916708773,16816.201676694953,True
PLOMESGATE,1881,3.082288558776475,10856.662342039905,False
BLYTHING,1881,0.0,0.0,False
BLYTHING,1881,29.938732832561076,10767.683725669089,True
BLYTHING,1881,20.199045468017854,12367.419064276679,True
WANGFORD,1881,0.0,0.0,False
WANGFORD,1881,11.299039222483803,9168.33747055737,True
MUTFORD,1881,0.0,0.0,False
MUTFORD,1881,17.62106404223117,7706.6256563989955,True
MUTFORD,1881,0.2437648851031502,14005.15251722777,False
YARMOUTH,1881,0.0,0.0,False
YARMOUTH,1881,93.7000164144846,2694.5176636147244,True
FLEGG,1881,0.0,0.0,False
FLEGG,1881,20.2260460266274,5497.898911330829,True
ERPINGHAM,1881,0.0,0.0,False
ERPINGHAM,1881,13.616772182367423,9973.974178756556,True
ERPINGHAM,1881,24.523551737874662,18806.349271442166,True
AYLSHAM,1881,0.0,0.0,False
AYLSHAM,1881,32.1302359340614,12194.552977825346,True
NORWICH,1881,0.0,0.0,False
NORWICH,1881,0.31314225524720996,2760.056414496507,False
NORWICH,1881,78.1108229807891,3255.9198932279296,True
NORWICH,1881,122.99447329101191,3671.370400229998,True
NORWICH,1881,87.45448974924119,2122.360501686194,True
FOREHOE,1881,0.0,0.0,False
FOREHOE,1881,45.54934978703912,8894.931520924925,True
HENSTEAD,1881,0.0,0.0,False
HENSTEAD,1881,6.927290009337496,8891.675673277414,True
BLOFIELD,1881,0.0,0.0,False
BLOFIELD,1881,45.393626617607566,8144.940782250547,True
LODDON,1881,0.0,0.0,False
LODDON,1881,20.68410573545671,9307.729199634303,True
LODDON,1881,35.0389894170652,11496.191726197882,True
DEPWADE,1881,0.0,0.0,False
DEPWADE,1881,7.611767906946572,10357.002757554774,True
DEPWADE,1881,11.873853752809637,6592.211972212123,True
DEPWADE,1881,1.5855780296811186,13441.161373454908,False
GUILTCROSS,1881,0.0,0.0,False
GUILTCROSS,1881,33.05285976703299,7811.86623704532,True
WAYLAND,1881,0.0,0.0,False
WAYLAND,1881,18.078192995310992,7912.47169577822,True
MITFORD,1881,0.0,0.0,False
MITFORD,1881,49.73871183155884,7692.505160104314,True
MITFORD,1881,24.081220227426897,13917.315779282364,True
MITFORD,1881,69.28387924410467,7932.501136822909,True
MITFORD,1881,134.6504033146398,15868.433470563972,True
MITFORD,1881,69.80130735962868,16905.06703731173,True
WALSINGHAM,1881,0.0,0.0,False
WALSINGHAM,1881,10.026765036890334,8959.575471134254,True
WALSINGHAM,1881,29.475786029905215,13949.089340368553,True
DOCKING,1881,0.0,0.0,False
DOCKING,1881,3.7778564311617435,12934.900778886671,False
DOCKING,1881,13.31418406825105,8128.952113200898,True
FREEBRIDGE LYNN,1881,0.0,0.0,False
FREEBRIDGE LYNN,1881,15.884483838268798,7422.924924919563,True
FREEBRIDGE LYNN,1881,62.920116124752276,11386.625378969891,True
FREEBRIDGE LYNN,1881,57.89694241109724,8707.355482264336,True
KING'S LYNN,1881,540.2853638631921,457.5750285620673,True
KING'S LYNN,1881,5497.195765651206,2227.1808061280813,True
DOWNHAM,1881,0.0,0.0,False
DOWNHAM,1881,5.143364627471612,12061.251139609385,True
DOWNHAM,1881,21.711533063986977,9219.425432153972,True
SWAFFHAM,1881,102.66968985966693,4417.9865005098145,True
THETFORD,1881,1.038145943971986,113.7633656586713,False
THETFORD,1881,24.889352669858397,18935.314834552333,True
HIGHWORTH,1881,0.934703148290539,57.14205254088665,False
HIGHWORTH,1881,16.013370749580563,9523.305009789834,True
CRICKLADE,1881,0.0,0.0,False
CRICKLADE,1881,8.044051094893936,10393.448630303266,True
MALMESBURY,1881,0.0,0.0,False
MALMESBURY,1881,28.725322320896424,9924.429303478715,True
CHIPPENHAM,1881,0.0,0.0,False
CHIPPENHAM,1881,22.87811397592315,7344.8256224177485,True
CHIPPENHAM,1881,4.819656569086648,10404.366257369938,False
CHIPPENHAM,1881,14.941281085994465,9986.687172431566,True
CALNE,1881,0.0,0.0,False
MARLBOROUGH,1881,0.0,0.0,False
DEVIZES,1881,13.620212016050862,713.0462102627508,True
DEVIZES,1881,1.9487114792170093,10244.466573045382,False
DEVIZES,1881,38.200708322838125,9178.035591643187,True
MELKSHAM,1881,0.0,0.0,False
MELKSHAM,1881,74.66961481853455,7017.534356801511,True
BRADFORD ON AVON,1881,0.0,0.0,False
BRADFORD ON AVON,1881,54.82658238869097,3291.3447518404428,True
WESTBURY,1881,0.0,0.0,False
WESTBURY,1881,151.32909236814334,6825.181681501144,True
WESTBURY,1881,27.33563491326299,4012.6424727448557,True
WARMINSTER,1881,0.0,0.0,False
WARMINSTER,1881,44.586087795939136,4975.3313279678205,True
WARMINSTER,1881,126.50152158042116,10836.146667538813,True
PEWSEY,1881,12.968434589730052,668.4134941493553,True
PEWSEY,1881,1.089873106661058,10551.287886790305,False
AMESBURY,1881,0.0,0.0,False
AMESBURY,1881,51.83007407960923,9633.825095329363,True
AMESBURY,1881,9.406307270361243,15833.409452348715,True
ALDERBURY,1881,1.6031328075384443,115.4410482862715,False
ALDERBURY,1881,21.814315406037096,7549.646444192305,True
ALDERBURY,1881,62.80713943664485,8611.198297305289,True
ALDERBURY,1881,99.34388881897303,8438.335171309222,True
WILTON,1881,184.63509836367012,484093.43741221033,True
WILTON,1881,271.13967569252424,492644.3166421773,True
TISBURY,1881,0.0,0.0,False
TISBURY,1881,42.67367501538635,6184.6458059741235,True
TISBURY,1881,43.67224455987481,10715.644509797079,True
MERE,1881,0.0,0.0,False
SHAFTESBURY,1881,0.0,0.0,False
SHAFTESBURY,1881,92.05090166545284,7195.8390697489785,True
SHAFTESBURY,1881,71.64336925556704,4754.920013269123,True
STURMINSTER,1881,0.0,0.0,False
STURMINSTER,1881,49.948715534633095,6607.355100505767,True
BLANDFORD,1881,2.2825374986122786,390.0091796406381,False
BLANDFORD,1881,7.152456900528334,10257.065129721192,True
WIMBORNE,1881,0.0,0.0,False
WIMBORNE,1881,58.39832984576475,9852.342876897463,True
WIMBORNE,1881,59.375122677426226,13489.744978851078,True
POOLE,1881,0.0,0.0,False
POOLE,1881,70.02317925571695,4580.545078305916,True
POOLE,1881,48.48429771271782,8300.562621887706,True
WAREHAM,1881,0.0,0.0,False
WAREHAM,1881,10.754104629397089,4898.121184198803,True
WAREHAM,1881,164.58565171807763,12561.78787332864,True
WAREHAM,1881,175.86280150110463,18946.369890584185,True
WEYMOUTH,1881,1.1540035130654438,132.44388026824993,False
WEYMOUTH,1881,74.89481125774637,7155.302677892301,True
WEYMOUTH,1881,84.15044541902006,11551.098203408957,True
WEYMOUTH,1881,33.7900255020227,10913.408076798434,True
DORCHESTER,1881,0.0,0.0,False
DORCHESTER,1881,152.33756872724317,5997.82144131529,True
DORCHESTER,1881,271.0703986385847,9118.344907739982,True
DORCHESTER,1881,390.540194411409,13445.800929702284,True
SHERBORNE,1881,0.15672573835376494,8.782233326001354,False
SHERBORNE,1881,67.9185645163962,5466.194678376803,True
SHERBORNE,1881,33.76982222688694,7046.933322583387,True
BEAMINSTER,1881,4.688095295149662,253.43675861647458,False
BEAMINSTER,1881,46.63831591844548,11201.606564997359,True
BEAMINSTER,1881,30.72317317929954,6759.498354298232,True
BRIDPORT,1881,0.0,0.0,False
BRIDPORT,1881,88.58914224934429,5783.679477078117,True
BRIDPORT,1881,12.065430302507838,12538.886508037469,True
AXMINSTER,1881,0.0,0.0,False
AXMINSTER,1881,305.02482977225213,6093.525180815256,True
AXMINSTER,1881,264.7598000578449,11617.357751164129,True
AXMINSTER,1881,303.55382110729937,8208.786614090694,True
HONITON,1881,0.0,0.0,False
HONITON,1881,35.759870182264706,9083.07638829554,True
ST THOMAS,1881,0.0,0.0,False
ST THOMAS,1881,54.03389603095683,6076.389069704614,True
ST THOMAS,1881,15.978635069602396,5913.375376322844,True
ST THOMAS,1881,23.76085402313969,13356.204592630773,True
ST THOMAS,1881,48.28153501435795,9979.975093377878,True
ST THOMAS,1881,8.908849181876477,15334.496652266498,True
ST THOMAS,1881,12.018218062102498,20382.74922044462,True
ST THOMAS,1881,52.19271280555128,22930.77499177989,True
ST THOMAS,1881,4.471199228944289,23876.76251431166,False
ST THOMAS,1881,71.17576245245138,14103.623534438724,True
EXETER,1881,34.4292893030841,302.75290821650947,True
EXETER,1881,228.3749259256926,1710.5456638602216,True
NEWTON ABBOT,1881,0.0,0.0,False
NEWTON ABBOT,1881,261.0062642740278,9253.692336471426,True
NEWTON ABBOT,1881,256.26751843266635,21496.487211966392,True
NEWTON ABBOT,1881,408.25959225281724,19842.22481978926,True
NEWTON ABBOT,1881,213.37154564485252,11337.494744838972,True
NEWTON ABBOT,1881,67.74211520711452,10876.852146301528,True
TOTNES,1881,0.0,0.0,False
TOTNES,1881,17.858706594333835,7132.258671210093,True
TOTNES,1881,53.292513275744405,7854.873825243089,True
TOTNES,1881,26.57345568616603,6053.474053898317,True
TOTNES,1881,110.81639594083919,16163.133004809239,True
TOTNES,1881,152.67853440130696,17165.504228901773,True
TOTNES,1881,59.80481221124202,9786.691682534558,True
KINGSBRIDGE,1881,0.0,0.0,False
KINGSBRIDGE,1881,33.128155577963604,8794.72259816429,True
KINGSBRIDGE,1881,18.60931128015678,13325.847747859423,True
KINGSBRIDGE,1881,20.697131236213394,7581.646836853801,True
KINGSBRIDGE,1881,29.472019716605253,15722.233550508621,True
PLYMPTON ST MARY,1881,0.0,0.0,False
PLYMPTON ST MARY,1881,79.23407540902721,9146.486266077949,True
PLYMOUTH,1881,0.0,0.0,False
PLYMOUTH,1881,30.944541266612273,1628.8088595311192,True
EAST STONEHOUSE,1881,0.0,0.0,False
TAVISTOCK,1881,85.63794531948584,16450.10844690499,True
TAVISTOCK,1881,25.83708922618197,1574.7947573728723,True
TAVISTOCK,1881,71.31678991018326,13135.3286313006,True
TAVISTOCK,1881,71.51874814374668,19116.606755364843,True
OKEHAMPTON,1881,0.0,0.0,False
OKEHAMPTON,1881,15.576115864401988,10219.018231605452,True
OKEHAMPTON,1881,66.00216843533865,11199.445336682724,True
OKEHAMPTON,1881,11.787363308325396,22872.397619099123,True
OKEHAMPTON,1881,6.316781332944482,17691.82646665365,True
CREDITON,1881,0.0,0.0,False
CREDITON,1881,35.12153616871458,9314.790398632038,True
CREDITON,1881,42.28104458160354,11645.568140497273,True
CREDITON,1881,8.683442597519173,12089.455115519164,True
TIVERTON,1881,0.0,0.0,False
TIVERTON,1881,30.26786124788848,9046.711043223906,True
TIVERTON,1881,5.109089478718861,11689.867218588783,True
TIVERTON,1881,3.4379546928027325,9393.734916140074,False
TIVERTON,1881,17.913656702320615,13411.487598701391,True
TIVERTON,1881,24.00783612691345,17839.845425393258,True
SOUTH MOLTON,1881,0.0,0.0,False
SOUTH MOLTON,1881,26.437181413388604,12218.36703279397,True
SOUTH MOLTON,1881,28.87309790925822,12912.213056304761,True
BARNSTAPLE,1881,0.0,0.0,False
BARNSTAPLE,1881,171.99738374346447,16766.01429721726,True
BARNSTAPLE,1881,88.8737965451424,9015.379478021372,True
BARNSTAPLE,1881,49.2638724653604,14469.424063550614,True
BARNSTAPLE,1881,115.1146222975662,13250.757334976266,True
BARNSTAPLE,1881,89.91191948097467,7417.925596901997,True
TORRINGTON,1881,0.0,0.0,False
TORRINGTON,1881,11.111989233997749,11568.74016235254,True
TORRINGTON,1881,14.786137466300122,8318.588559992493,True
TORRINGTON,1881,2.7772758759947425,13408.358477604203,False
TORRINGTON,1881,19.906185733728833,7451.41030488805,True
BIDEFORD,1881,0.0,0.0,False
BIDEFORD,1881,76.04025498041463,2420.4466729103865,True
BIDEFORD,1881,401.1437342195873,6920.43566690309,True
BIDEFORD,1881,775.6133401981605,18339.31084317315,True
BIDEFORD,1881,133.09619172318577,12953.4790653353,True
HOLSWORTHY,1881,80.73553265007043,3518.025540177661,True
HOLSWORTHY,1881,59.75005538960658,7027.504440228965,True
HOLSWORTHY,1881,37.12184864060532,9019.43874944497,True
HOLSWORTHY,1881,29.285083372159544,12068.63291641071,True
HOLSWORTHY,1881,34.79943295905489,13321.215273262174,True
STRATTON,1881,0.0,0.0,False
STRATTON,1881,19.504025507234097,7229.503051510211,True
STRATTON,1881,51.40592841711621,15939.006155779201,True
CAMELFORD,1881,0.0,0.0,False
CAMELFORD,1881,95.19787569959442,7241.29360468695,True
LAUNCESTON,1881,0.0,0.0,False
LAUNCESTON,1881,6.574186334542052,9278.17431321355,True
LAUNCESTON,1881,34.68299965896631,15859.089149697415,True
LAUNCESTON,1881,82.42896021569453,13148.51859893748,True
LAUNCESTON,1881,16.474141788463278,10715.374991220648,True
ST GERMANS,1881,0.0,0.0,False
ST GERMANS,1881,59.80179743935705,9544.978786784548,True
ST GERMANS,1881,192.20533998326493,10583.326029999873,True
LISKEARD,1881,19.643305579105867,1742.0879410000973,True
LISKEARD,1881,57.772394818729936,12090.64711366874,True
LISKEARD,1881,30.735794199744877,17830.70607642363,True
LISKEARD,1881,33.70883938786681,22522.12594908761,True
BODMIN,1881,0.0,0.0,False
BODMIN,1881,55.31724496592453,11898.146325601345,True
BODMIN,1881,8.110586955793824,6883.416077891564,True
BODMIN,1881,33.86652241193714,18650.630756798768,True
ST COLUMB,1881,0.0,0.0,False
ST COLUMB,1881,18.64037316423538,8162.121772578335,True
ST COLUMB,1881,22.368210736379567,16289.806869070628,True
ST AUSTELL,1881,0.0,0.0,False
ST AUSTELL,1881,153.51915259195644,9597.757230883924,True
ST AUSTELL,1881,43.39702086219778,13931.458111341268,True
ST AUSTELL,1881,65.74075680274265,13433.085527853344,True
TRURO,1881,0.0,0.0,False
TRURO,1881,24.883489822931125,8791.579175243789,True
TRURO,1881,9.112813718238097,15015.3848585656,True
TRURO,1881,44.48683944876775,6343.8011149620115,True
TRURO,1881,53.930828735017485,11283.42068560703,True
TRURO,1881,55.381684275469425,11364.395891012073,True
FALMOUTH,1881,0.0,0.0,False
FALMOUTH,1881,19.367541949039488,5347.708351369833,True
FALMOUTH,1881,46.710260763599706,2382.0027600575863,True
FALMOUTH,1881,149.24864693365484,8696.54389248639,True
HELSTON,1881,0.0,0.0,False
HELSTON,1881,45.44941720498583,7612.415054504963,True
HELSTON,1881,54.04021426974518,12769.059838397934,True
HELSTON,1881,49.759465603139404,7458.683086856857,True
HELSTON,1881,59.07681328772632,5408.791109642209,True
REDRUTH,1881,0.0,0.0,False
REDRUTH,1881,66.6576047916716,5279.135498359967,True
REDRUTH,1881,24.603925587519583,7211.277814522311,True
REDRUTH,1881,38.63182547939433,9376.069325935696,True
REDRUTH,1881,8.564456525119244,13808.729536065612,True
PENZANCE,1881,0.0,0.0,False
PENZANCE,1881,22.22096258001284,6541.091350977031,True
PENZANCE,1881,57.690643843371234,4294.11578364405,True
PENZANCE,1881,11.353575968901351,8513.412326925074,True
PENZANCE,1881,16.843065110788068,14143.3811609172,True
PENZANCE,1881,3.7495413151014665,16866.121302415384,False
SCILLY ISLANDS,1881,0.0,0.0,False
WILLITON,1881,0.0,0.0,False
WILLITON,1881,1.6804797611821904,9548.026438215174,False
WILLITON,1881,31.105557506521393,17771.981545553026,True
WILLITON,1881,39.3101347753277,30571.3137816783,True
WILLITON,1881,17.772929000102355,24083.093718192235,True
WELLINGTON,1881,0.0,0.0,False
WELLINGTON,1881,43.297547770019285,5065.050844408223,True
WELLINGTON,1881,31.626920963755218,10766.741436506658,True
WELLINGTON,1881,91.58664737740996,13734.27844502557,True
TAUNTON,1881,0.0,0.0,False
TAUNTON,1881,28.038723625996138,11850.708690925809,True
TAUNTON,1881,82.91808538176569,6670.57941789319,True
TAUNTON,1881,46.54959592219908,9997.354294790832,True
TAUNTON,1881,36.1907366256316,15083.055190310828,True
BRIDGWATER,1881,0.0,0.0,False
BRIDGWATER,1881,4.1838947228586365,8360.142137296247,False
BRIDGWATER,1881,38.921684026701556,14073.409379964967,True
BRIDGWATER,1881,62.47101512446297,7757.802399990835,True
BRIDGWATER,1881,16.551413571902415,11326.507296764277,True
BRIDGWATER,1881,15.249730167137404,17943.14771330255,True
LANGPORT,1881,0.0,0.0,False
LANGPORT,1881,0.6229420397291466,8533.883845417557,False
LANGPORT,1881,18.418892660032434,15880.842465600534,True
CHARD,1881,0.0,0.0,False
CHARD,1881,9.074820018601491,9240.834725122317,True
CHARD,1881,43.39891946719322,7854.724392963802,True
CHARD,1881,21.2909975456148,8381.565144534014,True
YEOVIL,1881,0.0,0.0,False
YEOVIL,1881,66.43326539173115,7614.827167087844,True
YEOVIL,1881,26.14205732292737,8999.948726888731,True
YEOVIL,1881,49.09928147132376,6965.644624391599,True
YEOVIL,1881,32.71362806353276,11206.252053256663,True
WINCANTON,1881,0.0,0.0,False
WINCANTON,1881,2.4962955759418923,9575.477579642817,False
WINCANTON,1881,16.35290117528993,10337.301299322145,True
WINCANTON,1881,16.482292300267353,9962.15532638725,True
FROME,1881,0.0,0.0,False
FROME,1881,60.567210087568604,5721.13708461148,True
FROME,1881,46.40606175141422,11174.990606302126,True
FROME,1881,44.12545319933438,8398.920469248624,True
SHEPTON MALLET,1881,129.19992137334376,3575.385456587418,True
SHEPTON MALLET,1881,72.57632747911032,11267.285354494721,True
WELLS,1881,0.0,0.0,False
WELLS,1881,8.077015685604712,10624.587480799417,True
AXBRIDGE,1881,0.0,0.0,False
AXBRIDGE,1881,4.71302732313381,8934.974998738278,False
AXBRIDGE,1881,19.685908522888926,14325.320913338835,True
AXBRIDGE,1881,7.742188074943828,7321.8330038492795,True
AXBRIDGE,1881,10.935127208749746,14111.032855716549,True
CLUTTON,1881,0.0,0.0,False
CLUTTON,1881,19.54783189633625,6681.602461343916,True
CLUTTON,1881,52.381256630186876,9051.551983233676,True
CLUTTON,1881,33.49805302324261,10333.94653415554,True
BATH,1881,0.0,0.0,False
BATH,1881,74.70535116041387,6078.966717058723,True
BATH,1881,85.57300188337508,3916.245548771154,True
BATH,1881,96.18263027908075,6149.862018101498,True
BATH,1881,97.76648032739243,7026.743141545005,True
BATH,1881,27.204126280497547,8799.137281525047,True
KEYNSHAM,1881,0.0,0.0,False
KEYNSHAM,1881,43.90276892565186,5240.37637403752,True
KEYNSHAM,1881,13.046423919011986,7154.048791267212,True
KEYNSHAM,1881,8.257597167840824,5722.441352441405,True
BEDMINSTER,1881,0.0,0.0,False
BEDMINSTER,1881,409.03000574288893,5771.729413506368,True
BEDMINSTER,1881,338.4216474849854,15173.426697935167,True
BEDMINSTER,1881,228.215409237112,10668.142169814606,True
BRISTOL,1881,0.0,0.0,False
BRISTOL,1881,47.27144537006998,703.4927826726606,True
BRISTOL,1881,3.6649033931188644,1359.728753941356,False
BRISTOL,1881,52.14232303461968,1242.323523880233,True
BRISTOL,1881,36.21478400432965,1235.9440360069418,True
CHIPPING SODBURY,1881,0.0,0.0,False
CHIPPING SODBURY,1881,17.50995087933027,6769.672955982579,True
CHIPPING SODBURY,1881,54.200926711162346,8404.782455919707,True
CHIPPING SODBURY,1881,17.40830679915829,5517.910020949449,True
THORNBURY,1881,0.0,0.0,False
THORNBURY,1881,7.568996461593805,7453.0355664179015,True
THORNBURY,1881,5.91668939044036,14539.231008360142,True
DURSLEY,1881,0.0,0.0,False
DURSLEY,1881,37.16535159964155,7233.680314235154,True
DURSLEY,1881,2.034424303748966,7299.708800569797,False
WESTBURY ON SEVERN,1881,0.0,0.0,False
WESTBURY ON SEVERN,1881,17.72319965440704,8144.8948190477495,True
NEWENT,1881,0.0,0.0,False
NEWENT,1881,4.064339509319397,5901.163795968001,False
GLOUCESTER,1881,0.0,0.0,False
GLOUCESTER,1881,97.5054412554511,2537.569278722595,True
GLOUCESTER,1881,99.62736203157289,3128.196279714636,True
GLOUCESTER,1881,32.08310682793046,6224.9182032854405,True
WHEATENHURST,1881,0.0,0.0,False
WHEATENHURST,1881,26.695338721773048,5860.026598267219,True
STROUD,1881,0.0,0.0,False
STROUD,1881,217.82693265590237,9011.509291275788,True
STROUD,1881,143.05128504930718,10018.143923695596,True
STROUD,1881,21.789109614317205,5521.942855715098,True
STROUD,1881,22.054460967995873,2988.0743866389575,True
STROUD,1881,54.28074016668405,8043.68977814167,True
STROUD,1881,172.79792016158177,9098.271390023294,True
TETBURY,1881,0.0,0.0,False
TETBURY,1881,61.92689826120375,7006.298804538008,True
CIRENCESTER,1881,0.0,0.0,False
CIRENCESTER,1881,6.076732027899428,9344.09485085735,True
CIRENCESTER,1881,3.2774171152397558,16210.434379862496,False
NORTHLEACH,1881,0.0,0.0,False
NORTHLEACH,1881,29.870099212146066,11610.509924087757,True
STOW ON THE WOLD,1881,0.0,0.0,False
STOW ON THE WOLD,1881,19.08032408992878,7489.016226880665,True
WINCHCOMB,1881,0.0,0.0,False
WINCHCOMB,1881,41.05015354365768,7630.884185090698,True
CHELTENHAM,1881,0.0,0.0,False
CHELTENHAM,1881,81.67316619174531,3018.9889408523904,True
TEWKESBURY,1881,56.77259720955673,2331.454147102507,True
TEWKESBURY,1881,45.896061819668596,10484.490505514006,True
LEDBURY,1881,0.0,0.0,False
LEDBURY,1881,18.780226651251112,8325.126241659898,True
ROSS,1881,0.0,0.0,False
ROSS,1881,3.641685164395905,7041.126258115265,False
ROSS,1881,4.885385396795683,9126.927198491547,False
HEREFORD,1881,0.0,0.0,False
HEREFORD,1881,22.94124884992719,9016.950407672115,True
HEREFORD,1881,4.348913215632016,10907.18757108277,False
HEREFORD,1881,89.0474282126098,5296.147527304027,True
HEREFORD,1881,19.766819755613568,13217.028342695261,True
HEREFORD,1881,5.6116937367382755,10743.226623857652,True
HEREFORD,1881,10.774833717211617,18454.298048541397,True
WEOBLY,1881,0.0,0.0,False
WEOBLY,1881,31.756794003562337,7814.50781008495,True
BROMYARD,1881,0.0,0.0,False
BROMYARD,1881,31.84647014485841,7956.406178325348,True
BROMYARD,1881,28.980639050885927,8916.16741556199,True
LEOMINSTER,1881,2.7537282221319876,155.0638870012423,False
LEOMINSTER,1881,88.6740360859396,7371.595265648183,True
LEOMINSTER,1881,101.18904039257377,10127.3006490515,True
LUDLOW,1881,0.0,0.0,False
LUDLOW,1881,39.461170648408036,7949.265538894556,True
LUDLOW,1881,21.20600499279302,13697.43267390843,True
LUDLOW,1881,7.7976744763480195,18422.302449281797,True
LUDLOW,1881,11.69581751178959,13088.018886742439,True
CLUN,1881,0.0,0.0,False
CLUN,1881,49.89975430709227,9873.38622348866,True
CLUN,1881,38.6244908225588,15413.277749733004,True
CLUN,1881,56.45182642318998,7169.934530222544,True
CHURCH STRETTON,1881,0.0,0.0,False
CHURCH STRETTON,1881,7.482410913325638,7019.775343383912,True
CLEOBURY MORTIMER,1881,1.9809291069719939,92.07756994266948,False
CLEOBURY MORTIMER,1881,10.016003941061985,7631.020052266683,True
BRIDGNORTH,1881,0.0,0.0,False
BRIDGNORTH,1881,91.15148225458249,5619.674256855268,True
BRIDGNORTH,1881,29.27555500100626,11209.532116788228,True
SHIFNAL,1881,0.0,0.0,False
SHIFNAL,1881,8.108612814560624,6593.202221112041,True
MADELEY,1881,0.0,0.0,False
MADELEY,1881,141.14027558862907,3404.3603084135107,True
MADELEY,1881,143.080499506491,7010.139760691641,True
MADELEY,1881,161.58082935501963,11363.87764551448,True
ATCHAM,1881,0.0,0.0,False
ATCHAM,1881,68.36683722556232,10997.627471022834,True
ATCHAM,1881,70.22610624635506,17221.536600562933,True
ATCHAM,1881,57.13140234013585,20120.10327245411,True
ATCHAM,1881,79.02834304786073,18247.358580693635,True
ATCHAM,1881,66.32947053477388,13048.590397074888,True
ATCHAM,1881,67.93659895313174,7700.975880850992,True
ATCHAM,1881,77.14003958862924,12080.49277021756,True
ATCHAM,1881,76.69512921866671,10800.100923526872,True
OSWESTRY,1881,0.0,0.0,False
OSWESTRY,1881,33.73065361816905,14141.249557465382,True
OSWESTRY,1881,14.956528282928197,7367.847812310195,True
OSWESTRY,1881,2.459791673311837,12606.83090702574,False
ELLESMERE,1881,0.0,0.0,False
ELLESMERE,1881,105.96711520978563,7879.246101697873,True
ELLESMERE,1881,310.81954750509004,7440.399485760417,True
ELLESMERE,1881,205.81056934577288,19486.06672326603,True
WEM,1881,0.0,0.0,False
WEM,1881,55.75820429752035,7571.186428511041,True
WHITCHURCH,1881,22.740421444376764,212952.17276180827,True
WHITCHURCH,1881,48.62956378538487,220725.9006793907,True
MARKET DRAYTON,1881,0.0,0.0,False
MARKET DRAYTON,1881,37.637089016312956,4735.587794802923,True
MARKET DRAYTON,1881,19.120724705282676,11363.799381726854,True
WELLINGTON,1881,75.08938172799411,197996.05527016925,True
WELLINGTON,1881,27.25501406784079,192592.89424621288,True
WELLINGTON,1881,71.80998114405361,195734.75136289853,True
NEWPORT,1881,0.16650007650832976,14.323853145305257,False
NEWPORT,1881,5.7199037102478245,7948.82298522283,True
STAFFORD,1881,82.33587681286065,2758.4965982959393,True
STAFFORD,1881,10.359620632565173,10268.774772552702,True
STONE,1881,0.0,0.0,False
STONE,1881,27.876688755643848,10925.870615823362,True
STONE,1881,58.38057512473826,7633.10150868337,True
NEWCASTLE UNDER LYME,1881,0.0,0.0,False
NEWCASTLE UNDER LYME,1881,34.35345239397235,4950.379760250557,True
NEWCASTLE UNDER LYME,1881,65.80747180654835,10745.318781643538,True
WOLSTANTON,1881,0.0,0.0,False
WOLSTANTON,1881,3.325130205467198,5663.816715082231,False
WOLSTANTON,1881,41.36407698753318,4794.177624872772,True
STOKE UPON TRENT,1881,0.0,0.0,False
STOKE UPON TRENT,1881,76.17134009501171,4600.470123946908,True
STOKE UPON TRENT,1881,29.925924267367815,7742.483467041958,True
STOKE UPON TRENT,1881,58.928636787262704,5013.922780316239,True
STOKE UPON TRENT,1881,67.40297750276756,4727.93915311705,True
LEEK,1881,0.0,0.0,False
LEEK,1881,111.99004238053867,7556.215234704314,True
LEEK,1881,47.789191848625414,9533.807992059354,True
LEEK,1881,205.8920955495411,16254.741465203097,True
CHEADLE,1881,0.0,0.0,False
CHEADLE,1881,109.95554084268728,8375.714988278021,True
CHEADLE,1881,39.916591781497615,11133.854816597617,True
CHEADLE,1881,25.55161979642347,6131.162992664362,True
UTTOXETER,1881,0.0,0.0,False
UTTOXETER,1881,31.99390030920164,10167.089185425359,True
UTTOXETER,1881,17.357949217591493,7913.342720099593,True
BURTON UPON TRENT,1881,0.0,0.0,False
BURTON UPON TRENT,1881,11.198918712817264,8784.40704601784,True
BURTON UPON TRENT,1881,40.151524147396856,13076.575855888066,True
BURTON UPON TRENT,1881,33.555885570324996,8422.736726278512,True
TAMWORTH,1881,0.0,0.0,False
TAMWORTH,1881,6.710294543510933,9689.673873585982,True
LICHFIELD,1881,0.0,0.0,False
LICHFIELD,1881,41.499348876635,10178.071841535164,True
LICHFIELD,1881,51.48572713365244,11515.369227493416,True
WOLVERHAMPTON,1881,0.0,0.0,False
WOLVERHAMPTON,1881,10.770326589686787,14348.312553033193,True
WOLVERHAMPTON,1881,15.016606932525098,6623.468438704835,True
WOLVERHAMPTON,1881,84.47212882107276,5403.995434482765,True
WOLVERHAMPTON,1881,91.92769220942786,7476.283722992725,True
WOLVERHAMPTON,1881,60.61774255827183,10084.94536411138,True
WOLVERHAMPTON,1881,88.89712368776092,10457.98559301318,True
WALSALL,1881,0.0,0.0,False
WALSALL,1881,88.33722395395424,4729.447456271389,True
WALSALL,1881,69.12735192458325,3346.439186476038,True
WALSALL,1881,451.218662315392,6770.132205459192,True
WEST BROMWICH,1881,0.0,0.0,False
WEST BROMWICH,1881,52.466781719606935,7929.9672650137045,True
WEST BROMWICH,1881,80.93442556635937,6357.873062309935,True
WEST BROMWICH,1881,44.38180909631508,5194.171224622324,True
WEST BROMWICH,1881,72.0286835811131,7254.071333447177,True
DUDLEY,1881,0.0,0.0,False
DUDLEY,1881,36.767939366887376,4792.628978934482,True
DUDLEY,1881,123.47943180547838,6751.2478005474095,True
DUDLEY,1881,3.8959712179106134,2500.542124536193,False
STOURBRIDGE,1881,0.0,0.0,False
STOURBRIDGE,1881,38.282123634934884,6366.111363577176,True
STOURBRIDGE,1881,20.382742498217134,8121.593079903305,True
KIDDERMINSTER,1881,0.0,0.0,False
KIDDERMINSTER,1881,24.612553553875482,6985.549567309493,True
KIDDERMINSTER,1881,6.605777273943332,6775.764345014582,True
KIDDERMINSTER,1881,88.63171405352523,7963.6879982759365,True
KIDDERMINSTER,1881,9.64134389734839,11327.944365581134,True
TENBURY,1881,0.0,0.0,False
TENBURY,1881,1.7896276921260823,6939.329516447774,False
MARTLEY,1881,0.0,0.0,False
MARTLEY,1881,2.4872385689061347,6018.863424742642,False
MARTLEY,1881,4.910456219626676,8018.591689003532,False
MARTLEY,1881,0.2353774034043269,10835.386095581427,False
WORCESTER,1881,0.0,0.0,False
WORCESTER,1881,57.44710741082943,4473.792497561942,True
WORCESTER,1881,72.13915288944878,3547.0581196385024,True
UPTON ON SEVERN,1881,0.0,0.0,False
UPTON ON SEVERN,1881,3.249946193439203,9604.753869251508,False
UPTON ON SEVERN,1881,37.895266940522696,5910.326515334298,True
EVESHAM,1881,0.0,0.0,False
EVESHAM,1881,59.092665518657306,7721.524997830093,True
PERSHORE,1881,0.0,0.0,False
PERSHORE,1881,10.592610558882692,6180.791954438018,True
PERSHORE,1881,7.378864521994606,10477.825729175882,True
DROITWICH,1881,0.15250574273761716,7.643536503475784,False
DROITWICH,1881,11.412990896233472,10017.17387054301,True
DROITWICH,1881,20.464799675491268,7098.480280663,True
BROMSGROVE,1881,10.328791451533975,365.39915522985956,True
BROMSGROVE,1881,3.138473141540575,7446.290625445564,False
BROMSGROVE,1881,11.609850057198729,5686.3073151641065,True
KINGS NORTON,1881,0.0,0.0,False
KINGS NORTON,1881,46.844948230425054,6920.938792910249,True
KINGS NORTON,1881,78.28654743681031,11229.333403190052,True
BIRMINGHAM,1881,0.0,0.0,False
BIRMINGHAM,1881,65.40161537982311,2221.4737983427494,True
BIRMINGHAM,1881,72.69587402603631,2906.5235818522006,True
BIRMINGHAM,1881,66.57518331029347,2633.6375085627305,True
BIRMINGHAM,1881,25.24082465344886,1275.3087109099208,True
ASTON,1881,0.0,0.0,False
ASTON,1881,53.90676008376937,2771.1670851065373,True
ASTON,1881,473.24629252958334,4946.692981805383,True
ASTON,1881,716.3684898356206,10742.294931552524,True
MERIDEN,1881,0.0,0.0,False
MERIDEN,1881,25.589602053882217,7689.8914433821665,True
ATHERSTONE,1881,0.0,0.0,False
NUNEATON,1881,0.0,0.0,False
FOLESHILL,1881,0.0,0.0,False
FOLESHILL,1881,48.50143125301802,6126.52387215804,True
COVENTRY,1881,0.0,0.0,False
COVENTRY,1881,46.4962274512174,2512.5279158413996,True
RUGBY,1881,0.0,0.0,False
RUGBY,1881,3.767873595518149,11533.807240148528,False
RUGBY,1881,10.852849008094203,8508.689449997952,True
SOLIHULL,1881,0.0,0.0,False
SOLIHULL,1881,44.52206485778966,9367.085465848926,True
SOLIHULL,1881,21.66365022784619,8261.308939143608,True
WARWICK,1881,28.73620802460883,933.2147474428701,True
WARWICK,1881,83.83258667958997,7733.048096589664,True
WARWICK,1881,23.746488350654786,9856.238933423592,True
WARWICK,1881,14.428174539086635,10702.618157835312,True
STRATFORD ON AVON,1881,0.0,0.0,False
STRATFORD ON AVON,1881,29.277669059718786,6088.202597661016,True
STRATFORD ON AVON,1881,32.16534417670411,9007.234242803903,True
STRATFORD ON AVON,1881,105.93314124637001,13795.092614612739,True
STRATFORD ON AVON,1881,59.92494208970363,19391.447623197168,True
ALCESTER,1881,0.0,0.0,False
ALCESTER,1881,28.31484987409234,6589.2186011075055,True
ALCESTER,1881,23.274166130892663,7592.513816840714,True
ALCESTER,1881,26.150982226120018,12251.22915143175,True
SHIPSTON ON STOUR,1881,0.0,0.0,False
SHIPSTON ON STOUR,1881,12.034729298749374,7512.2118145953455,True
SHIPSTON ON STOUR,1881,7.579520063564208,12343.162067486184,True
SHIPSTON ON STOUR,1881,8.58768821861263,12307.276989682285,True
SOUTHAM,1881,1.3172878684975515,75.5777397535903,False
LUTTERWORTH,1881,0.0,0.0,False
MARKET HARBOROUGH,1881,0.0,0.0,False
BILLESDON,1881,0.0,0.0,False
BLABY,1881,0.0,0.0,False
BLABY,1881,58.636345148288946,6947.521234000672,True
HINCKLEY,1881,30.650875610062013,1091.359052229261,True
HINCKLEY,1881,30.618971966144827,6066.643313797883,True
HINCKLEY,1881,49.46424822207937,4805.090741838842,True
MARKET BOSWORTH,1881,0.0,0.0,False
MARKET BOSWORTH,1881,39.25724070620014,7826.772117899381,True
ASHBY-DE-LA-ZOUCH,1881,0.0,0.0,False
ASHBY-DE-LA-ZOUCH,1881,50.41438352502983,7491.451380295041,True
ASHBY-DE-LA-ZOUCH,1881,18.751078671717213,8143.799755871519,True
ASHBY-DE-LA-ZOUCH,1881,60.94475806004503,7836.247798677017,True
LOUGHBOROUGH,1881,5.454686802409803,389.55886453647867,True
LOUGHBOROUGH,1881,24.351321691463585,10043.296089251455,True
BARROW UPON SOAR,1881,0.0,0.0,False
BARROW UPON SOAR,1881,21.572134183881204,8206.90825980831,True
BARROW UPON SOAR,1881,10.850609448846653,8830.507668562743,True
BARROW UPON SOAR,1881,4.271849325247087,7326.55451080357,False
LEICESTER,1881,0.0,0.0,False
LEICESTER,1881,61.12839450835922,2058.157485800484,True
OAKHAM,1881,4.166684353003682,400.1067398748567,False
UPPINGHAM,1881,11.736640617236386,828.0480089324923,True
UPPINGHAM,1881,22.85039546275286,5938.569145087374,True
UPPINGHAM,1881,3.814866861244156,7128.9631757743655,False
STAMFORD,1881,0.0,0.0,False
STAMFORD,1881,43.60254854812287,7713.372566249228,True
BOURN,1881,0.0,0.0,False
BOURN,1881,27.80543129153317,14738.35373689289,True
BOURN,1881,68.52496422168014,9044.999337219262,True
BOURN,1881,50.89532858316396,17202.490983305437,True
SPALDING,1881,0.0,0.0,False
SPALDING,1881,29.030976437882256,9374.542535555858,True
SPALDING,1881,15.897366359910869,5352.237127694675,True
SPALDING,1881,8.61210463114329,5679.0075235863615,True
SPALDING,1881,19.892533976987842,9144.305055329776,True
SPALDING,1881,2.583996209328693,9145.887928796777,False
HOLBEACH,1881,0.0,0.0,False
HOLBEACH,1881,129.63903658987022,14219.257719320653,True
HOLBEACH,1881,112.72514685151019,12706.450570644216,True
BOSTON,1881,0.0,0.0,False
BOSTON,1881,41.11965770391684,14335.365082772289,True
BOSTON,1881,0.5845353686518118,13162.457059993552,False
BOSTON,1881,71.13486299736917,6476.646398200536,True
BOSTON,1881,30.707523202700287,9119.92724034392,True
SLEAFORD,1881,3.6993930310178365,387.10359226566703,False
SLEAFORD,1881,12.155044339570072,10778.9835456304,True
SLEAFORD,1881,32.84488275452524,15799.059711462154,True
SLEAFORD,1881,14.427984069430593,12704.519982299995,True
SLEAFORD,1881,42.42575903032202,19961.548933560258,True
GRANTHAM,1881,0.0,0.0,False
GRANTHAM,1881,5.87154833716947,11674.64128637572,True
GRANTHAM,1881,6.162692221692433,12364.279664123464,True
LINCOLN,1881,0.0,0.0,False
LINCOLN,1881,64.09901049677164,7582.845175530555,True
LINCOLN,1881,23.19103716344724,14877.061327655823,True
HORNCASTLE,1881,0.46955795084870344,19.812480221759923,False
HORNCASTLE,1881,16.775633565841677,7287.361608644694,True
HORNCASTLE,1881,17.068419537824838,14162.590648277277,True
HORNCASTLE,1881,11.355437350890856,18423.179639241116,True
SPILSBY,1881,27.32053878470508,659.148420038863,True
SPILSBY,1881,107.44069965396976,11975.197846293811,True
SPILSBY,1881,129.34369430710737,8254.315341386935,True
SPILSBY,1881,94.60214209001002,17309.545067859915,True
SPILSBY,1881,179.044769355994,19231.521736069983,True
LOUTH,1881,0.0,0.0,False
LOUTH,1881,45.96504089143289,12537.061619331713,True
LOUTH,1881,6.786195566657143,22276.8529714559,True
LOUTH,1881,13.82284098585119,9815.846521569509,True
LOUTH,1881,5.23653238055424,20430.692651255387,True
CAISTOR,1881,0.0,0.0,False
CAISTOR,1881,37.56043495419335,12384.571082613063,True
CAISTOR,1881,23.944347192898675,21726.72270691216,True
GLANFORD BRIGG,1881,0.0,0.0,False
GLANFORD BRIGG,1881,1.926742900881716,11824.102199004154,False
GLANFORD BRIGG,1881,12.098224139797153,14513.731052091909,True
GAINSBOROUGH,1881,0.0,0.0,False
GAINSBOROUGH,1881,111.90249532219556,10688.950132358901,True
GAINSBOROUGH,1881,9.086969263392202,9074.597153732768,True
GAINSBOROUGH,1881,69.42819377558995,10016.416385120921,True
GAINSBOROUGH,1881,90.16922395506111,17747.25258128347,True
GAINSBOROUGH,1881,11.053908672742812,21869.025138102388,True
EAST RETFORD,1881,0.0,0.0,False
EAST RETFORD,1881,26.016615153275403,6517.97734724072,True
EAST RETFORD,1881,22.694195993023666,11499.422334025507,True
EAST RETFORD,1881,29.77835414314533,17799.323665268163,True
WORKSOP,1881,0.0,0.0,False
WORKSOP,1881,4.611146006239985,10081.51640839581,False
WORKSOP,1881,19.797985149104246,9929.377727852256,True
WORKSOP,1881,1.5756916658582805,7468.847366486586,False
MANSFIELD,1881,0.0,0.0,False
MANSFIELD,1881,34.61852930746986,7810.740104800469,True
MANSFIELD,1881,37.24116858758087,14170.549233253318,True
MANSFIELD,1881,34.87427133531672,9222.6093965518,True
MANSFIELD,1881,40.06373395821889,5526.283096990751,True
MANSFIELD,1881,45.198594304009845,10263.662278394202,True
BASFORD,1881,0.0,0.0,False
BASFORD,1881,63.120937835233015,7898.463650506892,True
BASFORD,1881,71.08275912014498,12089.654002413587,True
BASFORD,1881,44.96006319752654,7271.04789938143,True
BASFORD,1881,19.087289499742518,10614.207795537328,True
BASFORD,1881,62.66461845957912,16707.385992534426,True
BASFORD,1881,36.53523709435072,20195.52819127696,True
NOTTINGHAM,1881,415.8670772234184,2982.3454515714025,True
NOTTINGHAM,1881,87.48609119969859,2000.4771345357485,True
NOTTINGHAM,1881,35.708899523294335,1133.510985485565,True
NOTTINGHAM,1881,165.93015743327626,2205.8189565912853,True
NOTTINGHAM,1881,0.0,0.0,False
NOTTINGHAM,1881,62.16911553918314,1772.506920311249,True
NOTTINGHAM,1881,116.85847065090924,1532.432756215901,True
NOTTINGHAM,1881,63.206664577926155,1480.7348239943844,True
NOTTINGHAM,1881,24.480085184297476,2002.9583995540975,True
NOTTINGHAM,1881,63.27843699100208,1624.8244881495357,True
NOTTINGHAM,1881,12.978715115353042,1354.9943349869939,True
SOUTHWELL,1881,0.0,0.0,False
SOUTHWELL,1881,23.196357398040767,11801.856057192696,True
NEWARK,1881,1.588360604222597,44.88627228831056,False
NEWARK,1881,14.29097831836463,9375.314977200029,True
NEWARK,1881,91.56558955519894,11817.191053589382,True
NEWARK,1881,4.177050905093244,19651.090129540353,False
NEWARK,1881,0.7636267615095267,19231.20851406465,False
BINGHAM,1881,0.0,0.0,False
BINGHAM,1881,11.903970821196221,10377.821923368838,True
SHARDLOW,1881,0.0,0.0,False
SHARDLOW,1881,5.95816465873795,7699.009667686225,True
SHARDLOW,1881,1.7247718309601028,9216.856805450476,False
SHARDLOW,1881,34.089834194189486,8167.270805744779,True
SHARDLOW,1881,23.468252232639387,12282.484150928538,True
DERBY,1881,124.37200247026199,1076.2666408624061,True
BELPER,1881,0.0,0.0,False
BELPER,1881,44.83479659559762,8626.409674589182,True
BELPER,1881,83.32442487115878,7204.065973435971,True
BELPER,1881,28.68429754973272,12477.120411068703,True
BELPER,1881,76.73452500395005,16078.472951492995,True
BELPER,1881,27.170097717239212,10048.008778028792,True
ASHBORNE,1881,0.0,0.0,False
ASHBORNE,1881,32.41804874527428,10888.277294909869,True
ASHBORNE,1881,24.8379768355421,5795.5887986755615,True
ASHBORNE,1881,20.254870021302807,14786.286190835122,True
ASHBORNE,1881,15.981213192142313,18215.43207801249,True
ASHBORNE,1881,9.737273870573059,13332.56609575305,True
CHESTERFIELD,1881,0.0,0.0,False
CHESTERFIELD,1881,24.567736422475143,8319.980046376828,True
CHESTERFIELD,1881,49.87409286114733,12553.381739455497,True
CHESTERFIELD,1881,26.872750329558897,17228.31369821802,True
CHESTERFIELD,1881,30.254386045957887,15443.907063538374,True
BAKEWELL,1881,0.0,0.0,False
BAKEWELL,1881,64.27030447160816,10780.034351982707,True
BAKEWELL,1881,45.457697363610556,10134.631433127992,True
CHAPEL-EN-LE-FRITH,1881,0.0,0.0,False
CHAPEL-EN-LE-FRITH,1881,340.32269234919846,14205.695865255788,True
HAYFIELD,1881,0.0,0.0,False
HAYFIELD,1881,18.61737314308889,8169.973895234663,True
STOCKPORT,1881,0.5650192772721813,16.837404591113298,False
STOCKPORT,1881,1.3596915919098438,4100.65361929031,False
STOCKPORT,1881,29.40862474618187,7558.905945075211,True
STOCKPORT,1881,73.24726529565446,5697.873682395164,True
STOCKPORT,1881,74.75343460004893,4921.153843961057,True
STOCKPORT,1881,36.34452571809986,8773.835757836077,True
STOCKPORT,1881,5.547069812888686,4241.9402955708265,True
MACCLESFIELD,1881,0.0,0.0,False
MACCLESFIELD,1881,36.23834291359683,4475.463688931651,True
MACCLESFIELD,1881,13.367411960498318,8782.030205502884,True
MACCLESFIELD,1881,94.40927669085524,7783.073156022367,True
MACCLESFIELD,1881,86.72504630052032,7021.690283236655,True
MACCLESFIELD,1881,1.2283476706789254,12791.518345700362,False
MACCLESFIELD,1881,29.249679227276943,11988.692250732092,True
MACCLESFIELD,1881,0.7821044136557289,9365.248233131208,False
ALTRINCHAM,1881,0.0,0.0,False
ALTRINCHAM,1881,22.610699432460272,6780.6644699081,True
ALTRINCHAM,1881,24.438777671360683,12646.902891729733,True
ALTRINCHAM,1881,47.22381317782131,8908.498174864844,True
RUNCORN,1881,0.0,0.0,False
RUNCORN,1881,27.584219583035797,4762.562912357949,True
RUNCORN,1881,11.38097982613944,9251.639128457397,True
RUNCORN,1881,32.19643804256946,13050.265794821873,True
NORTHWICH,1881,0.0,0.0,False
NORTHWICH,1881,29.62940267251074,10441.353302883346,True
NORTHWICH,1881,3.9299677569139826,7195.194858132337,False
NORTHWICH,1881,22.90753210304432,11873.879017281053,True
CONGLETON,1881,14.33844531357301,535.0260559615289,True
CONGLETON,1881,47.258723513130626,10104.580483692693,True
CONGLETON,1881,72.70703160203904,7514.055458738796,True
NANTWICH,1881,0.0,0.0,False
NANTWICH,1881,34.16111668161984,7875.494611665269,True
NANTWICH,1881,16.73127532081709,15908.849202826013,True
NANTWICH,1881,7.581792878376298,11906.311011157297,True
WIRRAL,1881,0.0,0.0,False
WIRRAL,1881,2.5434582289378396,4691.727016268066,False
WIRRAL,1881,10.475527248189952,10546.71491700387,True
LIVERPOOL,1881,0.0,0.0,False
LIVERPOOL,1881,86.23117796774736,822.0848679032899,True
LIVERPOOL,1881,65.22358795144049,1134.6844625736862,True
LIVERPOOL,1881,64.69821773846343,1817.77635604794,True
LIVERPOOL,1881,69.97156367692065,2609.8257114810185,True
LIVERPOOL,1881,23.8337456506764,2546.0786510059993,True
LIVERPOOL,1881,48.13267213999094,1460.4760612530717,True
WEST DERBY,1881,74.42581358313628,4401.983415660849,True
WEST DERBY,1881,66.5345250746048,6134.927559379665,True
WEST DERBY,1881,263.01978961455404,9266.726024849218,True
WEST DERBY,1881,181.16593293015336,15008.817655898374,True
WEST DERBY,1881,124.90418399308287,11258.6383041866,True
WEST DERBY,1881,73.03530333947323,2551.779682998744,True
WEST DERBY,1881,183.45769360956047,6138.020975366984,True
WEST DERBY,1881,125.34699915022598,3159.412846177225,True
PRESCOT,1881,0.0,0.0,False
PRESCOT,1881,67.74472315965644,4172.227465928123,True
PRESCOT,1881,29.332285384176654,8311.641792450473,True
PRESCOT,1881,37.122450258896635,7711.75112123498,True
PRESCOT,1881,13.209335750781257,9047.625428641135,True
PRESCOT,1881,22.890405085472274,12800.356543560369,True
PRESCOT,1881,23.514897668736694,16731.001123563015,True
ORMSKIRK,1881,0.0,0.0,False
ORMSKIRK,1881,16.96579921414627,5054.865198093398,True
ORMSKIRK,1881,1.4497775716436554,11243.385023795237,False
ORMSKIRK,1881,20.212370606162718,13414.883648255689,True
ORMSKIRK,1881,23.93853567398078,17027.049676734907,True
ORMSKIRK,1881,2.8785773603597584,16613.930283839214,False
ORMSKIRK,1881,23.430266217228123,10921.131996364555,True
ORMSKIRK,1881,94.60334511972383,5603.005956370788,True
ORMSKIRK,1881,7.767519521012253,7638.22051340112,True
WIGAN,1881,0.0,0.0,False
WIGAN,1881,42.76995781472435,7246.278469318398,True
WIGAN,1881,81.2153424749866,6006.288103407322,True
WIGAN,1881,38.527451976143716,10745.71480382756,True
WIGAN,1881,44.52442963503231,6821.800021595226,True
WIGAN,1881,13.404597588125247,6593.896115203062,True
WIGAN,1881,42.639045428998216,11215.290631915752,True
WARRINGTON,1881,0.0,0.0,False
WARRINGTON,1881,17.45014604737615,5010.115287523859,True
WARRINGTON,1881,68.56773108793578,6336.490915633312,True
WARRINGTON,1881,51.80615435922506,7748.697700612386,True
WARRINGTON,1881,24.477066845881502,11117.740161602826,True
WARRINGTON,1881,17.162495744570204,10244.093445522254,True
LEIGH,1881,0.0,0.0,False
LEIGH,1881,110.64546796931837,5636.74168428617,True
LEIGH,1881,42.51473949271195,3982.0005569615614,True
LEIGH,1881,12.773055646066975,8427.287983647808,True
BOLTON,1881,0.0,0.0,False
BOLTON,1881,129.2947355354315,3487.124068839885,True
BOLTON,1881,79.39998244995508,8945.631200215821,True
BOLTON,1881,71.00075315845096,7756.935112139001,True
BOLTON,1881,93.52871762484386,9868.05465310184,True
BOLTON,1881,16.989893931804982,5066.9919297557335,True
BOLTON,1881,188.43483101991401,10420.810898020394,True
BOLTON,1881,110.88507872861268,12947.211618430027,True
BOLTON,1881,89.75944557082673,10950.07131461401,True
BOLTON,1881,61.182874800503285,5251.549278105305,True
BOLTON,1881,72.3849308973295,3503.1380970688797,True
BOLTON,1881,91.75416604803152,4299.501476603467,True
BOLTON,1881,21.15228683179902,1929.141586158162,True
BURY,1881,0.0,0.0,False
BURY,1881,65.61335115834115,3029.3805296983037,True
BURY,1881,49.0729782818075,3818.0018455481286,True
BURY,1881,18.288614832417764,7508.061992613718,True
BURY,1881,65.76484986458853,10181.469262707013,True
BURY,1881,66.38649923270262,7031.38190690471,True
BURY,1881,65.50663814605258,5957.699251489347,True
BURY,1881,1.472510019850635,4900.071441605057,False
BURY,1881,20.091135613562173,8036.300982219444,True
BURY,1881,49.78324787716363,10688.058914308309,True
BARTON UPON IRWELL,1881,0.0,0.0,False
BARTON UPON IRWELL,1881,42.80974501874967,5301.788683119683,True
BARTON UPON IRWELL,1881,25.885156940249498,7021.49121358928,True
CHORLTON,1881,0.0,0.0,False
CHORLTON,1881,38.872266470369546,4886.885696517261,True
CHORLTON,1881,89.54964598754795,4010.7900807380356,True
CHORLTON,1881,86.9174401260509,3534.7410421015247,True
SALFORD,1881,0.0,0.0,False
SALFORD,1881,64.30464988298158,2764.103686400176,True
SALFORD,1881,94.7041266715457,3220.5427187644177,True
SALFORD,1881,68.55001877390238,2780.628183908014,True
MANCHESTER,1881,0.0,0.0,False
MANCHESTER,1881,49.79597933399839,2360.3546066653676,True
MANCHESTER,1881,17.647137209244352,1282.2497979066543,True
MANCHESTER,1881,54.33153277674566,1482.0734294532115,True
ASHTON UNDER LYNE,1881,0.0,0.0,False
ASHTON UNDER LYNE,1881,42.40755786845324,3729.8495450798932,True
ASHTON UNDER LYNE,1881,76.40613201537421,5110.478397588868,True
ASHTON UNDER LYNE,1881,4.26359470262867,7993.43234148564,False
ASHTON UNDER LYNE,1881,40.98229290117796,7215.412118526565,True
ASHTON UNDER LYNE,1881,36.19666386704911,5214.587088537403,True
ASHTON UNDER LYNE,1881,29.52730583350392,2355.9680349244545,True
ASHTON UNDER LYNE,1881,544.7138770572018,11452.488381855163,True
ASHTON UNDER LYNE,1881,141.29794533145443,5599.820808236932,True
OLDHAM,1881,0.0,0.0,False
OLDHAM,1881,46.74339070241923,2970.259201984844,True
OLDHAM,1881,81.05794363752045,3327.3393277143728,True
OLDHAM,1881,43.443347405621616,6552.997843778386,True
OLDHAM,1881,66.60089340051789,5036.726321060836,True
OLDHAM,1881,54.979595366441636,6029.898640860148,True
ROCHDALE,1881,0.0,0.0,False
ROCHDALE,1881,208.4853637156237,2358.4985183359445,True
ROCHDALE,1881,53.82110570032111,5980.840934149245,True
ROCHDALE,1881,70.22638524579621,4430.631785088688,True
ROCHDALE,1881,36.472778301102416,5156.405135246446,True
ROCHDALE,1881,209.95229516203858,8226.595648078373,True
ROCHDALE,1881,62.904348138262364,3954.8302475684536,True
ROCHDALE,1881,90.40982917285993,3783.0630542198933,True
ROCHDALE,1881,156.23135325860414,3082.2510722315824,True
ROCHDALE,1881,253.6899783094223,8298.41666691779,True
HASLINGDEN,1881,0.0,0.0,False
HASLINGDEN,1881,32.602282328567156,3798.4070391917876,True
HASLINGDEN,1881,14.680372177491712,7632.675987975247,True
HASLINGDEN,1881,18.55938471890831,8208.18132831302,True
HASLINGDEN,1881,41.740665436584365,9318.562869152147,True
BURNLEY,1881,0.0,0.0,False
BURNLEY,1881,46.72387543102176,7903.547503803909,True
BURNLEY,1881,11.4314148662029,8633.925460864202,True
BURNLEY,1881,71.9696672132686,9406.860790812474,True
CLITHEROE,1881,0.0,0.0,False
CLITHEROE,1881,80.52011755735259,12365.106735551744,True
CLITHEROE,1881,18.31243758827665,18529.069703496327,True
CLITHEROE,1881,15.075744567622431,8345.818255186672,True
CLITHEROE,1881,65.1205219117914,13822.456665912503,True
BLACKBURN,1881,0.0,0.0,False
BLACKBURN,1881,42.48010910219811,4293.263680194487,True
BLACKBURN,1881,28.20408208688429,5456.2858120652345,True
BLACKBURN,1881,33.409862158189874,6737.065264439094,True
BLACKBURN,1881,4.627589150815001,9332.870952250065,False
BLACKBURN,1881,73.5988321865681,12395.952934706596,True
BLACKBURN,1881,10.412470904987533,10649.567726929969,True
CHORLEY,1881,0.0,0.0,False
CHORLEY,1881,5.053196495234136,7173.168913065471,True
CHORLEY,1881,11.778439451834318,8151.19502938477,True
CHORLEY,1881,1.818725123106778,8241.747280684356,False
CHORLEY,1881,21.436934196710318,13489.235350386802,True
PRESTON,1881,0.0,0.0,False
PRESTON,1881,88.94337336782306,6879.313790067343,True
PRESTON,1881,95.19357226887006,5108.100215697714,True
PRESTON,1881,94.59009958763944,6297.473552461374,True
PRESTON,1881,20.333161405140206,9282.838064469433,True
PRESTON,1881,7.135572421224025,15319.267079667317,True
PRESTON,1881,122.42228977101497,11585.574027301955,True
FYLDE,1881,0.0,0.0,False
FYLDE,1881,73.04764407761543,7867.378685278058,True
FYLDE,1881,32.93770387873019,9862.918891241894,True
GARSTANG,1881,0.0,0.0,False
GARSTANG,1881,30.063080750913347,7998.385769149663,True
GARSTANG,1881,147.72641785603128,12476.856513880857,True
LANCASTER,1881,0.0,0.0,False
LANCASTER,1881,77.042162678936,12183.03142825652,True
LANCASTER,1881,73.51824924372957,8134.028117435955,True
LANCASTER,1881,57.40350904326949,18712.92045996292,True
ULVERSTON,1881,0.0,0.0,False
ULVERSTON,1881,13.135406504334224,8489.023118574454,True
ULVERSTON,1881,67.98630035358288,11400.222561816661,True
ULVERSTON,1881,40.47332932834704,16117.497188487596,True
ULVERSTON,1881,6.814689169401722,16810.17099165934,True
ULVERSTON,1881,17.727904893273237,15514.619685344469,True
SEDBERGH,1881,0.0,0.0,False
SEDBERGH,1881,47.53868530262464,7944.582440436824,True
SEDBERGH,1881,0.4332024927074941,9768.403400173735,False
SETTLE,1881,0.0,0.0,False
SETTLE,1881,6.530505004733477,9248.465044588555,True
SETTLE,1881,64.42568474027368,20190.787637736707,True
SETTLE,1881,51.62500995435715,18950.35428470294,True
SETTLE,1881,60.651416667132416,18231.392963531627,True
SKIPTON,1881,0.0,0.0,False
SKIPTON,1881,48.49628944990975,17049.882178132506,True
SKIPTON,1881,51.90513790727134,28662.67417199956,True
SKIPTON,1881,46.7051529650114,30280.820048896447,True
SKIPTON,1881,23.09447603866835,23035.842382148632,True
SKIPTON,1881,38.648219746178896,24153.15136622613,True
SKIPTON,1881,19.879568193917173,14507.736657414374,True
PATELEY BRIDGE,1881,0.0,0.0,False
PATELEY BRIDGE,1881,62.857815769010664,9842.28181583149,True
PATELEY BRIDGE,1881,51.44345779645564,15160.455287341438,True
PATELEY BRIDGE,1881,46.5967199978278,16720.03865915018,True
RIPON,1881,24.377872698005522,4904.22205496742,True
RIPON,1881,39.9758134649495,9335.958848465516,True
RIPON,1881,29.518268639342953,11753.890905888902,True
RIPON,1881,41.627745759819064,12589.032264384754,True
KNARESBOROUGH,1881,46.7450471315595,7409.882026490211,True
KNARESBOROUGH,1881,70.86209910160109,14593.225254842924,True
KEIGHLEY,1881,0.0,0.0,False
KEIGHLEY,1881,4.93311923927206,7561.524666233277,False
KEIGHLEY,1881,41.55588346934336,9732.705535280094,True
TODMORDEN,1881,0.0,0.0,False
TODMORDEN,1881,36.68021139465363,7306.256478661862,True
SADDLEWORTH,1881,0.0,0.0,False
SADDLEWORTH,1881,88.88231588008527,4928.1838223811865,True
HUDDERSFIELD,1881,0.0,0.0,False
HUDDERSFIELD,1881,21.84189576723594,6300.919044346951,True
HUDDERSFIELD,1881,8.894224149564305,8642.092952680834,True
HUDDERSFIELD,1881,48.12523532350287,13295.17748583813,True
HUDDERSFIELD,1881,27.274141974846295,15292.275709109606,True
HUDDERSFIELD,1881,64.07246412396668,11574.442245471917,True
HUDDERSFIELD,1881,42.58992409014276,15757.423535034457,True
HUDDERSFIELD,1881,67.73256425156153,12528.48050668139,True
HUDDERSFIELD,1881,86.92672787581517,7717.033497708084,True
HUDDERSFIELD,1881,50.415498079921484,6148.97165083619,True
HALIFAX,1881,0.0,0.0,False
HALIFAX,1881,163.07595686688109,3727.021391357634,True
HALIFAX,1881,16.883250701824057,3634.994740680986,True
HALIFAX,1881,1.5083609745012563,6239.449703543967,False
HALIFAX,1881,159.89500729478627,4655.352658990095,True
HALIFAX,1881,493.20364352807786,12269.28918866406,True
HALIFAX,1881,276.42523365328435,11442.176253604624,True
HALIFAX,1881,168.9804033461592,12687.979883515542,True
HALIFAX,1881,148.30831723004349,10614.22586772976,True
HALIFAX,1881,101.76609117605955,7881.925054256717,True
BRADFORD,1881,0.0,0.0,False
BRADFORD,1881,11.383899684972782,4972.8777062450545,True
BRADFORD,1881,18.48836416795352,3126.175071233803,True
BRADFORD,1881,59.424847507129364,4321.125354893732,True
BRADFORD,1881,55.39046000501021,7428.377704454449,True
BRADFORD,1881,89.67420189470445,6712.771418420738,True
BRADFORD,1881,27.01181376803578,6690.588049028302,True
BRADFORD,1881,53.108572840623516,10277.592400238971,True
BRADFORD,1881,9.228226550242452,11930.229431234233,True
BRADFORD,1881,32.05368854708725,10300.979152120639,True
BRADFORD,1881,12.112954274300735,10297.940631442112,True
BRADFORD,1881,24.944157013500945,9244.097404141135,True
BRADFORD,1881,41.52766688801713,7095.329560066056,True
HUNSLET,1881,76.42979132967184,5085.657420783643,True
HUNSLET,1881,15.396188505000424,9591.504948026546,True
HUNSLET,1881,16.873830219921828,7585.551725529953,True
LEEDS,1881,0.0,0.0,False
LEEDS,1881,25.432893760905934,1265.2887261119338,True
LEEDS,1881,45.40786793701388,2565.301898284158,True
LEEDS,1881,303.7225039598629,5864.625655353812,True
LEEDS,1881,848.3044074619315,3960.26519429049,True
DEWSBURY,1881,0.0,0.0,False
DEWSBURY,1881,36.05297841871089,3736.533217925546,True
DEWSBURY,1881,12.087708390193438,4678.569797016697,True
DEWSBURY,1881,5.885148123851621,6728.097972435643,True
DEWSBURY,1881,20.039420425516447,9052.660287223083,True
DEWSBURY,1881,48.773573803288066,6337.541616590571,True
DEWSBURY,1881,24.29944734398818,4596.735057353345,True
DEWSBURY,1881,7.214125915005836,6852.646699306595,True
DEWSBURY,1881,21.495635991082647,9053.824657332514,True
WAKEFIELD,1881,0.0,0.0,False
WAKEFIELD,1881,50.78087282030389,10543.829363153454,True
WAKEFIELD,1881,51.82754037382762,11613.919815766745,True
WAKEFIELD,1881,95.68882904292484,9682.788757159662,True
WAKEFIELD,1881,87.19634512758367,5180.551447005723,True
WAKEFIELD,1881,67.36823439623588,7990.866511670503,True
WAKEFIELD,1881,31.40221538078116,11974.539031606457,True
PONTEFRACT,1881,10.037450303766233,8364.054553908078,True
PONTEFRACT,1881,1.2772697693358923,16271.37138566084,False
PONTEFRACT,1881,27.56983348584136,8898.91830606014,True
PONTEFRACT,1881,62.39892063022824,4244.713730167057,True
HEMSWORTH,1881,0.0,0.0,False
BARNSLEY,1881,0.0,0.0,False
BARNSLEY,1881,16.521362169616825,4592.755284681963,True
BARNSLEY,1881,25.812726624268006,9600.257479359825,True
BARNSLEY,1881,51.93552623152878,8007.374904239127,True
WORTLEY,1881,0.0,0.0,False
WORTLEY,1881,38.35363837286932,4769.406772090698,True
WORTLEY,1881,157.58217955854772,8127.103796866538,True
WORTLEY,1881,5.612895120358411,8726.291838948526,True
WORTLEY,1881,30.078932674786092,13990.954751753025,True
WORTLEY,1881,348.2723040945262,13566.623064730376,True
ECCLESALL BIERLOW,1881,3.4496655002753576,59.201100319178074,False
ECCLESALL BIERLOW,1881,778.530376608019,6680.446738755825,True
ECCLESALL BIERLOW,1881,294.3136387053232,6719.720795212971,True
ECCLESALL BIERLOW,1881,279.4946348286533,3632.4602885608415,True
SHEFFIELD,1881,0.0,0.0,False
SHEFFIELD,1881,197.93461252324187,623.9591477173882,True
SHEFFIELD,1881,83.87132806860717,910.4769293009078,True
SHEFFIELD,1881,2188.6737678100244,2739.4380490977614,True
SHEFFIELD,1881,2953.59787363867,3127.8017028695626,True
SHEFFIELD,1881,1277.9467325969767,4216.227191363223,True
SHEFFIELD,1881,3795.5720950132863,6211.367912293645,True
ROTHERHAM,1881,0.4895878174213926,19.5249699989066,False
ROTHERHAM,1881,12.132287957309156,5078.993399118192,True
ROTHERHAM,1881,15.723486418939132,9709.115105368708,True
ROTHERHAM,1881,10.866118264751961,13554.73920574414,True
ROTHERHAM,1881,22.250737803367734,8837.948777624102,True
DONCASTER,1881,0.8502073378162004,71.3749478353163,False
DONCASTER,1881,11.509493301306955,10197.68589724805,True
DONCASTER,1881,93.9528487450248,7195.940501379214,True
DONCASTER,1881,4.143508099366479,15074.718789392167,False
DONCASTER,1881,20.600414122867107,10683.98391752159,True
THORNE,1881,0.0,0.0,False
THORNE,1881,110.00607888685268,9818.74856865918,True
THORNE,1881,25.2171085565755,8036.44162773427,True
GOOLE,1881,0.0,0.0,False
GOOLE,1881,43.91310344358882,7696.536927215256,True
GOOLE,1881,27.74086691326068,14622.240487533903,True
SELBY,1881,0.0,0.0,False
SELBY,1881,73.75538671915004,8585.537854438582,True
SELBY,1881,28.1927414651011,10466.445925471948,True
TADCASTER,1881,212.48356890861726,15547.977130953848,True
TADCASTER,1881,94.18155297488914,5164.968751432434,True
TADCASTER,1881,171.1965545389041,5515.880105483267,True
YORK,1881,16.976033890652598,536.5470115430919,True
YORK,1881,39.760323589807,4928.506987058075,True
YORK,1881,28.796744450173296,10724.044248709395,True
YORK,1881,32.97457474218792,9435.172927120964,True
YORK,1881,71.4225911372172,16481.234056645302,True
YORK,1881,58.230002630032565,11621.711825989241,True
YORK,1881,23.354242256286508,11121.569529639823,True
POCKLINGTON,1881,0.0,0.0,False
POCKLINGTON,1881,24.233289146109133,6975.11614217581,True
POCKLINGTON,1881,7.401173989650686,15568.639013842687,True
HOWDEN,1881,0.0,0.0,False
HOWDEN,1881,41.02188802000219,7716.595377504618,True
HOWDEN,1881,136.87142211553714,9737.091195747334,True
HOWDEN,1881,71.64644379029697,8003.250631569908,True
BEVERLEY,1881,0.0,0.0,False
BEVERLEY,1881,31.40694881228145,9950.7952266207,True
BEVERLEY,1881,13.480570939485062,14157.198757901208,True
BEVERLEY,1881,44.252641036642885,17796.669556334367,True
SCULCOATES,1881,0.0,0.0,False
SCULCOATES,1881,131.9770808648099,6655.829245604224,True
SCULCOATES,1881,46.48517624166508,14091.423968735538,True
SCULCOATES,1881,39.79137017129988,9162.37161364108,True
SCULCOATES,1881,38.51824366345925,6623.838770684762,True
SCULCOATES,1881,69.2742720474926,3148.1206288290573,True
SCULCOATES,1881,92.13605812158202,3027.3021126164554,True
SCULCOATES,1881,87.94741677504231,3977.888653701366,True
HULL,1881,0.0,0.0,False
HULL,1881,0.8403279768904266,406.9734513950279,False
HULL,1881,1833.2831379133797,1522.5209579172829,True
PATRINGTON,1881,0.0,0.0,False
SKIRLAUGH,1881,0.0,0.0,False
SKIRLAUGH,1881,56.799936848297335,9533.163695000592,True
SKIRLAUGH,1881,9.183728101117529,4976.2070251758505,True
SKIRLAUGH,1881,31.33301562240989,12808.94356701263,True
SKIRLAUGH,1881,15.621369094156467,17846.277391940825,True
DRIFFIELD,1881,0.0,0.0,False
DRIFFIELD,1881,12.460330193501132,6739.91115560029,True
DRIFFIELD,1881,74.40985890646566,13802.07937518522,True
DRIFFIELD,1881,99.65310394806778,15811.288095522406,True
BRIDLINGTON,1881,0.0,0.0,False
BRIDLINGTON,1881,10.034674420908837,10113.116127085013,True
BRIDLINGTON,1881,79.39753272473378,13820.176128916244,True
SCARBOROUGH,1881,0.0,0.0,False
SCARBOROUGH,1881,33.44541197474038,15316.121800060051,True
SCARBOROUGH,1881,166.4480154141164,12226.876776743311,True
SCARBOROUGH,1881,13.443360829139491,9283.871888964737,True
MALTON,1881,0.0,0.0,False
MALTON,1881,35.70589122494373,11158.515340622218,True
MALTON,1881,48.08700751295572,10961.111933495944,True
MALTON,1881,64.31309189085364,19002.626530808815,True
MALTON,1881,39.74760231046811,20197.536589264168,True
EASINGWOLD,1881,0.0,0.0,False
EASINGWOLD,1881,27.451635697022443,8934.235162135752,True
EASINGWOLD,1881,37.17939357761221,10006.792909132195,True
THIRSK,1881,0.0,0.0,False
THIRSK,1881,33.51933152958597,11580.789143433176,True
THIRSK,1881,17.527823158562924,5910.268028418394,True
THIRSK,1881,15.684875969298057,7643.941815542897,True
THIRSK,1881,34.33583843751419,11864.287206944058,True
HELMSLEY,1881,21.179302769557562,2244.134805995449,True
HELMSLEY,1881,75.93485788100422,13071.798487493712,True
HELMSLEY,1881,31.41499530856729,10250.561251265835,True
PICKERING,1881,0.0,0.0,False
PICKERING,1881,25.187068974467135,9245.829956845495,True
PICKERING,1881,73.07268047755026,12585.288717265208,True
PICKERING,1881,18.66949011820744,16652.888265919155,True
PICKERING,1881,60.03817903264667,11890.203107936597,True
WHITBY,1881,0.0,0.0,False
WHITBY,1881,44.63019701519696,9361.52454849229,True
WHITBY,1881,52.94288753275298,9884.612380163986,True
GUISBROUGH,1881,11.710506612008663,578.1922293796931,True
GUISBROUGH,1881,32.64564431384948,10435.918936413565,True
GUISBROUGH,1881,22.00063456003429,12062.355163690227,True
GUISBROUGH,1881,80.84658974512571,9817.197646871851,True
STOKESLEY,1881,42.42121549180638,2977.9288109164436,True
STOKESLEY,1881,53.73879384059306,9630.417681341378,True
NORTHALLERTON,1881,0.0,0.0,False
NORTHALLERTON,1881,75.22996169812414,7846.578658618592,True
BEDALE,1881,3.5871057444563514,189.33683896048493,False
BEDALE,1881,3.719787881284251,11979.88653986937,False
LEYBURN,1881,5.507731782950991,167.55664538583457,True
LEYBURN,1881,13.243625178830984,9368.733369149882,True
AYSGARTH,1881,0.0,0.0,False
AYSGARTH,1881,20.75220579841056,12258.253171201313,True
REETH,1881,0.0,0.0,False
REETH,1881,4.031975380463905,11646.276637981291,False
RICHMOND,1881,1550.4092070107126,342563.9898214621,True
RICHMOND,1881,985.00515698749,338309.954674314,True
RICHMOND,1881,746.8885292094106,349436.7529047125,True
RICHMOND,1881,534.0997232195591,350979.0594847496,True
DARLINGTON,1881,0.0,0.0,False
DARLINGTON,1881,26.24913688021861,8269.761651974797,True
STOCKTON,1881,4.619885209277539,4753.49082583842,False
STOCKTON,1881,28.61328146980809,15035.023143091963,True
AUCKLAND,1881,0.0,0.0,False
AUCKLAND,1881,55.43423352272756,10069.106068606125,True
TEESDALE,1881,0.0,0.0,False
TEESDALE,1881,125.20955365737704,12732.50895554905,True
TEESDALE,1881,229.79898760700812,22145.834869300696,True
WEARDALE,1881,0.0,0.0,False
WEARDALE,1881,7.493319972215673,10038.880390155002,True
WEARDALE,1881,33.06350928411072,19024.57972675622,True
DURHAM,1881,167.66671058789896,15427.455982713182,True
DURHAM,1881,45.45926948281688,19941.039182737524,True
EASINGTON,1881,0.0,0.0,False
HOUGHTON-LE-SPRING,1881,0.0,0.0,False
HOUGHTON-LE-SPRING,1881,37.942675600044694,5188.332654502816,True
CHESTER-LE-STREET,1881,0.0,0.0,False
CHESTER-LE-STREET,1881,6.397799935650017,6878.506157190097,True
SUNDERLAND,1881,0.0,0.0,False
SUNDERLAND,1881,73.41290643652859,3491.383420720272,True
SUNDERLAND,1881,99.03521196490608,3486.4036564348844,True
SUNDERLAND,1881,95.36755612771641,2938.3732454121077,True
SUNDERLAND,1881,122.52547819732695,2732.990478228865,True
SOUTH SHIELDS,1881,0.0,0.0,False
SOUTH SHIELDS,1881,62.302321177940186,4933.604433448873,True
GATESHEAD,1881,0.0,0.0,False
GATESHEAD,1881,34.26815573531602,3139.7350032131917,True
GATESHEAD,1881,139.08694141958208,8590.881620970167,True
GATESHEAD,1881,488.15571396117525,14359.186102687221,True
NEWCASTLE UPON TYNE,1881,0.0,0.0,False
NEWCASTLE UPON TYNE,1881,43.4942909021633,2238.692842983303,True
NEWCASTLE UPON TYNE,1881,95.76149928217491,2810.9527925939515,True
NEWCASTLE UPON TYNE,1881,90.86078972182644,3695.881823148681,True
NEWCASTLE UPON TYNE,1881,7.573312698605148,4868.093453371945,True
TYNEMOUTH,1881,0.0,0.0,False
TYNEMOUTH,1881,31.89910616756902,3001.9934272868804,True
TYNEMOUTH,1881,16.640666389283776,5631.0754002593285,True
TYNEMOUTH,1881,241.79066213518422,4666.864525213238,True
TYNEMOUTH,1881,276.2364796809991,7196.086778004473,True
TYNEMOUTH,1881,286.6418041472002,11835.291609402493,True
CASTLE WARD,1881,0.0,0.0,False
CASTLE WARD,1881,15.307144207730566,8788.39230245313,True
HEXHAM,1881,0.0,0.0,False
HEXHAM,1881,4.892146252443856,10208.59924225952,False
HEXHAM,1881,0.4826855685959434,21316.72624307499,False
HEXHAM,1881,1.279208679844726,19564.83828368734,False
HALTWHISTLE,1881,0.0,0.0,False
BELLINGHAM,1881,0.0,0.0,False
BELLINGHAM,1881,58.72332513966691,18116.717998650904,True
MORPETH,1881,0.0,0.0,False
MORPETH,1881,13.4804548746028,12145.469255840371,True
ALNWICK,1881,0.0,0.0,False
ALNWICK,1881,47.97146153484932,8267.075251766164,True
ALNWICK,1881,64.45176540762209,12652.8655973096,True
BELFORD,1881,0.0,0.0,False
BERWICK,1881,0.0,0.0,False
BERWICK,1881,57.13498794899128,10545.227260275484,True
BERWICK,1881,13.922415788528767,11919.210520539269,True
GLENDALE,1881,0.0,0.0,False
GLENDALE,1881,42.40666886017372,13198.075964385223,True
ROTHBURY,1881,0.0,0.0,False
ROTHBURY,1881,7.093157876075493,12976.790228145392,True
ALSTON,1881,0.0,0.0,False
PENRITH,1881,0.0,0.0,False
PENRITH,1881,41.414708553789204,18838.140961177065,True
PENRITH,1881,28.860286193485756,9750.763032944054,True
BRAMPTON,1881,0.0,0.0,False
BRAMPTON,1881,12.129278186120755,7882.8685663206315,True
BRAMPTON,1881,83.00664002716584,16190.420976602696,True
LONGTOWN,1881,0.0,0.0,False
LONGTOWN,1881,22.17378031179143,14922.367276804845,True
CARLISLE,1881,0.0,0.0,False
CARLISLE,1881,36.85817524648358,5419.019606187547,True
CARLISLE,1881,86.9293633430208,8212.326708362025,True
CARLISLE,1881,22.544154794040892,10198.225393953893,True
CARLISLE,1881,39.96182776079347,14322.534002197785,True
CARLISLE,1881,20.751290510723265,10643.2652273427,True
WIGTON,1881,0.0,0.0,False
WIGTON,1881,0.7381746511262436,12178.681037292372,False
WIGTON,1881,18.72485643102403,14463.178401034376,True
COCKERMOUTH,1881,0.0,0.0,False
COCKERMOUTH,1881,32.54377802284322,11902.025273148673,True
COCKERMOUTH,1881,74.29380164134494,22147.171203472495,True
COCKERMOUTH,1881,70.60286750628971,22171.484918971913,True
WHITEHAVEN,1881,0.0,0.0,False
WHITEHAVEN,1881,99.89851310641822,10636.85462830215,True
WHITEHAVEN,1881,75.04615019324653,10274.280896235263,True
WHITEHAVEN,1881,18.882721760905483,8906.671424619988,True
BOOTLE,1881,1.362459503127534,100.33760739016903,False
BOOTLE,1881,8.328425029446757,12042.138715997466,True
EAST WARD,1881,0.0,0.0,False
EAST WARD,1881,19.71242261141306,16521.003339305244,True
EAST WARD,1881,19.73738269252765,21102.53819241696,True
WEST WARD,1881,0.0,0.0,False
WEST WARD,1881,6.833490733275838,11318.892765672594,True
KENDAL,1881,0.0,0.0,False
KENDAL,1881,24.359937174389927,16886.895568019227,True
KENDAL,1881,27.07282373847671,29166.702984158073,True
KENDAL,1881,94.18063126156537,17963.399622107656,True
KENDAL,1881,39.42787598471502,19277.539364572884,True
CHEPSTOW,1881,0.0,0.0,False
CHEPSTOW,1881,42.13277595439436,6845.928580284859,True
CHEPSTOW,1881,41.731376514321525,15649.58206261881,True
MONMOUTH,1881,0.0,0.0,False
MONMOUTH,1881,67.61885579530242,15349.712504321757,True
MONMOUTH,1881,68.3846485240678,8357.310958139704,True
MONMOUTH,1881,14.012785714296086,12116.487392282475,True
ABERGAVENNY,1881,0.0,0.0,False
ABERGAVENNY,1881,91.42468188916102,14042.33461951524,True
ABERGAVENNY,1881,89.7847491520167,7872.389226446336,True
ABERGAVENNY,1881,31.411417808227064,10327.541796840844,True
PONTYPOOL,1881,0.0,0.0,False
PONTYPOOL,1881,35.267261679480235,7884.979533796208,True
PONTYPOOL,1881,9.420115182943547,9853.271842862094,True
NEWPORT,1881,34.569764599303504,134147.95551126698,True
NEWPORT,1881,86.87749185624189,137717.03365674234,True
NEWPORT,1881,11.913459471525524,137982.2567483647,True
NEWPORT,1881,6.491311022962623,134816.78734176658,True
CARDIFF,1881,33.627879791508654,2769.4718129760313,True
CARDIFF,1881,17.513890750192267,9076.957095336142,True
CARDIFF,1881,37.877421821240006,14950.818036196832,True
MERTHYR TYDFIL,1881,53.082838173325065,4694.451707404595,True
MERTHYR TYDFIL,1881,64.05664615540051,5431.347293779469,True
MERTHYR TYDFIL,1881,70.28933565112226,13545.215211541958,True
MERTHYR TYDFIL,1881,2.629451195516736,13507.773815514716,False
BRIDGEND,1881,0.0,0.0,False
BRIDGEND,1881,21.67350098130866,14740.658621857867,True
BRIDGEND,1881,22.707778115344972,10155.67495153188,True
NEATH,1881,0.0,0.0,False
NEATH,1881,44.981293892105775,7491.364074928745,True
NEATH,1881,24.161764896223136,18972.328128315654,True
NEATH,1881,36.73083519577838,12482.03005172347,True
SWANSEA,1881,46.44117418350321,4482.090861428335,True
SWANSEA,1881,82.61422470791791,4782.475451630169,True
SWANSEA,1881,85.1988065243245,10667.700177519024,True
SWANSEA,1881,77.92084602473777,7966.175007066862,True
LLANELLY,1881,0.0,0.0,False
LLANELLY,1881,27.758197847927836,6716.779886686513,True
LLANELLY,1881,145.33163824383053,14703.061510971178,True
LLANELLY,1881,200.97466533693833,9237.806980764306,True
LLANDOVERY,1881,0.0,0.0,False
LLANDOVERY,1881,18.029813537830215,6428.292481867626,True
LLANDOVERY,1881,21.746276809033883,12734.055660288708,True
LLANDOVERY,1881,35.02337673017178,8643.808525577493,True
LLANDOVERY,1881,48.59696182246353,17850.821294375903,True
LLANDOVERY,1881,8.81979595260462,23567.214202234038,True
LLANDOVERY,1881,18.52328780608307,19034.48734892313,True
LLANDOVERY,1881,68.41880125244266,22333.64740515753,True
LLANDILOFAWR,1881,0.0,0.0,False
LLANDILOFAWR,1881,31.11146123447685,8298.23756898961,True
LLANDILOFAWR,1881,3.2941025710207557,13445.973674534072,False
LLANDILOFAWR,1881,25.368606207384936,10673.363574262024,True
LLANDILOFAWR,1881,119.09735882520145,20229.95997538343,True
CARMARTHEN,1881,0.0,0.0,False
CARMARTHEN,1881,22.51840282998972,17125.31657745924,True
CARMARTHEN,1881,59.71897568133373,8418.946210433476,True
CARMARTHEN,1881,41.336752162055106,17096.745026934594,True
NARBERTH,1881,0.0,0.0,False
NARBERTH,1881,2.332215708401243,8681.712091136584,False
NARBERTH,1881,8.110530195656667,12436.912722812489,True
NARBERTH,1881,46.1772294280974,10668.784144572766,True
NARBERTH,1881,21.30056592503137,16683.208419872557,True
NARBERTH,1881,49.736476555767254,19715.39918827361,True
PEMBROKE,1881,0.0,0.0,False
PEMBROKE,1881,7.792012638509043,12490.667878501868,True
PEMBROKE,1881,68.70860459536235,10901.912866952882,True
HAVERFORDWEST,1881,0.0,0.0,False
HAVERFORDWEST,1881,22.844932249360554,11050.89676717525,True
HAVERFORDWEST,1881,38.530621720748485,18578.796719349124,True
HAVERFORDWEST,1881,55.815480959295485,24030.703212560897,True
CARDIGAN,1881,0.0,0.0,False
CARDIGAN,1881,25.87410141991413,11602.504699353034,True
CARDIGAN,1881,45.790824072833,16636.296028469405,True
LAMPETER,1881,0.0,0.0,False
LAMPETER,1881,15.396821034715765,11354.458520013435,True
LAMPETER,1881,43.448170111464826,14489.717466736232,True
LAMPETER,1881,47.838492814196215,9920.3351695107,True
ABERAYRON,1881,0.0,0.0,False
ABERAYRON,1881,8.310831529522677,11059.159099724618,True
ABERYSTWITH,1881,0.0,0.0,False
ABERYSTWITH,1881,34.62557398187652,8823.878135139832,True
ABERYSTWITH,1881,26.83933602788086,19899.008772317036,True
ABERYSTWITH,1881,190.83210269317536,16748.74059308577,True
TREGARON,1881,0.0,0.0,False
TREGARON,1881,30.679763378805603,16001.414211323785,True
TREGARON,1881,113.69861367257653,11880.627519129474,True
BUILTH,1881,0.0,0.0,False
BUILTH,1881,54.90919052865259,17639.571115563318,True
BUILTH,1881,47.3771079424235,13616.604629880276,True
BRECKNOCK,1881,0.0,0.0,False
BRECKNOCK,1881,123.67357627573648,14219.993431763232,True
BRECKNOCK,1881,2.8808077335697804,12596.845404855523,False
BRECKNOCK,1881,15.2677432309318,20631.553324095017,True
BRECKNOCK,1881,11.690886337693058,14265.009625387398,True
CRICKHOWELL,1881,0.0,0.0,False
CRICKHOWELL,1881,43.01223115325269,9762.03866918622,True
CRICKHOWELL,1881,0.44002925112297064,7278.361262571722,False
CRICKHOWELL,1881,49.51579720289086,10497.861116871945,True
CRICKHOWELL,1881,53.78522784526789,5883.364254066139,True
HAY,1881,0.0,0.0,False
HAY,1881,14.53865027511383,12247.277021007261,True
HAY,1881,6.382253339060526,11618.841975012892,True
KNIGHTON,1881,69.6041506586749,10819.662480536128,True
KNIGHTON,1881,0.0,0.0,False
KNIGHTON,1881,29.932655775083,12004.28712992287,True
RHAYADER,1881,0.0,0.0,False
RHAYADER,1881,57.82431391906307,11343.12004378126,True
MACHYNLLETH,1881,0.0,0.0,False
MACHYNLLETH,1881,9.152076370263229,10352.864418738414,True
MACHYNLLETH,1881,15.003323213207178,13421.935948321541,True
NEWTOWN,1881,0.0,0.0,False
NEWTOWN,1881,43.65308799172317,8442.950107288538,True
NEWTOWN,1881,5.791899678208284,14828.076097413896,True
NEWTOWN,1881,38.323470259370865,25416.218838372082,True
NEWTOWN,1881,82.64850955814187,24419.660107977616,True
NEWTOWN,1881,36.20191875602184,25483.307141005167,True
LLANFYLLIN,1881,0.0,0.0,False
LLANFYLLIN,1881,24.007336221339205,17732.990291188205,True
LLANFYLLIN,1881,6.271160221312963,14743.373091587413,True
HOLYWELL,1881,0.0,0.0,False
HOLYWELL,1881,16.254110796010654,7994.825120162806,True
HOLYWELL,1881,23.005191020131022,14735.771294187041,True
HOLYWELL,1881,13.062253850043257,18016.277972727174,True
WREXHAM,1881,8.61761935363878,10040.084533908634,True
WREXHAM,1881,42.848685549635356,12209.219865101244,True
WREXHAM,1881,13.815918411805233,5024.3110921078405,True
RUTHIN,1881,0.0,0.0,False
RUTHIN,1881,48.09082762210243,7721.654276926623,True
RUTHIN,1881,16.84483822908865,8808.087533771015,True
RUTHIN,1881,5.210854072328259,17677.709058762855,True
RUTHIN,1881,12.493896750246414,15543.863161690395,True
RUTHIN,1881,47.185372646844456,13705.66417238209,True
LLANRWST,1881,0.0,0.0,False
LLANRWST,1881,12.708415352592253,12166.707352646436,True
LLANRWST,1881,1.0668928344767894,13850.108328253576,False
CORWEN,1881,23.616874645879943,1964.6944551874694,True
CORWEN,1881,19.180241071459722,18326.170091074746,True
BALA,1881,0.0,0.0,False
PWLLHELI,1881,0.0,0.0,False
PWLLHELI,1881,27.90929339232409,13881.272919279958,True
PWLLHELI,1881,35.47158319801657,24632.842214177123,True
PWLLHELI,1881,38.34004227724353,13489.051913306484,True
CARNARVON,1881,0.0,0.0,False
CARNARVON,1881,20.25139569015645,12364.263178281099,True
CARNARVON,1881,81.04226082875778,8241.58671728814,True
CARNARVON,1881,59.91091335080204,14247.024563697043,True
BANGOR,1881,52.15694947131717,3682.239146293107,True
BANGOR,1881,21.925906419019565,12781.452141175012,True
BANGOR,1881,8.326085274225791,14359.594149310908,True
CONWAY,1881,0.0,0.0,False
CONWAY,1881,205.4813177426844,8436.687487642248,True
CONWAY,1881,167.31936373711244,7593.040934020872,True
ANGLESEY,1881,18.79191379645735,10118.442654412258,True
ANGLESEY,1881,5.748338885999512,4117.886252041785,True
ANGLESEY,1881,9.52729606192756,14955.699069451413,True
ANGLESEY,1881,47.523578579097084,17220.54585583931,True
ANGLESEY,1881,0.8502503153432452,12854.418213684312,False
ANGLESEY,1881,69.24880245925151,17610.910726279395,True
