REGDIST,Industrial_Ratio_1831,is_treated_baseline,MANUFAC,FAMTRADE
1001,0.0,0,0,1049
1003,0.0007654769878480528,1,16,1780
1005,0.0006847974955977304,1,7,1544
1007,0.016536832034987018,1,121,496
2001,0.0012356739056562972,1,40,3985
3001,0.008847429091721211,1,515,4211
4001,0.0016778523489932886,1,38,2789
4002,0.0,0,0,0
4002,0.00023674242424242425,1,6,2428
5001,4.213719871902916e-05,1,1,3371
5001,0.0,0,0,6
6001,0.0,0,0,5575
7000,0.0,0,0,12826
8001,0.0,0,0,588
9000,0.0008981341986325183,1,93,13720
10001,0.004662879193911459,1,174,4874
11001,0.0008620689655172414,1,3,393
11002,0.0036074338905530325,1,112,2505
12001,0.002245827010622155,1,37,1797
12002,0.005791611769872639,1,211,5670
13001,0.0005128205128205128,1,8,2903
13002,0.0,0,0,1442
13002,0.0024390243902439024,1,1,27
13002,0.0004873294346978557,1,1,455
13002,0.00999423409571401,1,52,912
13002,0.0,0,0,40
13003,0.0,0,0,276
13003,0.0,0,0,0
13003,0.0,0,0,432
14000,0.0009877807858344918,1,27,3655
14000,0.0,0,0,2
14000,0.000944485255535733,1,9,1816
14001,0.0,0,0,0
14001,0.0,0,0,0
14001,0.0,0,0,0
14002,0.0,0,0,7
14003,0.0,0,0,0
14003,0.001887188089746278,1,9,726
15001,0.0009237099550741067,1,44,7382
16001,0.009326358217915184,1,435,7447
17001,0.0,0,0,1620
17001,0.003607644305772231,1,37,1289
17002,0.0,0,0,589
17002,0.0,0,0,2458
17002,0.0,0,0,168
18000,0.0,0,0,0
18000,0.0,0,0,38
18001,0.0020526855969893944,1,6,549
18001,0.0036316472114137485,1,28,1520
18002,0.0010771992818671453,1,6,870
18002,0.013848396501457727,1,95,1410
18002,0.0,0,0,15
18002,0.0,0,0,533
18002,0.0,0,0,0
18002,0.0,0,0,1
19001,0.003968253968253968,1,3,120
19001,0.004958047292143402,1,13,264
19001,0.0,0,0,54
19001,0.0,0,0,45
19001,0.0,0,0,157
19001,0.02512562814070352,1,5,27
19001,0.0,0,0,179
19001,0.0,0,0,23
19001,0.0,0,0,16
19001,0.004608294930875576,1,6,149
19002,0.0,0,0,107
19002,0.0,0,0,27
19002,0.0,0,0,134
19002,0.0,0,0,91
19002,0.0,0,0,342
19002,0.0,0,0,144
19002,0.0,0,0,35
19002,0.0,0,0,98
19002,0.0,0,0,37
19002,0.0,0,0,153
19002,0.0,0,0,11
19002,0.0063371356147021544,1,5,82
19002,0.0036496350364963502,1,1,33
19002,0.003472222222222222,1,1,44
19002,0.0,0,0,66
19002,0.01664145234493192,1,11,87
19002,0.008064516129032258,1,2,45
19002,0.0,0,0,82
19002,0.0,0,0,15
19002,0.0,0,0,151
19002,0.0,0,0,41
19002,0.0,0,0,78
19003,0.0,0,0,59
19003,0.0,0,0,17
19003,0.0,0,0,53
19003,0.003355704697986577,1,2,103
19003,0.0,0,0,63
19003,0.0,0,0,21
19003,0.0,0,0,40
19003,0.006279434850863423,1,4,62
19003,0.0024330900243309003,1,1,91
19003,0.018867924528301886,1,2,17
19003,0.0,0,0,24
19003,0.0,0,0,20
19003,0.0,0,0,64
19003,0.0,0,0,74
19003,0.007905138339920948,1,2,26
19003,0.0,0,0,63
19003,0.002304147465437788,1,1,40
19003,0.00267379679144385,1,1,23
19003,0.0,0,0,17
19003,0.0,0,0,47
19003,0.0,0,0,31
19003,0.0,0,0,67
19003,0.0,0,0,22
19003,0.0,0,0,37
19003,0.0,0,0,36
19003,0.09271523178807947,1,28,47
19003,0.0,0,0,19
19003,0.0,0,0,25
19003,0.0,0,0,21
19003,0.0,0,0,27
19003,0.0,0,0,61
19003,0.0,0,0,45
19003,0.0,0,0,73
19004,0.0,0,0,236
19004,0.0,0,0,60
19004,0.0,0,0,45
19004,0.0,0,0,47
19004,0.0,0,0,29
19004,0.0,0,0,44
19004,0.007407407407407408,1,6,135
19004,0.0,0,0,98
19004,0.0,0,0,62
19004,0.0,0,0,30
19004,0.006153846153846154,1,4,66
19004,0.0,0,0,15
19004,0.0,0,0,18
19004,0.0,0,0,29
19004,0.0,0,0,32
19004,0.0,0,0,66
19004,0.0,0,0,108
19004,0.0,0,0,40
19004,0.0009606147934678194,1,1,59
19004,0.0,0,0,87
19005,0.0,0,0,219
19005,0.0,0,0,145
19005,0.002898550724637681,1,1,23
19005,0.0,0,0,99
19005,0.0,0,0,2
19005,0.0,0,0,89
19005,0.0,0,0,71
19005,0.0,0,0,127
19005,0.0,0,0,240
19005,0.003968253968253968,1,1,15
19005,0.0,0,0,27
19005,0.0,0,0,19
19005,0.00024912805181863477,1,1,472
20000,0.00651945627442973,1,447,9751
21001,0.09111870747202425,1,5651,11962
22001,0.041105598866052445,1,58,316
22001,0.04657641094211377,1,836,3071
22001,0.038060479666319084,1,73,312
22003,0.06812026002166847,1,503,1229
22003,0.015520775713402532,1,477,3394
22006,0.0,0,0,53
22007,0.01187373298580944,1,41,354
22007,0.0,0,0,5
22007,0.0,0,0,0
22007,0.0,0,0,38
23001,0.0026490066225165563,1,102,6000
24001,0.0,0,0,905
24001,0.0014029180695847362,1,5,676
24002,0.0,0,0,2064
24003,0.0011800106200955808,1,40,3302
24005,0.009111181905065307,1,143,3717
25001,0.014444903012794058,1,70,368
25001,0.017205576980124593,1,58,265
25002,0.0018398718024808594,1,31,2979
26001,0.00488872674206494,1,67,1667
26002,0.007441963789847829,1,134,2743
27001,0.00046008741660915573,1,4,741
27001,0.0006868131868131869,1,1,66
27002,0.00020261371694863743,1,2,607
28001,0.004471941091422615,1,133,6060
29001,0.00191103623425281,1,76,5019
30001,0.0034586533710640973,1,154,5438
31000,0.008513931888544891,1,748,9311
32001,0.0,0,0,86
32002,0.01167388439088684,1,62,374
32003,0.004506468963512139,1,31,909
32004,0.0,0,0,278
32005,0.004143646408839779,1,21,316
32005,0.004847309743092583,1,10,289
33001,0.0028337643016542098,1,80,1820
34001,0.006058252427184466,1,78,2758
35001,0.003215434083601286,1,5,96
35001,0.0013082346100734064,1,18,1454
35002,0.00513585155732273,1,31,792
35003,0.00439864782307661,1,108,454
35005,0.0,0,0,1208
36001,0.0,0,0,95
36001,0.0,0,0,175
36002,0.0,0,0,103
36002,0.0,0,0,2
36003,0.0,0,0,3
36003,0.0,0,0,21
36003,0.0,0,0,373
37001,0.0,0,0,44
37001,0.004689942678478374,1,9,161
37001,0.0,0,0,67
37001,0.0,0,0,80
37002,0.0,0,0,20
37002,0.0,0,0,1
37002,0.0,0,0,1
37002,0.0,0,0,247
37002,0.0,0,0,113
37003,0.0,0,0,49
37003,0.0,0,0,4
37003,0.0,0,0,67
37003,0.0,0,0,8
37003,0.0,0,0,136
37003,0.0,0,0,9
38001,0.0009828009828009828,1,2,71
38001,0.0,0,0,68
38002,0.0,0,0,16
38002,0.0006256517205422315,1,3,285
38002,0.0,0,0,1
38003,0.0,0,0,7
38003,0.0,0,0,78
38003,0.0,0,0,20
38003,0.0,0,0,134
39001,0.0,0,0,20
39001,0.0010126582278481013,1,2,105
39001,0.0007352941176470588,1,1,43
39002,0.0,0,0,19
39002,0.0,0,0,75
39002,0.0,0,0,4
39003,0.0,0,0,42
39003,0.0,0,0,13
39003,0.0,0,0,19
39003,0.0,0,0,13
39003,0.0,0,0,27
39003,0.0,0,0,8
39003,0.0,0,0,91
39004,0.0,0,0,28
39004,0.0,0,0,0
39004,0.0,0,0,162
39004,0.0,0,0,217
39004,0.0,0,0,85
39004,0.0,0,0,91
39005,0.004395604395604396,1,2,13
39005,0.03665268271141532,1,166,483
39005,0.0,0,0,1
40001,0.012030075187969926,1,8,24
40001,0.0,0,0,84
40002,0.0,0,0,61
40002,0.0,0,0,19
40002,0.0,0,0,0
40002,0.0,0,0,7
40002,0.005917159763313609,1,1,6
40002,0.004774029280712922,1,15,266
40002,0.0,0,0,34
40002,0.0,0,0,1
40002,0.0,0,0,1
40002,0.0,0,0,31
41001,0.0,0,0,25
41001,0.024830699774266364,1,11,50
41001,0.0,0,0,17
41001,0.0,0,0,29
41001,0.0,0,0,8
41001,0.0,0,0,18
41001,0.0,0,0,10
41001,0.0,0,0,19
41002,0.0,0,0,48
41002,0.0,0,0,54
41002,0.0,0,0,8
42001,0.0,0,0,39
42001,0.0,0,0,28
42001,0.0,0,0,13
42001,0.0,0,0,11
42001,0.01884570082449941,1,16,65
42001,0.0,0,0,4
42001,0.005649717514124294,1,4,43
42001,0.0,0,0,40
42002,0.0,0,0,13
42002,0.0,0,0,57
42002,0.0007575757575757576,1,1,47
42002,0.0,0,0,25
42002,0.0,0,0,16
42002,0.0,0,0,16
42002,0.0,0,0,68
42002,0.0018709073900841909,1,2,46
43001,0.0,0,0,35
43001,0.0,0,0,43
43001,0.0,0,0,21
43001,0.0,0,0,20
43001,0.0015360983102918587,1,1,20
43002,0.0006368074718743367,1,3,376
43002,0.0,0,0,19
43002,0.0,0,0,17
44001,0.0,0,0,39
44001,0.0,0,0,16
44001,0.0,0,0,0
44001,0.0,0,0,14
44001,0.0,0,0,9
44001,0.0,0,0,4
44001,0.0,0,0,6
44001,0.0,0,0,101
44001,0.0,0,0,161
44001,0.0,0,0,18
44002,0.0,0,0,24
44002,0.003401360544217687,1,4,30
44002,0.0,0,0,47
44002,0.0,0,0,14
44002,0.0,0,0,49
44002,0.0,0,0,31
45001,0.0,0,0,70
45001,0.0,0,0,28
45001,0.0,0,0,2
45001,0.0,0,0,0
45001,0.0,0,0,2
45001,0.0,0,0,67
45001,0.0016806722689075631,1,1,16
45001,0.0,0,0,42
45001,0.0,0,0,56
45001,0.0,0,0,12
45001,0.0,0,0,3
45001,0.0,0,0,3
45001,0.0,0,0,17
45001,0.0,0,0,0
46001,0.0,0,0,13
46001,0.0,0,0,10
46001,0.00024102193299590263,1,3,2008
46001,0.0,0,0,12
46001,0.0,0,0,2
46002,0.0020161290322580645,1,1,18
46002,0.01796821008984105,1,26,119
46002,0.022110781855482105,1,97,376
46002,0.0061068702290076335,1,4,40
46002,0.03751339764201501,1,35,78
46002,0.0,0,0,3
47001,0.008200455580865604,1,18,183
47002,0.0,0,0,58
47002,0.0,0,0,8
47002,0.004508265152780097,1,27,689
47002,0.009569377990430622,1,2,6
47003,0.0,0,0,22
47003,0.0,0,0,16
47003,0.0,0,0,87
47003,0.0049382716049382715,1,6,78
47003,0.0,0,0,38
47003,0.0,0,0,25
47003,0.011363636363636364,1,3,6
47004,0.0,0,0,131
47004,0.0,0,0,170
47004,0.0,0,0,71
48001,0.0011947431302270011,1,1,53
48001,0.0,0,0,18
48001,0.0,0,0,717
48002,0.0,0,0,64
48002,0.00037064492216456633,1,1,154
49001,0.0,0,0,58
49001,0.0,0,0,249
49001,0.0,0,0,17
49001,0.0,0,0,20
49001,0.0,0,0,22
49001,0.0,0,0,16
49001,0.0,0,0,19
49001,0.0,0,0,25
49002,0.0,0,0,17
49002,0.0,0,0,93
49002,0.0,0,0,13
49002,0.0,0,0,17
49002,0.0,0,0,59
49002,0.0,0,0,20
49002,0.0,0,0,32
49002,0.0,0,0,24
50001,0.012476606363069246,1,40,224
50001,0.06132542037586548,1,124,207
50001,0.0,0,0,87
50001,0.0,0,0,22
50002,0.0,0,0,27
50002,0.008483563096500531,1,40,413
50002,0.0,0,0,20
50002,0.0,0,0,36
50002,0.004288164665523156,1,5,51
50002,0.0,0,0,20
50003,0.0,0,0,20
50003,0.0,0,0,71
50003,0.0,0,0,40
50003,0.0,0,0,6
50003,0.0,0,0,4
50003,0.0,0,0,37
50003,0.0,0,0,11
50003,0.0,0,0,2
50003,0.0,0,0,0
50003,0.0,0,0,0
50003,0.0,0,0,25
51001,0.0,0,0,460
51001,0.0,0,0,225
52001,0.0,0,0,9
52001,0.0,0,0,33
52001,0.0,0,0,5
52001,0.0,0,0,3
52001,0.0,0,0,6
52001,0.0,0,0,29
52001,0.0,0,0,283
52001,0.0,0,0,0
52001,0.0,0,0,33
52002,0.0,0,0,23
52002,0.0,0,0,13
52002,0.0,0,0,137
52002,0.0,0,0,20
52002,0.0,0,0,20
52002,0.0,0,0,106
52002,0.0,0,0,90
53001,0.0,0,0,2
53001,0.0,0,0,1
53001,0.0,0,0,7
53001,0.0,0,0,65
53001,0.0,0,0,2
53001,0.0,0,0,5
53001,0.0,0,0,7
54000,0.0007279344858962694,1,12,1586
54000,0.0,0,0,78
54001,0.0,0,0,10
54001,0.0,0,0,460
54001,0.0,0,0,500
54002,0.0,0,0,480
54002,0.0,0,0,17
54002,0.0,0,0,0
54002,0.0,0,0,0
55001,0.0,0,0,0
55001,0.0,0,0,74
55001,0.0,0,0,16
55001,0.0,0,0,15
55001,0.0,0,0,5
55001,0.0,0,0,5
55001,0.0,0,0,59
55001,0.0,0,0,12
55001,0.0,0,0,38
55001,0.0,0,0,7
55002,0.0,0,0,112
55002,0.0,0,0,31
55002,0.0,0,0,80
55002,0.0,0,0,13
55002,0.0,0,0,11
55002,0.0,0,0,57
55003,0.0,0,0,8
55003,0.0,0,0,50
55003,0.0,0,0,9
55003,0.0,0,0,4
55003,0.0,0,0,8
55003,0.0,0,0,124
56001,0.0,0,0,50
56001,0.0,0,0,6
56001,0.0,0,0,6
56001,0.0,0,0,39
56001,0.0,0,0,66
56001,0.0,0,0,48
56002,0.0,0,0,34
56002,0.0006370779358674878,1,3,299
56002,0.0,0,0,60
56002,0.0,0,0,117
56003,0.0,0,0,49
56003,0.0,0,0,29
56003,0.0,0,0,89
56003,0.0,0,0,18
56003,0.0,0,0,41
56003,0.0,0,0,64
57000,0.0,0,0,802
57001,0.0,0,0,8
57001,0.0,0,0,13
57001,0.0,0,0,169
57002,0.0,0,0,12
57002,0.0,0,0,79
57002,0.0,0,0,15
57003,0.0,0,0,84
57003,0.0,0,0,41
57003,0.0,0,0,38
58000,0.005719113537401703,1,88,1499
58000,0.0,0,0,0
58001,0.0,0,0,9
58001,0.0,0,0,16
58001,0.0,0,0,12
58001,0.0,0,0,2
58001,0.0,0,0,56
58002,0.0,0,0,19
58002,0.0,0,0,52
58002,0.0,0,0,43
58003,0.0,0,0,19
58003,0.0,0,0,32
58003,0.0,0,0,50
58003,0.0,0,0,49
58003,0.0,0,0,76
58003,0.0,0,0,9
59001,0.0,0,0,0
59001,0.0,0,0,35
59001,0.0,0,0,2
59001,0.0,0,0,15
59001,0.0,0,0,50
59001,0.0,0,0,2
59001,0.0,0,0,5
59001,0.0,0,0,13
59001,0.0,0,0,6
59002,0.0,0,0,5
59002,0.0,0,0,2
59002,0.0,0,0,35
59002,0.0,0,0,92
59002,0.0,0,0,1
59002,0.0,0,0,2
59003,0.0,0,0,5
59003,0.0,0,0,15
59003,0.0,0,0,46
59003,0.0,0,0,7
59003,0.0,0,0,34
59003,0.0,0,0,74
59003,0.0,0,0,4
59003,0.0,0,0,31
60001,0.0,0,0,41
60001,0.0,0,0,238
60001,0.0,0,0,35
60002,0.0,0,0,92
60002,0.0,0,0,116
60002,0.0,0,0,61
61001,0.0,0,0,36
61001,0.0,0,0,11
61001,0.0,0,0,71
61001,0.0,0,0,11
61001,0.0,0,0,31
61002,0.0,0,0,24
61002,0.0,0,0,0
61002,0.0,0,0,17
61002,0.0,0,0,0
61002,0.0,0,0,227
61002,0.0,0,0,45
62001,0.0,0,0,54
62001,0.0,0,0,11
62001,0.0,0,0,22
62001,0.0,0,0,17
62001,0.0,0,0,45
62001,0.0,0,0,28
62002,0.0,0,0,369
62002,0.0,0,0,22
62002,0.0,0,0,7
62002,0.0,0,0,8
62002,0.0,0,0,12
62002,0.0,0,0,8
63001,0.0,0,0,20
63001,0.0,0,0,0
63001,0.0,0,0,1
63001,0.0,0,0,7
63001,0.0,0,0,0
63001,0.0,0,0,0
63001,0.0,0,0,0
63001,0.0,0,0,0
63001,0.0,0,0,13
63001,0.0,0,0,13
63001,0.0,0,0,6
63001,0.0,0,0,13
63002,0.0,0,0,0
63002,0.0,0,0,30
63002,0.0,0,0,2
63002,0.0,0,0,27
63002,0.0,0,0,1
63002,0.0,0,0,17
63002,0.0,0,0,15
63003,0.0,0,0,17
63003,0.0,0,0,4
63003,0.0,0,0,5
63003,0.0,0,0,40
63003,0.0,0,0,5
63003,0.0,0,0,2
63003,0.0,0,0,9
63003,0.0,0,0,5
63003,0.0,0,0,24
63003,0.0,0,0,13
63003,0.0,0,0,63
64001,0.0,0,0,47
64001,0.0,0,0,13
64001,0.0,0,0,0
64001,0.0,0,0,7
64001,0.0,0,0,78
64001,0.0,0,0,1
64001,0.0,0,0,15
64001,0.0,0,0,15
64001,0.0,0,0,10
64002,0.0,0,0,6
64002,0.0,0,0,37
64002,0.0,0,0,9
64002,0.0,0,0,10
64002,0.0,0,0,24
64002,0.0,0,0,8
64002,0.0,0,0,14
64002,0.0,0,0,10
64002,0.0,0,0,56
64002,0.0,0,0,4
64002,0.0,0,0,5
64002,0.0,0,0,15
64002,0.0,0,0,10
65001,0.0,0,0,45
65001,0.0,0,0,146
65001,0.0,0,0,87
65001,0.0,0,0,1
65001,0.0,0,0,221
65001,0.0,0,0,10
65001,0.0,0,0,79
65001,0.0,0,0,76
65001,0.0,0,0,12
65001,0.0,0,0,48
65001,0.0,0,0,63
65001,0.0,0,0,66
65001,0.0,0,0,303
65001,0.0,0,0,294
65001,0.0,0,0,132
65001,0.0,0,0,123
66001,0.0,0,0,28
66001,0.0,0,0,3
66001,0.0,0,0,14
66001,0.0,0,0,85
66001,0.0,0,0,136
66001,0.0,0,0,4
66001,0.0,0,0,18
66001,0.0,0,0,42
66001,0.0,0,0,53
66001,0.0,0,0,2
66002,0.0,0,0,23
66002,0.0,0,0,64
66002,0.0,0,0,4
66003,0.0,0,0,38
66003,0.0,0,0,2
66003,0.0,0,0,98
67001,0.0,0,0,2
67001,0.0,0,0,78
67001,0.0,0,0,1
67001,0.0,0,0,2
67001,0.0,0,0,14
67001,0.0,0,0,2
67001,0.0,0,0,10
67001,0.0,0,0,23
67001,0.0,0,0,15
67002,0.0,0,0,9
67002,0.0,0,0,342
67002,0.0,0,0,16
67002,0.0,0,0,2
67002,0.0,0,0,12
67002,0.0,0,0,46
67002,0.0,0,0,32
67003,0.0,0,0,0
67003,0.0,0,0,20
67003,0.0,0,0,13
67003,0.0,0,0,48
67003,0.0,0,0,7
67003,0.0,0,0,29
67003,0.0,0,0,0
67003,0.0,0,0,10
67003,0.0,0,0,1
67003,0.0,0,0,30
68001,0.0,0,0,13
68001,0.0,0,0,6
68001,0.0,0,0,28
68001,0.0,0,0,28
68001,0.0,0,0,4
68001,0.0,0,0,10
68001,0.0,0,0,2
68001,0.0,0,0,1
68001,0.0,0,0,3
68001,0.0,0,0,144
68001,0.0,0,0,2
68001,0.0,0,0,37
68001,0.0,0,0,67
68001,0.0,0,0,12
68001,0.0,0,0,264
68001,0.0,0,0,2
68001,0.0,0,0,3
68001,0.0,0,0,15
69001,0.0,0,0,27
69001,0.0,0,0,1
69001,0.0,0,0,749
69002,0.0,0,0,34
69002,0.0,0,0,0
69002,0.0,0,0,1
69002,0.0,0,0,2
69002,0.0,0,0,1
70001,0.0,0,0,33
70001,0.0,0,0,35
70001,0.0,0,0,8
70001,0.0,0,0,27
70001,0.0,0,0,5
70001,0.0,0,0,1
70001,0.0,0,0,5
70002,0.0,0,0,353
70003,0.0,0,0,81
70003,0.0,0,0,189
70003,0.0,0,0,1045
71001,0.0,0,0,81
71001,0.0,0,0,0
71001,0.0,0,0,51
71001,0.0,0,0,0
71001,0.0,0,0,20
71001,0.0,0,0,62
71001,0.0,0,0,77
71001,0.0,0,0,131
71001,0.0,0,0,1
71001,0.0,0,0,13
71001,0.0,0,0,7
71002,0.0,0,0,2
71002,0.0,0,0,13
71002,0.0,0,0,19
71002,0.0,0,0,14
71002,0.0,0,0,5
71002,0.0,0,0,55
71003,0.0,0,0,5
71003,0.0,0,0,7
71003,0.0,0,0,29
71003,0.0,0,0,0
71003,0.0,0,0,24
71003,0.0,0,0,7
71003,0.0,0,0,1
71004,0.0,0,0,563
71004,0.0,0,0,10
71004,0.0,0,0,2
71004,0.0,0,0,1
71004,0.0,0,0,8
71004,0.0,0,0,4
71004,0.0,0,0,118
72000,0.0,0,0,79
72000,0.00020506510817184457,1,2,910
72001,0.0,0,0,7
72001,0.0,0,0,116
72001,0.0,0,0,1
72001,0.0,0,0,1
72001,0.0,0,0,6
72001,0.0,0,0,0
72001,0.0,0,0,16
72001,0.0,0,0,0
72001,0.0,0,0,22
72001,0.0,0,0,8
72003,0.0,0,0,14
72003,0.0,0,0,75
72003,0.0,0,0,2
72003,0.0,0,0,1
72003,0.0,0,0,6
72003,0.0,0,0,14
72003,0.0,0,0,12
72003,0.0,0,0,44
72003,0.0,0,0,2
72003,0.0,0,0,0
72003,0.0,0,0,11
72003,0.0,0,0,10
72003,0.0,0,0,5
73001,0.0,0,0,80
73001,0.0,0,0,27
73001,0.0,0,0,420
73001,0.0,0,0,4
73002,0.0,0,0,7
73002,0.0,0,0,55
73002,0.0,0,0,8
73002,0.0,0,0,22
73002,0.0,0,0,3
73002,0.0,0,0,8
73002,0.0,0,0,0
73002,0.0,0,0,4
73003,0.0,0,0,209
73003,0.0,0,0,1
73003,0.0,0,0,16
73003,0.03205128205128205,1,5,6
73003,0.0,0,0,19
73003,0.0,0,0,0
73003,0.0,0,0,7
73003,0.0,0,0,18
73003,0.0,0,0,7
74001,0.0,0,0,0
74001,0.0,0,0,1
74001,0.0,0,0,29
74001,0.0,0,0,0
74001,0.0,0,0,0
74001,0.0,0,0,3
74001,0.0,0,0,4
74001,0.0,0,0,0
74001,0.0,0,0,51
74001,0.0,0,0,0
74001,0.0,0,0,0
74002,0.0,0,0,4
74002,0.0,0,0,5
74002,0.0,0,0,29
74002,0.0,0,0,0
74002,0.0,0,0,76
74002,0.0,0,0,0
74002,0.0,0,0,2
74002,0.0,0,0,1
74002,0.0,0,0,0
75001,0.0,0,0,0
75001,0.0,0,0,1
75001,0.0,0,0,14
75001,0.0,0,0,27
75001,0.0,0,0,15
75001,0.0013458950201884253,1,5,273
75002,0.0,0,0,43
75002,0.0,0,0,36
75002,0.0,0,0,18
75002,0.0006906077348066298,1,1,61
75002,0.0,0,0,7
75002,0.0,0,0,40
76002,0.0,0,0,225
76003,0.0,0,0,99
76002,0.0,0,0,293
76003,0.0,0,0,17
76003,0.0,0,0,1
76003,0.0,0,0,195
76003,0.0,0,0,90
76001,0.0,0,0,12
76001,0.0,0,0,17
76001,0.0,0,0,67
76001,0.0,0,0,14
76003,0.0,0,0,2
76003,0.0,0,0,3
77001,0.0,0,0,70
77001,0.0,0,0,3
77001,0.0032310177705977385,1,2,16
77001,0.005405405405405406,1,2,21
77001,0.0,0,0,12
77001,0.0,0,0,19
77002,0.0,0,0,34
77002,0.0,0,0,16
77002,0.001366120218579235,1,1,45
77002,0.0,0,0,13
77003,0.0,0,0,23
77003,0.0016672224074691564,1,5,193
77003,0.0,0,0,14
77003,0.0,0,0,20
77003,0.0,0,0,0
78001,0.0,0,0,0
78001,0.0,0,0,10
78001,0.0,0,0,18
78001,0.0,0,0,19
78001,0.0,0,0,25
78001,0.0,0,0,12
78002,0.0,0,0,40
78002,0.0,0,0,9
78002,0.0,0,0,0
78002,0.004768892149669846,1,13,192
78002,0.0,0,0,0
78002,0.0,0,0,2
78002,0.0,0,0,0
78002,0.0,0,0,66
79001,0.0,0,0,15
79001,0.0,0,0,110
79001,0.0,0,0,12
79001,0.0,0,0,67
79001,0.0,0,0,32
79001,0.0,0,0,30
79002,0.0022172949002217295,1,2,34
79002,0.0,0,0,74
79002,0.0006648936170212766,1,1,76
79002,0.0,0,0,16
79002,0.0,0,0,31
80001,0.000508646998982706,1,1,59
80001,0.0,0,0,90
80002,0.0,0,0,7
80002,0.0,0,0,21
80002,0.0,0,0,116
80003,0.0,0,0,17
80003,0.0,0,0,68
80003,0.0,0,0,89
80004,0.0,0,0,124
81001,0.0003652300949598247,1,1,88
81001,0.0,0,0,87
81001,0.0,0,0,0
81002,0.0,0,0,35
81002,0.0,0,0,35
81002,0.0,0,0,26
81003,0.0,0,0,2
81003,0.0,0,0,35
81003,0.0,0,0,95
81004,0.0,0,0,34
81004,0.0010695187165775401,1,2,70
81004,0.0,0,0,61
82001,0.0,0,0,7
82001,0.0,0,0,59
82001,0.0,0,0,62
82002,0.0,0,0,194
82002,0.0016538037486218302,1,3,53
82003,0.0,0,0,39
82003,0.0,0,0,47
82003,0.0,0,0,75
83001,0.0,0,0,20
83001,0.0,0,0,33
83001,0.0,0,0,29
83001,0.0,0,0,82
83002,0.0,0,0,15
83002,0.0,0,0,29
83002,0.0,0,0,126
83002,0.0,0,0,23
83003,0.0,0,0,7
83003,0.0,0,0,12
83003,0.0,0,0,46
83003,0.0,0,0,18
83003,0.0,0,0,0
83003,0.0,0,0,7
83003,0.0,0,0,8
84001,0.0,0,0,82
84001,0.0,0,0,5
84001,0.0,0,0,20
84001,0.0,0,0,2
84001,0.0,0,0,2
84001,0.0,0,0,2
84001,0.0,0,0,10
84002,0.0,0,0,27
84002,0.0,0,0,53
84002,0.0,0,0,49
84002,0.0,0,0,51
84003,0.001893939393939394,1,4,271
84003,0.0,0,0,4
84003,0.0024067388688327317,1,2,86
84003,0.0004187604690117253,1,1,267
84003,0.0,0,0,112
84003,0.0,0,0,51
84003,0.002130681818181818,1,3,121
84003,0.0,0,0,35
84004,0.0,0,0,7
84004,0.0,0,0,2
84004,0.0,0,0,4
84004,0.0,0,0,3
84004,0.0,0,0,11
84004,0.0,0,0,16
84004,0.0,0,0,2
84004,0.0,0,0,22
84005,0.0,0,0,19
84005,0.0,0,0,3
84005,0.0,0,0,4
84005,0.0,0,0,4
84005,0.0,0,0,65
84005,0.0,0,0,5
84005,0.0,0,0,3
84005,0.0,0,0,0
84005,0.0,0,0,0
84006,0.0,0,0,13
84006,0.0,0,0,1
84006,0.0,0,0,1
84006,0.0,0,0,0
84006,0.0,0,0,16
84006,0.0,0,0,37
84006,0.0,0,0,1
85002,0.0009843973027513905,1,40,5146
86001,0.0,0,0,0
86001,0.0,0,0,0
86001,0.0,0,0,0
86001,0.0,0,0,17
86001,0.0,0,0,0
86001,0.0026613439787092482,1,4,82
86001,0.0,0,0,20
86001,0.0,0,0,29
86001,0.0,0,0,9
86001,0.0,0,0,5
86001,0.0,0,0,17
86001,0.0,0,0,36
86001,0.0,0,0,0
86002,0.0,0,0,14
86002,0.0,0,0,27
86002,0.0,0,0,3
86002,0.0,0,0,1
86002,0.0,0,0,5
86002,0.0,0,0,98
86002,0.0,0,0,17
86002,0.0,0,0,12
86002,0.0,0,0,130
86002,0.0,0,0,5
87001,0.0,0,0,6
87001,0.0,0,0,29
87001,0.0,0,0,31
87001,0.0,0,0,24
87001,0.0,0,0,38
87002,0.0,0,0,14
87002,0.0005876591576885406,1,3,401
87002,0.0,0,0,41
87002,0.0,0,0,18
87002,0.0010504201680672268,1,1,31
88001,0.0006493506493506494,1,1,79
88001,0.0,0,0,33
88001,0.0,0,0,62
88002,0.0,0,0,46
88002,0.0006422607578676942,1,2,236
89001,0.0,0,0,26
89001,0.0,0,0,31
89001,0.0,0,0,1
89001,0.0,0,0,95
89001,0.0,0,0,5
89002,0.0,0,0,8
89002,0.0,0,0,39
89002,0.0,0,0,1
89002,0.0,0,0,62
89002,0.0,0,0,9
89002,0.0,0,0,17
89002,0.0,0,0,1
89002,0.0,0,0,35
89002,0.0,0,0,5
90001,0.0,0,0,3
90001,0.0,0,0,0
90001,0.0,0,0,27
90001,0.0,0,0,38
90001,0.0,0,0,502
90002,0.0,0,0,44
90002,0.0,0,0,0
90002,0.0,0,0,3
90002,0.0,0,0,8
90002,0.0,0,0,1
90002,0.0,0,0,26
90002,0.0,0,0,0
90002,0.0,0,0,22
90002,0.0,0,0,204
90002,0.0,0,0,9
90002,0.0,0,0,12
90002,0.0,0,0,3
90002,0.0,0,0,10
90003,0.0,0,0,31
90003,0.0007135212272565109,1,2,239
90003,0.0,0,0,11
90003,0.0,0,0,9
90003,0.0,0,0,0
90003,0.0,0,0,2
90003,0.0,0,0,2
90003,0.0,0,0,1
90003,0.0,0,0,0
91001,0.0,0,0,16
91001,0.0,0,0,2
91001,0.0,0,0,13
91001,0.0,0,0,25
91001,0.0,0,0,27
91001,0.0,0,0,6
91001,0.0,0,0,14
91002,0.0,0,0,4
91002,0.0,0,0,5
91002,0.0,0,0,20
91002,0.0,0,0,9
91002,0.0,0,0,2
91002,0.0,0,0,10
91002,0.0,0,0,24
91002,0.0,0,0,20
91003,0.0,0,0,2
91003,0.0,0,0,0
91003,0.0,0,0,6
91003,0.0,0,0,27
91003,0.0,0,0,1
91003,0.0,0,0,0
91003,0.0,0,0,35
91003,0.0,0,0,17
91004,0.0024009603841536613,1,2,35
91004,0.0,0,0,24
91004,0.0,0,0,0
91004,0.0,0,0,12
91004,0.0,0,0,38
91004,0.0,0,0,8
91004,0.0,0,0,20
91005,0.0,0,0,0
91005,0.0,0,0,11
91005,0.0,0,0,26
91005,0.0,0,0,20
91005,0.0,0,0,26
91005,0.0,0,0,0
91005,0.0,0,0,0
92001,0.0,0,0,2
92001,0.0,0,0,4
92001,0.0,0,0,1
92001,0.0,0,0,24
92001,0.0,0,0,2
92001,0.0,0,0,13
92001,0.011363636363636364,1,1,4
92001,0.0,0,0,32
92001,0.0,0,0,0
92001,0.0,0,0,13
92001,0.0,0,0,18
92001,0.0,0,0,8
92002,0.0,0,0,25
92002,0.0,0,0,119
92002,0.0,0,0,29
92002,0.0,0,0,56
92002,0.0,0,0,11
92002,0.0,0,0,28
92002,0.0,0,0,46
92002,0.0,0,0,88
92002,0.0,0,0,34
92002,0.0,0,0,589
92002,0.0,0,0,38
92002,0.0,0,0,13
92003,0.0,0,0,141
93001,0.0,0,0,4
93001,0.0,0,0,21
93001,0.0,0,0,42
93001,0.0,0,0,41
93001,0.0,0,0,143
93001,0.011235955056179775,1,1,1
93001,0.0,0,0,23
93001,0.0,0,0,12
93001,0.0,0,0,8
93002,0.0,0,0,0
93002,0.0,0,0,26
93002,0.0,0,0,3
93002,0.0,0,0,8
93002,0.0,0,0,16
93002,0.0,0,0,39
93003,0.0,0,0,2
93003,0.0,0,0,2
93003,0.0,0,0,2
93003,0.0,0,0,5
93003,0.0,0,0,39
93003,0.0,0,0,16
93003,0.0,0,0,42
93003,0.0,0,0,25
93003,0.0,0,0,2
93003,0.0,0,0,0
93003,0.0,0,0,18
94001,0.0,0,0,12
94001,0.0,0,0,25
94001,0.0,0,0,44
94001,0.0,0,0,1
94001,0.0,0,0,0
94001,0.0,0,0,2
94001,0.0,0,0,12
94001,0.0,0,0,7
94002,0.0,0,0,42
94002,0.0,0,0,4
94002,0.0,0,0,0
94002,0.0029542097488921715,1,6,129
95001,0.0,0,0,20
95001,0.0,0,0,47
95001,0.00048007681228996637,1,1,239
95001,0.0,0,0,5
95001,0.0,0,0,15
95001,0.004721435316336166,1,10,139
96002,0.0,0,0,253
96002,0.0,0,0,3924
96003,0.0,0,0,588
97001,0.0,0,0,1516
98001,0.0,0,0,3
98001,0.010222626079054975,1,45,315
98001,0.0,0,0,36
98001,0.0,0,0,36
98001,0.0,0,0,22
98001,0.0,0,0,28
98002,0.0,0,0,0
98002,0.0008081896551724138,1,3,265
98002,0.0,0,0,75
99001,0.0,0,0,368
99001,0.010767160161507403,1,24,188
99002,0.0,0,0,86
99002,0.004455760661998727,1,21,387
99002,0.0,0,0,6
99002,0.0,0,0,410
99002,0.0,0,0,26
99002,0.0,0,0,0
99002,0.0,0,0,0
99003,0.0,0,0,7
99003,0.0,0,0,80
99003,0.014690451206715634,1,14,21
99003,0.0,0,0,7
99003,0.0,0,0,0
99004,0.0,0,0,1
99004,0.0,0,0,16
99004,0.0,0,0,66
99004,0.0,0,0,0
99004,0.0,0,0,0
99004,0.0,0,0,282
99004,0.0,0,0,49
99004,0.0,0,0,26
99004,0.0,0,0,18
99005,0.0,0,0,18
99005,0.0,0,0,7
99005,0.0,0,0,52
99005,0.0,0,0,41
99005,0.0,0,0,0
99005,0.0,0,0,1
99005,0.0,0,0,19
99005,0.0,0,0,4
99005,0.0,0,0,34
100001,0.01468498342018001,1,31,74
100001,0.0,0,0,38
100001,0.0017851829812555787,1,6,382
100001,0.0,0,0,77
100002,0.0,0,0,8
100002,0.0,0,0,34
101001,0.0009356287425149701,1,5,276
101001,0.001364256480218281,1,1,16
101001,0.0,0,0,38
102001,0.0,0,0,2
102001,0.0,0,0,0
102001,0.0,0,0,14
102001,0.0,0,0,14
102001,0.0,0,0,9
102001,0.0,0,0,9
102001,0.0008698173383589446,1,3,271
103001,0.0,0,0,23
103001,0.0,0,0,1
103001,0.0,0,0,0
103001,0.0,0,0,22
103001,0.009574875526618154,1,25,187
103001,0.014218009478672985,1,3,11
103001,0.0,0,0,0
103001,0.0,0,0,13
103001,0.0,0,0,12
103001,0.0,0,0,5
103001,0.0,0,0,10
104001,0.0,0,0,30
104001,0.0,0,0,7
104001,0.0,0,0,63
104001,0.0,0,0,67
104001,0.0,0,0,0
104002,0.010015408320493066,1,13,67
104002,0.0,0,0,8
104002,0.0,0,0,13
104002,0.001087547580206634,1,2,89
104003,0.0,0,0,279
105001,0.0,0,0,354
105001,0.0,0,0,201
105001,0.0,0,0,57
105001,0.0,0,0,50
105001,0.00011737089201877934,1,1,836
105001,0.0,0,0,205
106001,0.0,0,0,36
106001,0.0,0,0,15
106001,0.0,0,0,24
106001,0.0,0,0,43
106002,0.0,0,0,20
106002,0.0,0,0,3
106002,0.0,0,0,55
106002,0.0,0,0,63
106002,0.0,0,0,35
106002,0.0,0,0,51
106003,0.0,0,0,5
106003,0.0,0,0,201
106003,0.0,0,0,23
107000,0.0,0,0,14
107001,0.0,0,0,38
107001,0.0,0,0,285
107001,0.0039100684261974585,1,8,305
107001,0.0,0,0,23
107002,0.0,0,0,6
107002,0.0,0,0,0
107002,0.0,0,0,0
107002,0.0,0,0,18
107002,0.0,0,0,16
107002,0.0,0,0,19
107002,0.0,0,0,11
107002,0.0,0,0,1
107002,0.0,0,0,0
108000,0.0,0,0,6
108001,0.0,0,0,55
108001,0.0,0,0,13
108001,0.0,0,0,16
108001,0.0,0,0,13
108001,0.0,0,0,9
108002,0.0,0,0,0
108002,0.0,0,0,1
108002,0.0,0,0,10
108002,0.0,0,0,5
108002,0.0,0,0,14
108002,0.0,0,0,38
108002,0.0,0,0,0
108002,0.0,0,0,119
109000,0.0,0,0,24
109000,0.0,0,0,22
109000,0.0,0,0,22
109000,0.0,0,0,47
109000,0.0,0,0,40
109000,0.0,0,0,89
109000,0.0019023462270133164,1,3,224
109000,0.0,0,0,58
109000,0.0,0,0,17
109000,0.0,0,0,60
109000,0.0,0,0,74
109000,0.0,0,0,26
109000,0.0,0,0,117
109000,0.0,0,0,0
109001,0.0,0,0,1
109001,0.0,0,0,34
109001,0.0,0,0,2
109001,0.0,0,0,11
109001,0.0,0,0,47
109002,0.0,0,0,2
109002,0.0,0,0,19
109002,0.0,0,0,28
109002,0.0,0,0,1
109002,0.0,0,0,4
109002,0.0,0,0,14
109002,0.0,0,0,0
109002,0.0,0,0,2
109002,0.0,0,0,5
109002,0.0,0,0,8
109003,0.0,0,0,7
109003,0.0,0,0,6
109004,0.0,0,0,40
109004,0.0,0,0,4
109004,0.0,0,0,8
109004,0.0,0,0,5
109004,0.0,0,0,23
109004,0.0,0,0,50
109005,0.0,0,0,6
109005,0.0,0,0,1
109005,0.0,0,0,42
109005,0.0,0,0,16
110001,0.0,0,0,134
110001,0.0,0,0,11
110001,0.0,0,0,15
110002,0.0,0,0,5
110002,0.0,0,0,19
110002,0.0,0,0,18
110002,0.0,0,0,12
110002,0.0014064697609001407,1,1,41
110003,0.0,0,0,90
110003,0.0,0,0,90
110003,0.0,0,0,38
111001,0.0,0,0,10
111001,0.0,0,0,55
111001,0.0,0,0,2
111001,0.0,0,0,1
111001,0.0,0,0,19
112001,0.0,0,0,33
112001,0.0,0,0,5
112001,0.0,0,0,1
112001,0.0,0,0,8
112001,0.0,0,0,20
112001,0.0,0,0,114
112001,0.0,0,0,20
112001,0.0,0,0,17
112002,0.0,0,0,3
112002,0.0,0,0,38
112002,0.0,0,0,6
112002,0.0,0,0,3
112002,0.0,0,0,11
113001,0.0,0,0,10
113001,0.0,0,0,24
113001,0.0,0,0,6
113001,0.0,0,0,23
113001,0.0,0,0,13
113001,0.0,0,0,9
113001,0.0,0,0,24
113001,0.0,0,0,4
113001,0.0,0,0,4
113002,0.0,0,0,137
113002,0.0,0,0,7
113002,0.0,0,0,9
113002,0.0,0,0,17
113002,0.0,0,0,1
113002,0.0,0,0,0
113002,0.0,0,0,3
113002,0.0,0,0,7
113002,0.0,0,0,12
113002,0.0,0,0,6
114001,0.00437636761487965,1,12,247
114001,0.0,0,0,11
114001,0.0,0,0,9
114001,0.0,0,0,21
114001,0.0,0,0,14
114001,0.009569377990430622,1,4,5
114001,0.0,0,0,8
114001,0.0,0,0,0
114001,0.0,0,0,9
114001,0.0,0,0,6
114002,0.0,0,0,21
114002,0.0020833333333333333,1,2,19
114002,0.0,0,0,0
114002,0.0,0,0,29
114002,0.0,0,0,0
114002,0.0,0,0,25
114002,0.0,0,0,3
114002,0.0,0,0,36
114002,0.0,0,0,0
114002,0.0,0,0,2
115001,0.0,0,0,20
115001,0.0,0,0,22
115001,0.0,0,0,13
115001,0.0,0,0,9
115001,0.0,0,0,19
115001,0.0,0,0,12
115001,0.0011333585190782018,1,3,157
115001,0.0,0,0,8
115002,0.0,0,0,5
115002,0.0,0,0,0
115002,0.0,0,0,17
115002,0.0,0,0,48
115002,0.0,0,0,108
115002,0.0,0,0,13
115002,0.0,0,0,33
115002,0.0,0,0,17
115002,0.0,0,0,16
115002,0.0,0,0,3
116001,0.0,0,0,32
116001,0.0,0,0,375
116001,0.0,0,0,4
116001,0.0,0,0,8
116001,0.0,0,0,14
116001,0.0,0,0,14
116001,0.0,0,0,0
116001,0.0,0,0,1
116001,0.0,0,0,26
116001,0.0,0,0,0
116001,0.0,0,0,2
116001,0.0,0,0,2
116002,0.0,0,0,9
116002,0.0,0,0,6
116002,0.0,0,0,11
116002,0.0,0,0,22
116002,0.0,0,0,15
116002,0.0,0,0,14
116002,0.0,0,0,30
116002,0.0,0,0,11
116002,0.0,0,0,16
116002,0.0,0,0,9
116003,0.0,0,0,5
116003,0.0,0,0,7
116003,0.0,0,0,6
116003,0.0,0,0,7
116003,0.0,0,0,20
116003,0.0,0,0,7
116003,0.0,0,0,0
116003,0.0,0,0,10
116003,0.0,0,0,2
116003,0.0,0,0,1
116003,0.0,0,0,21
116003,0.0,0,0,4
116003,0.0,0,0,9
116003,0.0,0,0,0
116003,0.0,0,0,1
116003,0.0,0,0,27
117001,0.0,0,0,0
117001,0.0,0,0,1
117001,0.0,0,0,12
117001,0.0,0,0,13
117001,0.0,0,0,40
117001,0.0006635700066357001,1,1,109
117001,0.0,0,0,4
117001,0.004781829049611476,1,8,113
118000,0.0,0,0,4
118000,0.0,0,0,10
118000,0.0,0,0,33
118000,0.0,0,0,20
118001,0.0,0,0,28
118001,0.0,0,0,22
118001,0.0,0,0,2
118001,0.0,0,0,10
118001,0.0,0,0,34
118001,0.0,0,0,10
118001,0.0,0,0,35
118001,0.0,0,0,23
118002,0.0,0,0,30
118002,0.0,0,0,10
118002,0.0,0,0,4
118002,0.0,0,0,11
118002,0.0,0,0,8
118002,0.0,0,0,4
118002,0.0,0,0,5
118002,0.0,0,0,10
118002,0.0,0,0,1
118003,0.003369839932603201,1,16,473
118003,0.0,0,0,24
118003,0.0,0,0,4
118003,0.0,0,0,0
118003,0.0,0,0,9
118003,0.0,0,0,18
118004,0.0,0,0,6
118004,0.0,0,0,45
118004,0.0,0,0,1
118004,0.0,0,0,12
118004,0.0,0,0,7
119001,0.0,0,0,6
119001,0.0,0,0,16
119001,0.0,0,0,1
119001,0.0,0,0,6
119001,0.0,0,0,0
119001,0.0,0,0,0
119001,0.002364066193853428,1,3,69
119002,0.0,0,0,18
119002,0.0,0,0,20
119002,0.0,0,0,0
119002,0.0,0,0,3
119002,0.001184834123222749,1,3,110
119002,0.0,0,0,2
119002,0.0,0,0,70
119002,0.0,0,0,7
120001,0.0,0,0,15
120001,0.006597549481621112,1,7,75
120001,0.0,0,0,16
120001,0.001199040767386091,1,3,121
120001,0.0,0,0,0
120001,0.0,0,0,27
120002,0.0,0,0,5
120002,0.0,0,0,13
120002,0.0036918946131901326,1,22,623
120002,0.0,0,0,17
120002,0.0,0,0,0
120003,0.0,0,0,18
120003,0.0,0,0,42
120003,0.0,0,0,10
120003,0.0,0,0,16
120003,0.0042706964520367935,1,13,218
120003,0.0,0,0,45
120003,0.0,0,0,10
121001,0.0,0,0,0
121001,0.0,0,0,0
121001,0.0,0,0,2
121001,0.0,0,0,8
121001,0.0,0,0,35
121001,0.0,0,0,78
121001,0.0,0,0,0
121001,0.0,0,0,31
121001,0.0,0,0,3
121002,0.0,0,0,10
121002,0.0,0,0,115
121002,0.0,0,0,12
121002,0.0,0,0,19
121002,0.0,0,0,29
121002,0.0,0,0,3
121002,0.0,0,0,26
121002,0.0,0,0,10
121002,0.0,0,0,1
121002,0.0,0,0,141
121002,0.0006501950585175553,1,1,129
121002,0.0,0,0,27
121002,0.0,0,0,7
121003,0.0014104372355430183,1,2,225
121003,0.0,0,0,12
121003,0.0,0,0,5
121003,0.0,0,0,19
121003,0.0,0,0,22
121003,0.0,0,0,68
121003,0.0,0,0,7
121003,0.0,0,0,0
121003,0.0,0,0,21
122001,0.0,0,0,8
122001,0.0,0,0,7
122001,0.0,0,0,11
122001,0.0,0,0,0
122001,0.0,0,0,12
122001,0.0,0,0,7
122001,0.0,0,0,2
122001,0.0,0,0,1
122001,0.0,0,0,20
122001,0.0,0,0,0
122001,0.0,0,0,39
122001,0.0,0,0,21
122001,0.0,0,0,7
122002,0.0,0,0,10
122002,0.0,0,0,2
122002,0.0,0,0,1
122002,0.0,0,0,188
122002,0.0,0,0,1
122002,0.0,0,0,20
122002,0.0,0,0,64
122002,0.0,0,0,2
122002,0.0,0,0,1
122003,0.0,0,0,1
122003,0.0,0,0,27
122003,0.0,0,0,10
122003,0.0,0,0,0
122003,0.0,0,0,5
122003,0.0,0,0,6
122003,0.0,0,0,16
122003,0.0,0,0,1
122003,0.0,0,0,6
122003,0.0,0,0,31
122003,0.0,0,0,21
123001,0.0,0,0,9
123001,0.0,0,0,12
123001,0.0,0,0,0
123001,0.0,0,0,12
123001,0.0,0,0,17
123001,0.0,0,0,0
123001,0.0,0,0,2
123002,0.04709141274238227,1,221,630
123002,0.01060070671378092,1,6,64
123002,0.0,0,0,0
123002,0.0,0,0,0
123002,0.0,0,0,2
123002,0.0,0,0,2
123002,0.0,0,0,58
123002,0.0,0,0,0
123002,0.0,0,0,0
123002,0.0,0,0,8
123002,0.0,0,0,0
123002,0.0,0,0,2
123002,0.0,0,0,8
123002,0.0,0,0,0
123003,0.0,0,0,2
123003,0.0,0,0,0
123003,0.0,0,0,2
123003,0.0,0,0,0
123003,0.0,0,0,0
123003,0.0,0,0,0
123003,0.0,0,0,10
123003,0.0,0,0,0
123003,0.0,0,0,0
123003,0.0,0,0,9
123003,0.0,0,0,11
123003,0.0,0,0,1
123003,0.0,0,0,0
123003,0.0,0,0,1
123003,0.0,0,0,0
123003,0.0,0,0,4
123003,0.0,0,0,10
123004,0.0,0,0,17
123004,0.0,0,0,6
123004,0.0,0,0,0
123004,0.0,0,0,2
123004,0.0,0,0,18
123004,0.0,0,0,6
123004,0.0,0,0,28
123004,0.0,0,0,8
123004,0.0,0,0,13
123004,0.0,0,0,17
123005,0.0,0,0,2
123005,0.0,0,0,9
123005,0.0,0,0,23
123005,0.0,0,0,23
123005,0.0,0,0,28
123005,0.0,0,0,36
123005,0.0,0,0,10
124001,0.0,0,0,9
124001,0.0,0,0,2
124001,0.0,0,0,28
124001,0.0,0,0,13
124001,0.0,0,0,2
124001,0.003169572107765452,1,2,28
124001,0.0,0,0,14
124001,0.0,0,0,10
124001,0.0,0,0,13
124001,0.0,0,0,2
124001,0.0019230769230769232,1,1,20
124001,0.025927403270841642,1,65,407
124002,0.0,0,0,9
124002,0.0,0,0,4
124002,0.0,0,0,19
124002,0.0,0,0,1
124002,0.0,0,0,13
124002,0.0,0,0,14
124002,0.0,0,0,6
124002,0.0,0,0,4
124002,0.0,0,0,30
124002,0.0,0,0,53
124002,0.0,0,0,7
124002,0.0,0,0,7
124003,0.0,0,0,12
124003,0.0,0,0,24
124003,0.0,0,0,4
124003,0.0,0,0,40
124003,0.0,0,0,33
124003,0.0,0,0,11
124003,0.0,0,0,6
124003,0.0,0,0,5
124003,0.0,0,0,1
125001,0.0,0,0,10
125001,0.0,0,0,12
125001,0.0,0,0,19
125001,0.0,0,0,40
125001,0.0,0,0,2
125001,0.0,0,0,46
125001,0.0,0,0,29
125001,0.0,0,0,2
125001,0.0,0,0,16
125001,0.0,0,0,31
125001,0.0,0,0,5
125001,0.0,0,0,6
125001,0.0,0,0,0
125001,0.0,0,0,16
125002,0.0,0,0,5
125002,0.008778930566640064,1,11,70
125002,0.0,0,0,4
125002,0.0,0,0,1
125002,0.006153846153846154,1,2,10
125002,0.0,0,0,24
125002,0.0,0,0,0
125002,0.001199040767386091,1,1,114
125002,0.001774622892635315,1,2,138
125002,0.0,0,0,3
125002,0.0,0,0,6
125002,0.0,0,0,12
125002,0.0,0,0,3
125002,0.0022026431718061676,1,1,45
125002,0.0,0,0,46
125002,0.0,0,0,2
125002,0.0,0,0,52
126001,0.0,0,0,12
126001,0.0,0,0,33
126001,0.0,0,0,25
126001,0.003076923076923077,1,4,25
126001,0.0,0,0,10
126001,0.0,0,0,32
126001,0.0,0,0,7
126001,0.0,0,0,11
126001,0.0,0,0,10
126002,0.0,0,0,32
126002,0.0,0,0,17
126002,0.0,0,0,32
126002,0.0,0,0,1
126002,0.0,0,0,9
126002,0.0,0,0,16
126002,0.0,0,0,32
126002,0.0,0,0,29
126002,0.0,0,0,8
126002,0.0,0,0,3
126002,0.0,0,0,8
126002,0.0,0,0,11
126003,0.0,0,0,13
126003,0.0,0,0,12
126003,0.0,0,0,66
126003,0.0,0,0,5
126003,0.0,0,0,2
126003,0.0,0,0,8
126003,0.0,0,0,109
126003,0.0,0,0,36
127001,0.012797881729920565,1,87,832
127001,0.0,0,0,0
127002,0.011363636363636364,1,46,507
127003,0.003158559696778269,1,15,457
127003,0.0,0,0,10
128000,0.0,0,0,32
128000,0.0,0,0,18
128000,0.0,0,0,36
128000,0.0,0,0,21
128001,0.0,0,0,12
128001,0.0,0,0,1
128001,0.0,0,0,20
128001,0.0,0,0,8
128001,0.0,0,0,9
128001,0.0,0,0,16
128001,0.0009398496240601503,1,1,65
128001,0.0,0,0,260
128002,0.0,0,0,49
128002,0.0,0,0,15
128002,0.0,0,0,4
128002,0.0,0,0,30
128002,0.0,0,0,50
128002,0.0,0,0,15
128002,0.0,0,0,55
128002,0.0,0,0,20
129000,0.0,0,0,210
129000,0.0,0,0,274
129001,0.0,0,0,3
129001,0.0,0,0,24
129001,0.0,0,0,27
129002,0.0311284046692607,1,24,35
129002,0.0,0,0,42
130001,0.0,0,0,47
130001,0.0,0,0,33
130001,0.0,0,0,56
130001,0.0,0,0,110
130002,0.0,0,0,7
131001,0.0,0,0,296
131001,0.0,0,0,83
131001,0.0,0,0,22
131002,0.0,0,0,727
131002,0.0,0,0,0
131002,0.0,0,0,493
131002,0.0,0,0,60
132001,0.0,0,0,21
132001,0.024891774891774892,1,23,50
132001,0.0,0,0,17
132001,0.0,0,0,20
132001,0.0,0,0,4
132001,0.0,0,0,40
132001,0.0,0,0,138
132002,0.004132231404958678,1,4,29
132002,0.0,0,0,17
132002,0.0,0,0,41
132002,0.0,0,0,40
132002,0.008045052292839904,1,20,202
132002,0.01443001443001443,1,20,61
133001,0.0,0,0,34
133001,0.0,0,0,36
133001,0.0,0,0,253
133002,0.026459143968871595,1,34,68
133002,0.0,0,0,12
133002,0.0,0,0,347
133003,0.0,0,0,79
133003,0.0,0,0,9
133003,0.0022727272727272726,1,3,87
133003,0.0,0,0,48
134001,0.003228646903434106,1,11,83
134001,0.0,0,0,383
134002,0.0,0,0,270
134003,0.0,0,0,335
134003,0.0062957728382371835,1,49,896
134004,0.001001201441730076,1,5,531
134005,0.0,0,0,128
134005,0.0,0,0,16
134005,0.00989282769991756,1,12,83
134005,0.0,0,0,0
135001,0.0,0,0,213
135001,0.0,0,0,42
135002,0.0,0,0,45
135002,0.0,0,0,17
135002,0.0,0,0,71
135002,0.0,0,0,68
135003,0.0,0,0,0
135003,0.0,0,0,98
135004,0.0,0,0,163
136001,0.0,0,0,17
136001,0.0,0,0,113
136001,0.0,0,0,6
136001,0.0,0,0,58
136002,0.00042211903756859433,1,1,180
136002,0.0,0,0,15
136002,0.0,0,0,48
136002,0.0,0,0,8
136003,0.0,0,0,176
136003,0.0,0,0,45
137001,0.0,0,0,338
137002,0.0,0,0,166
137002,0.0,0,0,84
137002,0.001072961373390558,1,3,80
137002,0.0,0,0,44
137003,0.001220703125,1,10,507
137004,0.011461643213799364,1,101,578
137005,0.0,0,0,9
137005,0.03393939393939394,1,28,36
137005,0.0,0,0,21
137005,0.014986376021798364,1,33,229
137006,0.0007966540529774945,1,4,339
138001,0.0,0,0,20
138001,0.0,0,0,53
138001,0.0,0,0,122
138001,0.0,0,0,14
138002,0.0,0,0,3
138002,0.0,0,0,7
138002,0.0,0,0,29
138002,0.0,0,0,3
138002,0.0,0,0,46
138002,0.0,0,0,40
138003,0.0,0,0,24
138003,0.0,0,0,310
138004,0.0,0,0,13
138004,0.0,0,0,20
138004,0.006161971830985915,1,14,141
139001,0.0,0,0,17
139001,0.0,0,0,23
139001,0.0,0,0,108
139001,0.0,0,0,7
139002,0.0,0,0,32
139002,0.0,0,0,9
139002,0.0,0,0,5
139002,0.0,0,0,17
139002,0.0,0,0,24
139002,0.0,0,0,28
139002,0.0,0,0,7
139002,0.0,0,0,60
139002,0.0,0,0,9
139003,0.003031834259727135,1,12,329
139003,0.0,0,0,10
139003,0.0,0,0,27
139003,0.0,0,0,62
139004,0.0,0,0,15
139004,0.0,0,0,70
139004,0.0,0,0,8
139004,0.0,0,0,20
139004,0.0,0,0,2
140001,0.0,0,0,26
140001,0.0,0,0,20
140001,0.0,0,0,0
140001,0.0,0,0,8
140001,0.0,0,0,19
140001,0.0,0,0,19
140001,0.0,0,0,0
140001,0.0,0,0,83
140001,0.0,0,0,2
140001,0.0,0,0,3
140001,0.0,0,0,22
140001,0.0,0,0,3
140001,0.0,0,0,0
140001,0.0,0,0,3
140001,0.0,0,0,6
140001,0.0,0,0,9
140001,0.0,0,0,17
140002,0.0,0,0,42
140002,0.0,0,0,51
140002,0.0,0,0,41
140002,0.0,0,0,12
140002,0.0,0,0,2
140002,0.0,0,0,32
140002,0.0,0,0,14
140002,0.0,0,0,11
140002,0.0,0,0,9
140002,0.0,0,0,0
140002,0.0,0,0,5
140002,0.004123711340206186,1,2,39
140002,0.0015723270440251573,1,2,137
140002,0.0,0,0,21
140002,0.0,0,0,30
140003,0.0,0,0,7
140003,0.0,0,0,31
140003,0.0,0,0,56
140003,0.0,0,0,18
140003,0.0,0,0,8
140003,0.0,0,0,7
140003,0.0,0,0,37
140003,0.0,0,0,96
140003,0.003110419906687403,1,2,36
140003,0.0,0,0,19
140003,0.0,0,0,1
140003,0.0,0,0,11
140003,0.0,0,0,4
140003,0.0,0,0,3
141001,0.0,0,0,131
141001,0.0,0,0,3
141001,0.0,0,0,0
141001,0.0,0,0,14
141001,0.0,0,0,10
141001,0.0,0,0,6
141001,0.0,0,0,0
141001,0.0,0,0,0
141001,0.0,0,0,4
141001,0.0,0,0,1
141001,0.0,0,0,2
141001,0.0,0,0,107
141001,0.0,0,0,51
141001,0.0,0,0,8
141001,0.0,0,0,2
141001,0.0,0,0,8
141002,0.0,0,0,37
141002,0.0,0,0,12
141002,0.0005757052389176742,1,3,452
141002,0.0,0,0,4
141002,0.0,0,0,28
141002,0.0,0,0,24
141002,0.0,0,0,41
141002,0.0,0,0,40
141002,0.0,0,0,17
141002,0.0,0,0,24
141002,0.0,0,0,60
141002,0.0,0,0,17
142001,0.0,0,0,19
142001,0.0,0,0,17
142001,0.0,0,0,15
142001,0.0,0,0,9
142001,0.0,0,0,6
142001,0.0,0,0,38
142001,0.0,0,0,37
142002,0.0,0,0,19
142002,0.0,0,0,4
142002,0.0,0,0,44
142002,0.0,0,0,22
142002,0.0,0,0,2
142002,0.0,0,0,73
142002,0.0,0,0,130
142002,0.0,0,0,169
142002,0.0,0,0,20
142002,0.0,0,0,70
142002,0.0,0,0,1
142002,0.0,0,0,29
142002,0.0,0,0,20
143001,0.0,0,0,30
143001,0.0,0,0,175
143001,0.0,0,0,31
143001,0.0,0,0,19
143002,0.0,0,0,4
143002,0.0,0,0,8
143002,0.0,0,0,2
143002,0.0,0,0,94
144001,0.0,0,0,74
144001,0.003419638495359062,1,7,142
144001,0.0,0,0,24
144001,0.0,0,0,77
144002,0.0,0,0,31
144002,0.0,0,0,9
144002,0.005821474773609315,1,18,422
144002,0.0,0,0,37
144002,0.007738607050730868,1,9,101
144002,0.0,0,0,64
144002,0.025048169556840076,1,26,96
145001,0.0,0,0,66
145001,0.0012610340479192938,1,2,157
145002,0.009635367466465143,1,51,412
145003,0.00021862702229995628,1,1,404
145003,0.0,0,0,35
145004,0.0,0,0,149
146001,0.0,0,0,36
146001,0.0,0,0,16
146001,0.0007027406886858749,1,1,123
146002,0.01029628073124606,1,49,323
146003,0.0,0,0,48
146003,0.0,0,0,42
147001,0.0,0,0,24
147001,0.0,0,0,223
147001,0.0,0,0,5
147001,0.0,0,0,67
147002,0.0,0,0,29
147002,0.0,0,0,19
147002,0.0,0,0,16
147002,0.0,0,0,0
147002,0.021788990825688075,1,76,248
147002,0.0,0,0,12
148001,0.0,0,0,8
148001,0.0,0,0,104
148002,0.012738853503184714,1,2,11
148002,0.0005567928730512249,1,3,498
148003,0.01455965909090909,1,41,260
148003,0.028169014084507043,1,14,37
148004,0.0,0,0,73
148004,0.0014124293785310734,1,2,83
148004,0.023112480739599383,1,15,36
148005,0.0,0,0,117
148005,0.0009066183136899365,1,1,67
148005,0.0,0,0,5
149001,0.0,0,0,33
149001,0.0,0,0,9
149001,0.0,0,0,8
149001,0.0,0,0,2
149001,0.0,0,0,73
149001,0.0,0,0,96
149002,0.0,0,0,53
149002,0.0,0,0,294
149002,0.0,0,0,88
149002,0.0,0,0,117
149002,0.04985337243401759,1,34,68
149003,0.0,0,0,8
149003,0.0031088082901554403,1,6,125
149003,0.0,0,0,7
149003,0.0,0,0,59
149003,0.0,0,0,4
149003,0.0,0,0,50
149003,0.0,0,0,19
149003,0.0,0,0,13
150001,0.0009674298613350532,1,3,327
150001,0.014492753623188406,1,3,19
150001,0.01125703564727955,1,36,365
150001,0.0,0,0,31
150001,0.005708354955889984,1,11,175
150002,0.0,0,0,8
150002,0.0016521123436393675,1,7,348
150002,0.0,0,0,10
150003,0.0,0,0,9
150003,0.0,0,0,37
150003,0.0,0,0,7
150003,0.0,0,0,35
150003,0.0,0,0,108
150003,0.0021041557075223566,1,4,166
150004,0.0,0,0,11
150004,0.0,0,0,10
150004,0.0,0,0,2
150004,0.0,0,0,3
150004,0.0,0,0,5
150004,0.0,0,0,51
150004,0.0,0,0,23
150004,0.0,0,0,135
150005,0.0,0,0,38
150005,0.0,0,0,51
150005,0.0,0,0,2
150005,0.0,0,0,0
150005,0.0,0,0,0
150005,0.0,0,0,8
150005,0.003298774740810556,1,7,150
150005,0.0,0,0,4
151001,0.0,0,0,5
151001,0.0,0,0,13
151001,0.0,0,0,20
151001,0.0,0,0,13
151001,0.0,0,0,12
151001,0.0006738544474393531,1,1,74
151001,0.0,0,0,10
151001,0.0,0,0,5
151001,0.0,0,0,6
151001,0.0,0,0,0
151001,0.0,0,0,9
151002,0.0,0,0,0
151002,0.0017924716191993627,1,9,447
151002,0.0,0,0,5
151002,0.0,0,0,18
151002,0.0,0,0,18
151003,0.0,0,0,47
151003,0.0,0,0,27
151003,0.0,0,0,16
151003,0.0,0,0,17
151003,0.0,0,0,2
151003,0.0,0,0,2
151003,0.0,0,0,7
151003,0.0,0,0,0
151003,0.0,0,0,7
151003,0.0,0,0,16
151004,0.0,0,0,9
151004,0.0,0,0,0
151004,0.0,0,0,7
151004,0.0,0,0,10
151004,0.0,0,0,0
151004,0.0,0,0,9
151004,0.0,0,0,0
151004,0.0,0,0,55
151004,0.0,0,0,0
151004,0.0,0,0,0
151004,0.0,0,0,61
151004,0.0,0,0,12
151004,0.0,0,0,12
151004,0.0,0,0,50
152001,0.0,0,0,17
152001,0.0,0,0,11
152001,0.0,0,0,0
152001,0.0,0,0,7
152001,0.0,0,0,1
152001,0.0,0,0,0
152001,0.0,0,0,32
152001,0.0,0,0,8
152001,0.0,0,0,39
152001,0.0,0,0,14
152001,0.0,0,0,23
152001,0.0,0,0,5
152001,0.0,0,0,4
152001,0.0,0,0,29
152001,0.0,0,0,26
152001,0.0,0,0,0
152001,0.0,0,0,36
152001,0.0,0,0,108
153001,0.0,0,0,12
153001,0.0,0,0,0
153001,0.0,0,0,14
153001,0.008421052631578947,1,4,27
153001,0.0,0,0,29
153001,0.0,0,0,29
153001,0.0,0,0,5
153001,0.0,0,0,38
153001,0.002380952380952381,1,1,16
153001,0.0,0,0,13
153001,0.0,0,0,11
153001,0.0,0,0,8
153001,0.0,0,0,12
153001,0.0,0,0,7
153001,0.0,0,0,46
153001,0.0,0,0,2
153001,0.0,0,0,42
153001,0.0,0,0,1
153001,0.0,0,0,9
153001,0.0,0,0,13
153001,0.0,0,0,0
153001,0.0,0,0,4
153001,0.0,0,0,6
153001,0.0,0,0,9
153002,0.0035450516986706058,1,12,280
153003,0.0,0,0,10
153003,0.0,0,0,4
153003,0.0,0,0,21
153003,0.0,0,0,10
153003,0.0,0,0,5
153003,0.0,0,0,39
153003,0.0,0,0,2
153003,0.0,0,0,134
153003,0.0,0,0,0
153003,0.0,0,0,6
153003,0.0,0,0,2
153003,0.0015060240963855422,1,1,27
153003,0.0,0,0,0
153003,0.0,0,0,10
153003,0.0,0,0,183
153003,0.0,0,0,24
153003,0.0,0,0,63
153003,0.0,0,0,31
153003,0.0,0,0,0
153003,0.0,0,0,1
153003,0.0,0,0,4
154001,0.0,0,0,12
154001,0.0,0,0,5
154001,0.0,0,0,0
154001,0.0,0,0,18
154001,0.0,0,0,1
154001,0.0,0,0,6
154001,0.0,0,0,0
154001,0.0,0,0,14
154001,0.0,0,0,11
154001,0.0,0,0,6
154001,0.0,0,0,3
154001,0.0,0,0,25
154001,0.0,0,0,1
154001,0.0,0,0,3
154002,0.0,0,0,0
154002,0.0,0,0,11
154002,0.03462603878116344,1,125,262
154002,0.0,0,0,2
154002,0.0,0,0,27
154002,0.0011350737797956867,1,1,29
154003,0.0,0,0,8
154003,0.0,0,0,0
154003,0.0,0,0,2
154003,0.0,0,0,0
154003,0.0,0,0,0
154003,0.0,0,0,35
154003,0.0,0,0,1
154003,0.0,0,0,27
154003,0.0,0,0,66
154003,0.0,0,0,6
155001,0.0,0,0,62
155001,0.0,0,0,4
155001,0.0,0,0,33
155001,0.0,0,0,3
155001,0.0,0,0,56
155001,0.0,0,0,2
155001,0.000552791597567717,1,2,337
155001,0.0,0,0,27
155001,0.0,0,0,10
155001,0.0,0,0,53
155001,0.0,0,0,3
155001,0.0,0,0,11
155001,0.0,0,0,30
155001,0.0,0,0,19
155001,0.0,0,0,27
155002,0.009779951100244499,1,4,22
155002,0.0,0,0,1
155002,0.0,0,0,13
155002,0.0,0,0,7
155002,0.0,0,0,14
155002,0.0,0,0,14
155002,0.0,0,0,14
155002,0.0,0,0,4
155002,0.0038188761593016913,1,7,0
156001,0.0,0,0,1
156001,0.0,0,0,1
156001,0.0,0,0,23
156001,0.0,0,0,0
156001,0.0,0,0,0
156001,0.0,0,0,20
156001,0.0,0,0,1
156001,0.0,0,0,0
156001,0.0,0,0,27
156001,0.0,0,0,32
156001,0.0,0,0,17
156001,0.0,0,0,0
156001,0.0,0,0,0
156001,0.0,0,0,11
156001,0.0,0,0,4
156001,0.0,0,0,0
156001,0.0,0,0,4
156001,0.0,0,0,1
156002,0.0,0,0,28
156002,0.0,0,0,0
156002,0.0,0,0,3
156002,0.0,0,0,0
156002,0.0,0,0,3
156002,0.0,0,0,18
156002,0.0,0,0,23
156002,0.0,0,0,221
156002,0.0,0,0,8
156003,0.0,0,0,0
156003,0.0,0,0,148
156003,0.0,0,0,8
156003,0.017366136034732273,1,24,65
156003,0.0,0,0,0
156003,0.0,0,0,13
156003,0.0,0,0,7
156003,0.0,0,0,5
156003,0.0,0,0,7
156003,0.0,0,0,0
156003,0.0,0,0,2
156003,0.0,0,0,6
157001,0.0,0,0,0
157001,0.006309148264984227,1,2,20
157001,0.0,0,0,0
157001,0.007042253521126761,1,1,8
157001,0.0,0,0,21
157001,0.0,0,0,4
157001,0.0,0,0,11
157001,0.0,0,0,4
157001,0.0,0,0,24
157001,0.0,0,0,73
157002,0.0,0,0,15
157002,0.0,0,0,41
157002,0.0,0,0,40
157002,0.0,0,0,4
157002,0.0,0,0,55
157002,0.0,0,0,29
157002,0.0,0,0,15
157002,0.0,0,0,0
157002,0.0,0,0,0
157002,0.0,0,0,0
157002,0.0003502626970227671,1,1,226
157002,0.0,0,0,14
157002,0.0,0,0,1
157002,0.0,0,0,0
157002,0.0,0,0,14
157002,0.0,0,0,2
158001,0.0,0,0,130
158001,0.005357142857142857,1,3,68
158001,0.0,0,0,0
158001,0.0,0,0,0
158001,0.0,0,0,0
158001,0.0,0,0,0
158001,0.0,0,0,0
158001,0.001059322033898305,1,1,66
158001,0.0,0,0,0
158001,0.0,0,0,0
158001,0.0,0,0,0
158001,0.0,0,0,0
158001,0.0,0,0,0
158001,0.0,0,0,0
158001,0.0,0,0,0
158001,0.0,0,0,0
158001,0.0,0,0,0
158001,0.0,0,0,368
158001,0.0,0,0,0
158001,0.0,0,0,0
158001,0.0,0,0,62
158001,0.0,0,0,247
158001,0.0,0,0,36
158001,0.0,0,0,0
158001,0.0,0,0,134
158001,0.0,0,0,145
158001,0.0,0,0,96
158001,0.0,0,0,251
158001,0.0,0,0,0
158001,0.0,0,0,0
158001,0.0,0,0,0
158001,0.0,0,0,0
159001,0.0,0,0,2
159001,0.0,0,0,26
159001,0.0,0,0,3
159001,0.0,0,0,21
159001,0.0,0,0,19
159001,0.0,0,0,4
159001,0.0,0,0,37
159001,0.0,0,0,16
159001,0.0,0,0,13
159001,0.0,0,0,37
159001,0.0,0,0,37
159001,0.0,0,0,14
159001,0.0,0,0,4
159001,0.0,0,0,0
159001,0.0,0,0,0
159001,0.0,0,0,36
159001,0.0,0,0,6
159001,0.0,0,0,15
159002,0.0,0,0,12
159002,0.0,0,0,6
159002,0.0,0,0,0
159002,0.0,0,0,21
159002,0.0,0,0,370
159002,0.0,0,0,14
159002,0.0,0,0,2
159002,0.0,0,0,5
159002,0.0,0,0,2
159002,0.0,0,0,3
159002,0.0,0,0,16
159002,0.0,0,0,1
159002,0.0,0,0,0
159002,0.0,0,0,24
159002,0.0,0,0,17
159002,0.0,0,0,2
159002,0.0,0,0,0
159002,0.0,0,0,9
159002,0.0,0,0,0
159002,0.0,0,0,4
159002,0.0,0,0,2
159002,0.0,0,0,0
160001,0.0,0,0,3
160001,0.0,0,0,13
160001,0.0,0,0,30
160001,0.0,0,0,32
160001,0.0,0,0,6
160001,0.0037313432835820895,1,1,12
160001,0.009433962264150943,1,15,128
160001,0.0,0,0,18
160001,0.0,0,0,2
160001,0.004545454545454545,1,1,5
160001,0.0,0,0,9
160001,0.0,0,0,0
160001,0.0,0,0,20
160001,0.0,0,0,13
160001,0.0,0,0,0
160001,0.0,0,0,0
160002,0.0,0,0,4
160002,0.0,0,0,24
160002,0.0,0,0,3
160002,0.0,0,0,15
160002,0.0,0,0,34
160002,0.0,0,0,1
160002,0.0,0,0,13
160002,0.0,0,0,3
160002,0.0,0,0,5
160002,0.0,0,0,66
160002,0.0,0,0,2
160002,0.0,0,0,57
160002,0.0,0,0,2
160002,0.0,0,0,0
160002,0.0,0,0,259
160002,0.0,0,0,39
160002,0.03773584905660377,1,40,79
160002,0.0,0,0,0
160002,0.0,0,0,10
161001,0.0,0,0,92
161001,0.0,0,0,65
161001,0.0,0,0,19
161001,0.0,0,0,1
161001,0.002777777777777778,1,1,11
161001,0.0,0,0,19
161002,0.0,0,0,10
161002,0.0,0,0,13
161002,0.0,0,0,116
161002,0.0,0,0,4
161002,0.0,0,0,5
161002,0.0,0,0,0
161002,0.0,0,0,23
161002,0.0,0,0,4
161002,0.001594896331738437,1,1,29
161002,0.0,0,0,0
161002,0.0,0,0,49
161002,0.0,0,0,0
161003,0.02674591381872214,1,18,42
161003,0.07272727272727272,1,20,23
161003,0.0,0,0,21
161003,0.0,0,0,18
161003,0.05501618122977346,1,68,121
161003,0.0,0,0,1
161003,0.0,0,0,5
161003,0.0,0,0,20
161003,0.0,0,0,0
161003,0.06394984326018809,1,204,424
161004,0.0,0,0,5
161004,0.0,0,0,0
161004,0.0,0,0,4
161004,0.0,0,0,3
161004,0.0006172839506172839,1,1,166
161004,0.0,0,0,33
161004,0.0,0,0,11
161004,0.0,0,0,0
161004,0.0,0,0,9
161004,0.0,0,0,13
161004,0.0,0,0,13
161004,0.0,0,0,15
161004,0.0,0,0,17
161004,0.0,0,0,5
162001,0.0,0,0,27
162001,0.0,0,0,0
162001,0.0014684287812041115,1,1,37
162001,0.011863224005582694,1,17,105
162001,0.0,0,0,3
162001,0.0,0,0,17
162001,0.0,0,0,1
162001,0.0,0,0,7
162001,0.0,0,0,21
162001,0.0,0,0,2
162001,0.0,0,0,27
162001,0.0,0,0,0
162001,0.001524390243902439,1,1,36
162001,0.0,0,0,2
162001,0.0,0,0,37
162001,0.0,0,0,2
162001,0.0,0,0,17
162001,0.0,0,0,20
162001,0.0,0,0,0
162002,0.0,0,0,4
162002,0.0,0,0,7
162002,0.0035366931918656055,1,8,211
162002,0.0,0,0,4
162002,0.0,0,0,10
162002,0.0,0,0,0
162002,0.0,0,0,24
162002,0.0,0,0,21
162002,0.0,0,0,1
162002,0.0,0,0,0
162002,0.0,0,0,3
162002,0.0,0,0,40
162002,0.0026666666666666666,1,1,19
162002,0.0,0,0,1
162002,0.0,0,0,25
162002,0.0,0,0,1
162002,0.0,0,0,15
162002,0.0,0,0,23
162002,0.0,0,0,13
162002,0.0,0,0,6
163001,0.005202913631633715,1,5,57
163001,0.04534005037783375,1,18,34
163001,0.011428571428571429,1,4,24
163001,0.0,0,0,2
163001,0.02531645569620253,1,34,110
163001,0.0,0,0,54
163001,0.0,0,0,12
163001,0.02926829268292683,1,6,11
163001,0.015151515151515152,1,7,29
163001,0.00199203187250996,1,3,89
163001,0.0,0,0,14
163002,0.0,0,0,3
163002,0.0,0,0,8
163002,0.0,0,0,10
163002,0.06521739130434782,1,12,11
163002,0.0,0,0,20
163002,0.0030303030303030303,1,1,22
163002,0.014519056261343012,1,8,53
163002,0.0,0,0,24
163002,0.0,0,0,22
163002,0.0,0,0,11
163002,0.0,0,0,31
163002,0.0,0,0,0
163002,0.06264501160092807,1,27,32
163002,0.012096774193548387,1,3,10
163002,0.0,0,0,29
163002,0.0,0,0,11
163002,0.005633802816901409,1,2,14
163002,0.0,0,0,23
163003,0.0,0,0,2
163003,0.0,0,0,2
163003,0.0,0,0,7
163003,0.0,0,0,7
163003,0.0,0,0,21
163003,0.021314387211367674,1,12,51
163003,0.0,0,0,0
163003,0.0,0,0,7
163003,0.0,0,0,38
163003,0.0,0,0,14
163003,0.0,0,0,7
163003,0.0,0,0,9
163003,0.0,0,0,0
163003,0.013245033112582781,1,4,16
163003,0.00851063829787234,1,4,17
163004,0.017393631255017392,1,65,486
163004,0.06490872210953347,1,32,42
163004,0.0,0,0,24
163004,0.0,0,0,1
163004,0.026148409893992933,1,37,97
163004,0.027662517289073305,1,60,224
163004,0.014563106796116505,1,12,52
163004,0.003838771593090211,1,2,14
164001,0.0,0,0,34
164001,0.0,0,0,83
164001,0.0,0,0,96
164001,0.0,0,0,20
164001,0.0,0,0,5
164001,0.0,0,0,13
164001,0.0,0,0,3
164001,0.0,0,0,83
164001,0.0,0,0,6
164001,0.0,0,0,23
164001,0.0,0,0,0
164001,0.0,0,0,13
164001,0.0,0,0,10
164001,0.0,0,0,11
164002,0.0,0,0,1
164002,0.0,0,0,1
164002,0.0049504950495049506,1,3,34
164002,0.015873015873015872,1,10,47
164002,0.0,0,0,19
164002,0.0,0,0,4
164002,0.0,0,0,16
164002,0.0,0,0,20
164002,0.0,0,0,23
164002,0.0,0,0,2
164002,0.0,0,0,0
164002,0.001736111111111111,1,1,34
164002,0.0,0,0,48
164002,0.0,0,0,0
164002,0.0,0,0,1
165001,0.041928721174004195,1,20,46
165001,0.0,0,0,3
165001,0.0,0,0,32
165001,0.0,0,0,4
165001,0.0,0,0,29
165001,0.029490616621983913,1,11,18
165001,0.0,0,0,0
165001,0.0,0,0,46
165001,0.015228426395939087,1,3,17
165001,0.0,0,0,23
165001,0.0,0,0,30
165001,0.0,0,0,64
165001,0.0,0,0,9
165002,0.0,0,0,71
165002,0.0,0,0,7
165002,0.0,0,0,0
165002,0.0,0,0,27
165002,0.0,0,0,28
165002,0.0,0,0,47
165002,0.0,0,0,10
165002,0.0,0,0,20
165002,0.0,0,0,6
165002,0.00037439161362785476,1,1,302
166001,0.0,0,0,2
166001,0.0,0,0,22
166001,0.0,0,0,4
166001,0.0,0,0,27
166001,0.0,0,0,0
166001,0.0,0,0,13
166001,0.0,0,0,25
166001,0.0012077294685990338,1,1,50
166001,0.0009157509157509158,1,1,50
166001,0.0,0,0,87
166001,0.0,0,0,51
166001,0.007597340930674264,1,8,128
166001,0.0,0,0,44
166001,0.007194244604316547,1,3,8
166001,0.0,0,0,38
167001,0.0,0,0,39
167001,0.0,0,0,3
167001,0.0,0,0,12
167001,0.0,0,0,44
167001,0.0,0,0,22
167001,0.0,0,0,1
167001,0.0,0,0,46
167002,0.0,0,0,22
167002,0.003861003861003861,1,4,67
167002,0.0,0,0,1
167002,0.0,0,0,6
167002,0.0,0,0,33
167002,0.0,0,0,0
167002,0.0,0,0,0
167003,0.0,0,0,4
167003,0.0,0,0,2
167003,0.0018484288354898336,1,1,13
167003,0.0,0,0,27
167003,0.0,0,0,9
167003,0.0,0,0,38
168000,0.0,0,0,1071
168000,0.0,0,0,373
168000,0.0,0,0,89
168000,0.0,0,0,684
168001,0.0,0,0,1
168001,0.0,0,0,14
168001,0.0,0,0,0
168001,0.0,0,0,0
168001,0.0,0,0,15
168002,0.0,0,0,40
168002,0.0,0,0,23
168002,0.002232142857142857,1,3,89
168003,0.0,0,0,60
168003,0.0,0,0,36
168003,0.0,0,0,27
168003,0.0,0,0,3
168003,0.0,0,0,40
168003,0.0,0,0,1
169001,0.0,0,0,0
169001,0.0,0,0,6
169001,0.0,0,0,29
169001,0.0,0,0,10
169001,0.0,0,0,0
169001,0.0,0,0,60
169001,0.0,0,0,21
169001,0.0,0,0,12
169001,0.0,0,0,13
169001,0.0,0,0,128
169002,0.0,0,0,31
169002,0.0,0,0,40
169002,0.0021008403361344537,1,2,51
169002,0.0,0,0,0
169002,0.0,0,0,0
169002,0.0,0,0,2
169002,0.0,0,0,492
169002,0.002347417840375587,1,1,28
169002,0.002105263157894737,1,1,26
169002,0.0,0,0,40
169003,0.0,0,0,7
169003,0.0,0,0,167
169003,0.007700770077007701,1,7,65
169003,0.0,0,0,10
169003,0.0,0,0,7
169003,0.0,0,0,28
169003,0.0,0,0,18
169003,0.0,0,0,1
170001,0.0,0,0,16
170001,0.0,0,0,4
170001,0.0,0,0,9
170001,0.001841620626151013,1,1,34
170001,0.0,0,0,4
170001,0.0,0,0,43
170001,0.0,0,0,43
170001,0.0,0,0,7
170001,0.040880503144654086,1,13,14
170001,0.0,0,0,34
170001,0.010080645161290322,1,5,24
170001,0.021929824561403508,1,20,73
170001,0.0,0,0,3
170001,0.0,0,0,4
170002,0.0,0,0,20
170002,0.0,0,0,37
170002,0.0,0,0,10
170002,0.0,0,0,6
170002,0.006201550387596899,1,4,32
170002,0.002274450341167551,1,3,71
170002,0.0,0,0,5
170002,0.0,0,0,30
170003,0.0,0,0,76
170003,0.0,0,0,0
170003,0.0,0,0,0
170003,0.0,0,0,5
170003,0.0,0,0,3
170003,0.0,0,0,5
170003,0.004618937644341801,1,2,36
170003,0.0,0,0,3
170003,0.0,0,0,15
170003,0.0,0,0,30
170003,0.0,0,0,30
170003,0.0,0,0,31
171001,0.0,0,0,43
171001,0.0,0,0,122
171001,0.0,0,0,5
171001,0.0,0,0,38
171001,0.0,0,0,30
171001,0.0,0,0,28
171001,0.0,0,0,0
171001,0.0,0,0,11
171001,0.0,0,0,108
171002,0.0,0,0,0
171002,0.0,0,0,98
171002,0.0,0,0,0
171002,0.0,0,0,53
171002,0.001584786053882726,1,2,146
171002,0.0,0,0,2
171002,0.0,0,0,24
171002,0.00963855421686747,1,12,110
171002,0.0,0,0,6
171003,0.0,0,0,32
171003,0.0046439628482972135,1,6,81
171003,0.0,0,0,1
171003,0.0,0,0,4
171003,0.0,0,0,33
171003,0.0,0,0,21
171003,0.0,0,0,6
171003,0.0,0,0,619
171003,0.0,0,0,20
172001,0.0,0,0,2
172001,0.012060301507537688,1,12,54
172001,0.0,0,0,24
172001,0.047572578677726275,1,195,460
172001,0.0,0,0,26
172001,0.0,0,0,10
172002,0.0,0,0,28
172002,0.0,0,0,7
172002,0.05161943319838057,1,51,105
172002,0.022727272727272728,1,1,1
172002,0.0,0,0,2
172002,0.0,0,0,4
172002,0.0,0,0,1
172002,0.020266666666666665,1,38,164
172002,0.0,0,0,9
172002,0.0,0,0,8
172002,0.0,0,0,0
172003,0.0,0,0,0
172003,0.005847953216374269,1,4,28
172003,0.0,0,0,31
172003,0.0,0,0,68
172003,0.0,0,0,6
172003,0.0,0,0,28
172003,0.0,0,0,3
172003,0.0,0,0,6
172003,0.0,0,0,3
172003,0.0,0,0,14
172003,0.003663003663003663,1,1,8
173001,0.0,0,0,8
173001,0.0,0,0,5
173001,0.0,0,0,12
173001,0.0,0,0,12
173001,0.002570694087403599,1,3,90
173001,0.0,0,0,1
173001,0.0,0,0,38
173001,0.0025380710659898475,1,1,24
173001,0.0,0,0,0
173001,0.0,0,0,7
173001,0.0,0,0,95
173001,0.0,0,0,40
173001,0.035175879396984924,1,7,12
173001,0.0,0,0,57
173002,0.0,0,0,1
173002,0.0,0,0,17
173002,0.0,0,0,13
173002,0.0,0,0,0
173002,0.0,0,0,16
173002,0.0,0,0,11
173002,0.0,0,0,3
173002,0.0,0,0,7
173002,0.0,0,0,175
173002,0.0,0,0,27
173002,0.0,0,0,33
173002,0.0,0,0,11
174001,0.0,0,0,0
174001,0.0,0,0,3
174001,0.0,0,0,1
174001,0.0,0,0,10
174001,0.0,0,0,17
174001,0.0,0,0,0
174001,0.0,0,0,0
174001,0.0,0,0,0
174001,0.0,0,0,0
174001,0.0,0,0,8
174001,0.0012998266897746968,1,3,212
174001,0.0,0,0,2
174001,0.0,0,0,28
174001,0.0,0,0,0
174001,0.0,0,0,4
174001,0.0,0,0,2
174001,0.0,0,0,12
174001,0.0,0,0,14
174002,0.0,0,0,14
174002,0.0,0,0,3
174002,0.0,0,0,27
174002,0.0,0,0,9
174002,0.0,0,0,5
174002,0.0,0,0,10
174002,0.0,0,0,41
174003,0.0,0,0,12
174003,0.0,0,0,6
174003,0.0,0,0,42
174003,0.0,0,0,5
174003,0.0,0,0,11
174003,0.008525149190110827,1,10,125
174003,0.0,0,0,35
174003,0.0,0,0,3
174003,0.0,0,0,13
174003,0.0,0,0,22
174003,0.0,0,0,17
174003,0.0,0,0,28
175001,0.0,0,0,18
175001,0.0,0,0,2
175001,0.0,0,0,2
175001,0.0,0,0,1
175001,0.0,0,0,19
175001,0.0,0,0,9
175001,0.0,0,0,21
175001,0.0,0,0,3
175001,0.0,0,0,13
175001,0.0,0,0,0
175001,0.0,0,0,3
175001,0.0,0,0,16
175001,0.0,0,0,53
175001,0.0,0,0,0
175001,0.0,0,0,2
175001,0.0,0,0,71
175002,0.0,0,0,9
175002,0.0,0,0,30
175002,0.0,0,0,24
175002,0.0,0,0,7
175002,0.0,0,0,10
175002,0.0,0,0,0
175002,0.0,0,0,17
175002,0.0,0,0,1
175002,0.0,0,0,4
175002,0.0,0,0,515
175002,0.0,0,0,0
175002,0.0,0,0,57
175002,0.0,0,0,4
175002,0.0,0,0,3
175002,0.0,0,0,10
175002,0.0,0,0,48
175002,0.0,0,0,5
175003,0.0,0,0,0
175003,0.0,0,0,109
175003,0.0,0,0,8
175003,0.0,0,0,1
175003,0.0,0,0,54
175003,0.0,0,0,18
175003,0.0,0,0,20
175003,0.0,0,0,13
175003,0.0,0,0,8
175003,0.0,0,0,10
175003,0.0,0,0,7
175004,0.0,0,0,60
176001,0.0,0,0,188
176001,0.0,0,0,11
176001,0.0,0,0,1
176001,0.0,0,0,6
176002,0.0,0,0,1
176002,0.0,0,0,0
176002,0.0,0,0,2
176002,0.0,0,0,25
176002,0.0,0,0,15
176002,0.0,0,0,2
176002,0.0,0,0,3
176002,0.0,0,0,4
176003,0.0,0,0,28
176003,0.0,0,0,42
176003,0.0,0,0,2
176003,0.0,0,0,0
176003,0.0,0,0,2
176003,0.0,0,0,15
176003,0.0,0,0,2
176003,0.0,0,0,10
176003,0.0,0,0,24
176003,0.0,0,0,0
176004,0.0,0,0,73
176004,0.0,0,0,207
176004,0.0,0,0,15
176004,0.0,0,0,48
176004,0.0,0,0,101
176004,0.0,0,0,87
176004,0.0,0,0,77
176004,0.0,0,0,5
176004,0.0,0,0,5
176004,0.0,0,0,5
176004,0.0,0,0,16
177001,0.0,0,0,17
177001,0.0,0,0,9
177001,0.0,0,0,3
177001,0.0,0,0,50
177001,0.0,0,0,15
177002,0.0,0,0,34
177002,0.0,0,0,34
177002,0.0,0,0,66
177002,0.0,0,0,9
177002,0.0,0,0,70
177002,0.0,0,0,12
177003,0.0,0,0,8
177003,0.0,0,0,8
177003,0.0,0,0,19
177003,0.0,0,0,1
177003,0.0,0,0,47
177003,0.0,0,0,63
177004,0.0,0,0,66
177004,0.0,0,0,24
177004,0.0,0,0,40
177004,0.0,0,0,15
177004,0.0,0,0,29
177004,0.0,0,0,29
177004,0.0,0,0,350
177004,0.0,0,0,6
178001,0.0,0,0,15
178001,0.0,0,0,0
178001,0.0,0,0,69
178001,0.0,0,0,1
178001,0.0,0,0,79
178001,0.0,0,0,4
178001,0.0,0,0,4
178001,0.0,0,0,16
178001,0.0,0,0,2
178001,0.0,0,0,12
178001,0.0,0,0,9
178001,0.0,0,0,3
178001,0.0,0,0,96
178001,0.0,0,0,1
178001,0.0,0,0,2
178001,0.0,0,0,4
178002,0.0,0,0,41
178002,0.0,0,0,19
178002,0.0,0,0,133
178002,0.0,0,0,20
178002,0.0,0,0,129
178002,0.0,0,0,0
178002,0.0,0,0,33
178002,0.0,0,0,9
178002,0.0,0,0,3
178002,0.0,0,0,8
178002,0.0,0,0,11
178002,0.0,0,0,4
178002,0.0,0,0,8
178002,0.0,0,0,13
179000,0.002728512960436562,1,2,83
179000,0.0,0,0,83
179000,0.0,0,0,77
179000,0.0,0,0,459
179000,0.0,0,0,90
179001,0.0,0,0,4
179001,0.0,0,0,16
179001,0.0,0,0,5
179001,0.001148105625717566,1,1,56
179001,0.0,0,0,7
179002,0.0,0,0,3
179002,0.0,0,0,0
179002,0.0,0,0,5
179002,0.0,0,0,46
179002,0.0,0,0,4
179002,0.0,0,0,6
179003,0.0023584905660377358,1,1,31
179003,0.0,0,0,4
179003,0.0,0,0,8
179003,0.0,0,0,76
179003,0.0,0,0,6
179003,0.0,0,0,17
179003,0.0,0,0,5
179004,0.0,0,0,8
179004,0.0,0,0,23
179004,0.0,0,0,97
179005,0.0,0,0,7
179005,0.0,0,0,14
179005,0.0,0,0,7
179005,0.0,0,0,57
179005,0.0,0,0,30
179005,0.0,0,0,28
179006,0.0,0,0,25
179006,0.0,0,0,23
179006,0.0,0,0,27
179006,0.0,0,0,17
179006,0.0020242914979757085,1,1,16
179006,0.0,0,0,10
179006,0.0,0,0,6
179006,0.0,0,0,27
179007,0.0,0,0,19
179007,0.0,0,0,8
179007,0.0,0,0,0
179007,0.0,0,0,20
179007,0.0,0,0,7
180001,0.0,0,0,39
180001,0.0,0,0,1
180001,0.0,0,0,5
180001,0.0,0,0,3
180001,0.0,0,0,0
180001,0.0,0,0,10
180001,0.0,0,0,0
180001,0.0,0,0,131
180001,0.0,0,0,8
180001,0.0,0,0,46
180001,0.0,0,0,3
180001,0.0,0,0,19
180001,0.0,0,0,0
180001,0.0,0,0,0
180001,0.0,0,0,17
180002,0.0,0,0,30
180002,0.0,0,0,1
180002,0.0,0,0,266
180002,0.0,0,0,9
180002,0.0,0,0,14
180002,0.0,0,0,0
180002,0.0,0,0,40
180002,0.0,0,0,1
180002,0.0,0,0,28
180002,0.0,0,0,24
180002,0.0,0,0,2
180002,0.0,0,0,9
180002,0.0,0,0,55
180002,0.0,0,0,0
180002,0.0,0,0,16
180002,0.0,0,0,17
180002,0.0,0,0,1
180002,0.0,0,0,40
181001,0.006134969325153374,1,6,38
181001,0.0,0,0,1
181001,0.0,0,0,7
181001,0.0,0,0,0
181001,0.0,0,0,31
181001,0.0,0,0,31
181002,0.0,0,0,195
181002,0.0,0,0,9
181002,0.0,0,0,14
181002,0.0,0,0,14
181002,0.0,0,0,11
181002,0.0,0,0,62
181002,0.0,0,0,13
181002,0.0,0,0,19
181002,0.0,0,0,18
181002,0.0,0,0,9
181002,0.0,0,0,25
181003,0.0015873015873015873,1,2,70
181003,0.0012285012285012285,1,1,63
181003,0.0,0,0,27
182001,0.0,0,0,77
182001,0.0,0,0,4
182001,0.0,0,0,48
182001,0.0,0,0,1
182001,0.0,0,0,31
182001,0.0,0,0,5
182001,0.0,0,0,2
182001,0.0010080645161290322,1,1,53
182001,0.0,0,0,14
182001,0.0,0,0,127
182002,0.0,0,0,32
182002,0.0,0,0,18
182002,0.002173913043478261,1,1,20
182002,0.0,0,0,11
182002,0.0,0,0,2
182002,0.0005192107995846313,1,1,124
183001,0.0,0,0,8
183001,0.0028735632183908046,1,1,9
183001,0.0,0,0,1
183001,0.0,0,0,30
183001,0.0,0,0,271
183001,0.0,0,0,10
183001,0.0,0,0,14
183001,0.0,0,0,4
183002,0.00911854103343465,1,3,9
183002,0.0,0,0,6
183002,0.0,0,0,33
183003,0.0,0,0,13
183003,0.0,0,0,10
183003,0.008968609865470852,1,2,15
183003,0.0,0,0,57
183003,0.0,0,0,25
183004,0.0,0,0,15
183004,0.0041797283176593526,1,4,174
183004,0.0,0,0,30
183004,0.0,0,0,6
183004,0.0,0,0,25
183004,0.0,0,0,12
184001,0.0,0,0,183
184001,0.0,0,0,96
184001,0.0,0,0,52
184001,0.0,0,0,35
184001,0.0,0,0,6
184001,0.0,0,0,2
184001,0.0,0,0,23
184001,0.0,0,0,4
184002,0.0,0,0,39
184002,0.0,0,0,99
184002,0.0,0,0,15
184002,0.00931098696461825,1,5,18
184002,0.0,0,0,13
184002,0.0017672304973491543,1,7,286
184002,0.00784313725490196,1,4,17
184002,0.0,0,0,5
184002,0.0,0,0,24
185001,0.0,0,0,10
185001,0.0,0,0,34
185001,0.0,0,0,0
185001,0.0,0,0,20
185001,0.0,0,0,4
185001,0.0,0,0,6
185001,0.0,0,0,37
185001,0.0,0,0,12
185001,0.0,0,0,15
185001,0.0,0,0,4
185001,0.0,0,0,59
185001,0.0,0,0,26
185001,0.0,0,0,8
185001,0.0,0,0,0
185001,0.0,0,0,0
185001,0.0,0,0,0
185001,0.0,0,0,7
185001,0.0,0,0,2
185001,0.0,0,0,9
185001,0.0,0,0,17
185001,0.0,0,0,0
185001,0.0,0,0,1
185001,0.0,0,0,0
185001,0.0,0,0,9
185001,0.0,0,0,11
185001,0.0,0,0,9
186001,0.0,0,0,2
186001,0.0,0,0,81
186001,0.0,0,0,34
186001,0.0,0,0,9
186001,0.0,0,0,33
186001,0.0,0,0,2
186001,0.0,0,0,10
186001,0.0,0,0,7
186001,0.0,0,0,3
186001,0.0,0,0,15
186001,0.0,0,0,2
186001,0.0,0,0,59
186001,0.0,0,0,1
186001,0.0,0,0,105
186002,0.0,0,0,20
186002,0.0008517887563884157,1,1,90
186002,0.0,0,0,27
186002,0.0,0,0,47
186002,0.0,0,0,14
186002,0.0,0,0,18
186002,0.0,0,0,11
186002,0.0,0,0,2
186002,0.0,0,0,8
186002,0.0,0,0,5
186003,0.0,0,0,4
186003,0.0,0,0,12
186003,0.0,0,0,8
186003,0.0,0,0,13
186003,0.0,0,0,8
186003,0.0,0,0,35
186003,0.0,0,0,14
186003,0.0,0,0,11
186003,0.0,0,0,0
186003,0.0,0,0,2
186003,0.0049261083743842365,1,4,58
186003,0.0,0,0,20
186003,0.0,0,0,17
186003,0.0,0,0,30
187001,0.0,0,0,827
187002,0.0,0,0,88
187002,0.0,0,0,78
187002,0.0,0,0,65
187002,0.0,0,0,98
187002,0.0,0,0,92
187002,0.0,0,0,48
187003,0.0,0,0,80
187003,0.0,0,0,196
187003,0.0,0,0,279
187004,0.0,0,0,85
187004,0.0,0,0,164
187004,0.0,0,0,66
187004,0.0,0,0,66
188001,0.0,0,0,3
188001,0.0,0,0,26
188001,0.0,0,0,20
188001,0.0,0,0,29
188001,0.0,0,0,19
188001,0.0025940337224383916,1,2,61
188001,0.0019083969465648854,1,1,34
188002,0.0,0,0,7
188002,0.0,0,0,7
188002,0.0,0,0,4
188002,0.0,0,0,3
188002,0.0,0,0,36
188002,0.0,0,0,7
188002,0.0,0,0,7
188002,0.0017878426698450535,1,3,146
188002,0.0,0,0,7
188003,0.0,0,0,52
188003,0.0,0,0,8
188003,0.0,0,0,35
188003,0.0,0,0,16
188003,0.0,0,0,20
188003,0.0,0,0,19
189000,0.0028011204481792717,1,2,52
189000,0.0,0,0,240
189001,0.0,0,0,12
189001,0.0,0,0,23
189001,0.0,0,0,30
189001,0.0014619883040935672,1,1,24
189001,0.0,0,0,20
189001,0.0,0,0,29
189001,0.0,0,0,3
189001,0.0,0,0,33
189002,0.0,0,0,56
189002,0.0,0,0,28
189002,0.0,0,0,0
189002,0.0,0,0,1
189003,0.0,0,0,53
189003,0.0,0,0,22
189003,0.0,0,0,54
189004,0.0,0,0,9
189004,0.0,0,0,9
189004,0.0,0,0,18
189004,0.0,0,0,1
189004,0.0,0,0,8
189004,0.0,0,0,16
189004,0.0,0,0,6
189004,0.0,0,0,16
189005,0.0,0,0,18
189005,0.0,0,0,67
189005,0.0,0,0,252
189005,0.0029997272975184073,1,11,186
189005,0.0,0,0,25
190000,0.0,0,0,1
190000,0.0,0,0,96
190000,0.0009248554913294797,1,4,327
190001,0.0,0,0,67
190001,0.0,0,0,52
190001,0.0,0,0,5
190001,0.0,0,0,13
190002,0.0,0,0,7
190002,0.0,0,0,17
190002,0.0,0,0,61
190002,0.0,0,0,2
190002,0.0,0,0,10
190002,0.0,0,0,13
190004,0.0011614401858304297,1,2,36
190004,0.0,0,0,137
191001,0.0,0,0,16
191001,0.0,0,0,194
191001,0.0,0,0,25
191001,0.0,0,0,37
191001,0.0,0,0,0
191002,0.0,0,0,334
191002,0.0,0,0,30
192001,0.0,0,0,243
193001,0.0,0,0,24
193001,0.0,0,0,10
193001,0.0,0,0,23
193001,0.0,0,0,30
193001,0.0,0,0,42
193002,0.0005514959327174962,1,4,731
193003,0.0,0,0,11
193003,0.0,0,0,35
193003,0.0,0,0,29
193004,0.0,0,0,9
193004,0.0,0,0,46
193004,0.0,0,0,21
193004,0.0,0,0,9
193004,0.0,0,0,25
193004,0.0,0,0,6
193005,0.0,0,0,43
193005,0.0,0,0,29
193005,0.0,0,0,109
193006,0.0,0,0,39
193006,0.004629629629629629,1,3,26
193006,0.0,0,0,40
193006,0.0,0,0,92
194000,0.017443868739205528,1,202,944
194002,0.0,0,0,42
194002,0.0,0,0,2
194003,0.0018055973517905506,1,6,226
194003,0.0,0,0,64
194004,0.005166744950681071,1,22,256
194004,0.0,0,0,143
195001,0.0,0,0,95
195001,0.0,0,0,65
195001,0.0,0,0,77
195001,0.0,0,0,15
195002,0.0,0,0,162
195002,0.0,0,0,9
195002,0.0,0,0,4
195002,0.0,0,0,23
195002,0.0,0,0,33
195002,0.0,0,0,17
195003,0.0,0,0,110
195003,0.0,0,0,8
195003,0.0,0,0,23
195003,0.0,0,0,15
195003,0.0,0,0,7
195003,0.0,0,0,2
195003,0.0,0,0,33
195003,0.0,0,0,5
195003,0.0,0,0,14
196001,0.0,0,0,51
196001,0.0,0,0,5
196001,0.0,0,0,28
196001,0.0,0,0,19
196001,0.0,0,0,3
196001,0.0,0,0,26
196001,0.0,0,0,4
196001,0.0,0,0,60
196001,0.0,0,0,2
196001,0.0,0,0,5
196001,0.0,0,0,0
196001,0.0,0,0,2
196001,0.0,0,0,3
196001,0.0,0,0,12
196001,0.0,0,0,5
196002,0.0,0,0,8
196002,0.0,0,0,4
196002,0.0,0,0,10
196002,0.0,0,0,47
196002,0.0,0,0,20
196002,0.0,0,0,80
196002,0.0,0,0,32
196002,0.0,0,0,12
196002,0.0,0,0,6
196002,0.0,0,0,5
196002,0.0,0,0,4
197001,0.0,0,0,112
197001,0.0,0,0,20
197001,0.0004657661853749418,1,2,339
197002,0.0,0,0,54
197002,0.0,0,0,149
197003,0.0,0,0,6
197003,0.0,0,0,241
197004,0.0,0,0,8
197004,0.0009149130832570906,1,2,125
197004,0.0,0,0,37
197004,0.0,0,0,39
197004,0.0,0,0,13
197004,0.0,0,0,0
198001,0.0,0,0,29
198001,0.0,0,0,7
198001,0.0012254901960784314,1,1,27
198001,0.0,0,0,6
198001,0.0,0,0,169
198001,0.0,0,0,27
198001,0.0,0,0,38
198002,0.0,0,0,2
198002,0.0,0,0,3
198002,0.0,0,0,6
198002,0.0,0,0,17
198002,0.0,0,0,26
198002,0.0,0,0,6
198002,0.0,0,0,3
198002,0.0,0,0,52
198002,0.0,0,0,9
198002,0.0,0,0,11
198002,0.0,0,0,7
199001,0.0,0,0,171
199001,0.0,0,0,4
199001,0.0,0,0,16
199001,0.0,0,0,0
199001,0.0,0,0,17
199001,0.0,0,0,22
199001,0.0,0,0,51
199001,0.0,0,0,4
199002,0.004552352048558422,1,9,136
199002,0.0,0,0,1
199002,0.0,0,0,1
199002,0.0,0,0,18
199002,0.0,0,0,8
199002,0.0,0,0,27
199002,0.0,0,0,6
199002,0.0,0,0,19
199003,0.0,0,0,0
199003,0.0,0,0,3
199003,0.0,0,0,5
199003,0.0,0,0,7
199003,0.0,0,0,1
199003,0.0,0,0,10
199003,0.0,0,0,4
199003,0.0,0,0,19
200001,0.0,0,0,35
200001,0.0,0,0,58
200001,0.0,0,0,17
200001,0.0,0,0,6
200001,0.0,0,0,10
200001,0.0,0,0,48
200001,0.0,0,0,16
200001,0.0,0,0,33
200001,0.0,0,0,3
200001,0.0,0,0,36
200001,0.0,0,0,31
200002,0.005703771849126035,1,31,651
200002,0.0,0,0,14
200003,0.0,0,0,37
200003,0.0,0,0,2
200003,0.0,0,0,2
200003,0.0,0,0,11
200003,0.0,0,0,33
200003,0.0,0,0,133
200004,0.0,0,0,55
200004,0.0,0,0,25
200004,0.0,0,0,4
200004,0.0,0,0,6
200004,0.0,0,0,2
200004,0.0,0,0,21
200004,0.0,0,0,79
200004,0.0,0,0,36
200005,0.0,0,0,124
200005,0.0,0,0,17
200005,0.0,0,0,71
200005,0.0,0,0,7
200005,0.0,0,0,7
200005,0.0,0,0,189
201001,0.0,0,0,1
201001,0.0,0,0,25
201001,0.0,0,0,5
201001,0.0,0,0,1
201001,0.0,0,0,20
201001,0.0,0,0,16
201001,0.0,0,0,7
201001,0.0,0,0,102
201001,0.0,0,0,7
201002,0.0,0,0,51
201002,0.0,0,0,145
201002,0.0,0,0,6
201003,0.0,0,0,19
201003,0.0,0,0,11
201003,0.0,0,0,10
201003,0.0,0,0,129
201003,0.0,0,0,0
201003,0.0,0,0,14
201003,0.0,0,0,7
201003,0.0,0,0,1
201004,0.0,0,0,1
201004,0.0,0,0,10
201004,0.0,0,0,0
201004,0.0,0,0,3
201004,0.0,0,0,0
201004,0.0,0,0,59
201004,0.0,0,0,3
202000,0.0,0,0,79
202000,0.0,0,0,106
202000,0.0,0,0,121
202001,0.0,0,0,8
202001,0.0,0,0,95
202001,0.0,0,0,3
202001,0.0,0,0,1
202001,0.0,0,0,75
202001,0.0,0,0,14
202002,0.0,0,0,0
202002,0.0,0,0,50
202002,0.0,0,0,3
202002,0.0,0,0,2
202002,0.0,0,0,43
202003,0.0,0,0,3
202003,0.0,0,0,2
202003,0.0,0,0,8
202003,0.0,0,0,4
202003,0.0,0,0,6
202003,0.0,0,0,41
202003,0.0,0,0,7
202003,0.0,0,0,4
202003,0.0,0,0,14
202003,0.0,0,0,21
202004,0.0,0,0,111
202004,0.0,0,0,12
202004,0.0014367816091954023,1,1,30
202004,0.0,0,0,8
202005,0.0,0,0,14
202005,0.0,0,0,30
202005,0.0,0,0,30
202005,0.0,0,0,11
202005,0.0,0,0,14
203001,0.0,0,0,14
203001,0.0,0,0,39
203001,0.0,0,0,46
203001,0.0,0,0,19
203001,0.0,0,0,8
203001,0.0,0,0,104
203001,0.0,0,0,16
203001,0.0,0,0,34
203002,0.0,0,0,11
203002,0.0,0,0,0
203002,0.0,0,0,14
203002,0.0,0,0,0
203002,0.0,0,0,24
203002,0.0,0,0,53
203002,0.0,0,0,27
203002,0.0,0,0,61
203002,0.0,0,0,9
203003,0.0,0,0,33
203003,0.0008899436369029962,1,3,182
203004,0.0,0,0,45
203004,0.0,0,0,201
203004,0.0,0,0,47
203004,0.0,0,0,2
203004,0.0,0,0,25
203004,0.0,0,0,30
203004,0.0,0,0,8
203005,0.0,0,0,65
203005,0.0,0,0,15
203005,0.0,0,0,23
203005,0.0,0,0,20
203005,0.0,0,0,26
203005,0.0,0,0,56
204001,0.0,0,0,0
204001,0.0,0,0,74
204001,0.003125,1,8,306
204001,0.014321295143212951,1,23,227
204001,0.00076103500761035,1,1,177
204002,0.0,0,0,75
204002,0.028985507246376812,1,30,251
204002,0.0,0,0,14
204002,0.0,0,0,228
204002,0.006507592190889371,1,3,75
204003,0.0,0,0,32
204003,0.0,0,0,33
204003,0.0,0,0,189
204003,0.0,0,0,209
204003,0.017817371937639197,1,8,58
204003,0.0,0,0,131
205001,0.0,0,0,50
205001,0.0,0,0,104
205002,0.0,0,0,10
205002,0.0,0,0,15
205002,0.0,0,0,11
205002,0.0,0,0,1
205002,0.0,0,0,0
205002,0.0,0,0,78
205002,0.0,0,0,25
205002,0.0,0,0,8
205002,0.0,0,0,4
205002,0.0,0,0,10
205002,0.0,0,0,1
205003,0.0,0,0,22
205003,0.0,0,0,27
205003,0.0,0,0,1
205003,0.0,0,0,7
205003,0.0,0,0,26
205003,0.0,0,0,4
205003,0.0,0,0,28
205003,0.0,0,0,0
205003,0.0,0,0,18
205004,0.0,0,0,22
205004,0.0,0,0,32
205004,0.0,0,0,15
205004,0.0,0,0,11
205004,0.0,0,0,27
205004,0.0,0,0,4
205004,0.0,0,0,25
205004,0.0,0,0,12
205005,0.0,0,0,27
205005,0.0,0,0,54
205005,0.0,0,0,23
205005,0.0,0,0,8
205005,0.0,0,0,33
206001,0.0,0,0,22
206001,0.0,0,0,6
206001,0.0,0,0,24
206001,0.0,0,0,91
206001,0.0,0,0,35
206001,0.0,0,0,19
206002,0.0,0,0,3
206002,0.0,0,0,1
206002,0.0,0,0,82
206002,0.0,0,0,41
206002,0.0,0,0,0
206002,0.0,0,0,30
206002,0.0,0,0,244
206003,0.0,0,0,16
206003,0.03005887821506043,1,97,348
206003,0.026373626373626374,1,12,28
206003,0.0,0,0,0
207001,0.0,0,0,83
207001,0.0,0,0,27
207001,0.0,0,0,8
207001,0.0,0,0,14
207001,0.012723743799870606,1,59,465
207001,0.0,0,0,21
207001,0.0,0,0,10
207001,0.001557632398753894,1,1,21
207002,0.0,0,0,87
207002,0.00045578851412944393,1,1,149
207002,0.0,0,0,16
207002,0.0,0,0,14
207002,0.0,0,0,8
207002,0.0,0,0,19
207002,0.0,0,0,33
207002,0.0,0,0,12
208001,0.0,0,0,64
208001,0.0,0,0,11
208001,0.0,0,0,30
208001,0.0,0,0,70
208002,0.02717391304347826,1,85,256
208002,0.0,0,0,11
208002,0.0,0,0,8
208002,0.01466275659824047,1,5,5
208002,0.0,0,0,35
208003,0.04529514903565167,1,155,371
208003,0.0,0,0,17
208003,0.01646090534979424,1,8,20
208003,0.0,0,0,15
208003,0.0,0,0,16
209001,0.0,0,0,60
209001,0.0,0,0,12
209001,0.0,0,0,81
209001,0.0,0,0,6
209001,0.0,0,0,57
209002,0.0,0,0,1
209002,0.0,0,0,4
209002,0.0,0,0,14
209002,0.0,0,0,7
209002,0.0,0,0,25
209002,0.0,0,0,143
209002,0.0,0,0,21
209002,0.0,0,0,9
209002,0.0,0,0,50
209002,0.0,0,0,39
209002,0.0,0,0,17
209003,0.0,0,0,31
209003,0.0,0,0,6
209003,0.0,0,0,23
209003,0.0,0,0,2
209003,0.0,0,0,10
209003,0.0,0,0,0
209003,0.0,0,0,18
209004,0.0,0,0,5
209004,0.0,0,0,10
209004,0.0,0,0,0
209004,0.0,0,0,30
209004,0.0,0,0,132
209004,0.0,0,0,0
210001,0.0,0,0,8
210001,0.0,0,0,46
210001,0.0,0,0,36
210001,0.0,0,0,8
210001,0.0,0,0,65
210001,0.0,0,0,9
210001,0.0,0,0,20
210001,0.0,0,0,3
210001,0.0,0,0,12
210002,0.0,0,0,46
210002,0.0,0,0,2
210002,0.002053388090349076,1,1,12
210002,0.0,0,0,22
210002,0.0,0,0,22
210002,0.00020999580008399833,1,1,534
210002,0.0,0,0,0
210002,0.0,0,0,5
210002,0.0,0,0,1
210003,0.0,0,0,32
210003,0.0,0,0,26
210003,0.0,0,0,26
210003,0.0,0,0,15
210003,0.0,0,0,45
210003,0.0,0,0,20
211001,0.0,0,0,1
211001,0.0,0,0,34
211001,0.0,0,0,69
211001,0.09737827715355805,1,26,25
211001,0.09840728100113766,1,173,253
211001,0.02029520295202952,1,11,43
211001,0.011904761904761904,1,1,2
211001,0.003125,1,1,10
211001,0.0,0,0,18
211001,0.0,0,0,8
211001,0.0047169811320754715,1,1,9
211002,0.0,0,0,17
211002,0.0,0,0,2
211002,0.0,0,0,14
211002,0.0,0,0,6
211002,0.0,0,0,17
211002,0.0,0,0,14
211002,0.0,0,0,20
211002,0.0,0,0,31
211002,0.0,0,0,80
211003,0.0,0,0,8
211003,0.0,0,0,10
211003,0.0,0,0,136
211003,0.0,0,0,50
211003,0.0,0,0,3
211003,0.0,0,0,8
211003,0.007575757575757576,1,6,28
211003,0.0,0,0,2
212001,0.0,0,0,7
212001,0.0,0,0,21
212001,0.0,0,0,18
212001,0.0,0,0,23
212001,0.0,0,0,20
212001,0.0,0,0,25
212001,0.0,0,0,6
212001,0.0,0,0,3
212001,0.0,0,0,5
212002,0.0,0,0,12
212002,0.0,0,0,11
212002,0.0,0,0,30
212002,0.0,0,0,55
212002,0.0,0,0,10
212002,0.0,0,0,103
212002,0.0,0,0,79
212002,0.0,0,0,1
212003,0.006075334143377886,1,5,109
212003,0.0,0,0,0
212003,0.0,0,0,55
212003,0.0,0,0,10
212003,0.0,0,0,9
212003,0.0,0,0,0
212003,0.0,0,0,0
212003,0.07298001737619461,1,84,238
212003,0.07017543859649122,1,120,249
212003,0.03579295154185022,1,65,233
212004,0.0,0,0,17
212004,0.0,0,0,14
212004,0.0,0,0,7
212004,0.0,0,0,1
212004,0.0011933174224343676,1,3,180
212004,0.0,0,0,14
212004,0.0,0,0,23
212004,0.0,0,0,19
212005,0.0,0,0,5
212005,0.002471169686985173,1,3,103
212005,0.029931972789115645,1,44,121
212005,0.003942181340341655,1,3,56
212005,0.0,0,0,11
212005,0.0,0,0,49
212005,0.0,0,0,13
212005,0.0,0,0,1
212005,0.0056657223796034,1,2,15
213001,0.0,0,0,94
213001,0.0,0,0,14
213001,0.0,0,0,12
213001,0.0,0,0,19
213001,0.0,0,0,44
213001,0.0,0,0,16
213001,0.0,0,0,1
213001,0.006644518272425249,1,14,181
213001,0.0,0,0,1
213001,0.0,0,0,38
213001,0.0,0,0,4
213001,0.0,0,0,6
213001,0.0,0,0,8
213001,0.0,0,0,3
213002,0.0,0,0,8
213002,0.0,0,0,60
213002,0.0,0,0,12
213002,0.004576659038901602,1,2,15
213002,0.0,0,0,47
213002,0.0037956204379562043,1,13,332
213002,0.0,0,0,9
213002,0.0,0,0,30
213002,0.0,0,0,30
213002,0.0,0,0,5
213002,0.0,0,0,3
213002,0.0,0,0,43
213002,0.0,0,0,7
213002,0.0,0,0,0
213002,0.0,0,0,4
214001,0.0,0,0,7
214001,0.0,0,0,7
214001,0.0,0,0,14
214001,0.0,0,0,12
214001,0.0,0,0,16
214001,0.0,0,0,23
214001,0.0,0,0,10
214001,0.0,0,0,8
214001,0.0,0,0,1
214001,0.0,0,0,4
214001,0.0,0,0,33
214001,0.0,0,0,1
214001,0.0,0,0,7
214001,0.0,0,0,14
214001,0.0,0,0,3
214001,0.0,0,0,16
214002,0.0,0,0,47
214002,0.0,0,0,13
214002,0.0,0,0,6
214002,0.0,0,0,12
214002,0.0,0,0,1
214002,0.0,0,0,11
214002,0.0,0,0,17
214002,0.0,0,0,11
214002,0.0,0,0,6
214002,0.0,0,0,31
214002,0.0,0,0,0
214002,0.0,0,0,5
214002,0.0,0,0,0
214002,0.0,0,0,9
214002,0.0,0,0,3
214002,0.0,0,0,2
214002,0.0,0,0,13
214002,0.0,0,0,1
214002,0.0,0,0,0
214003,0.0,0,0,1
214003,0.0,0,0,33
214003,0.0,0,0,17
214003,0.0,0,0,57
214003,0.0,0,0,9
214003,0.0,0,0,0
214003,0.0,0,0,36
214003,0.0,0,0,60
214003,0.0,0,0,1
214003,0.0,0,0,6
214003,0.0,0,0,19
215001,0.0,0,0,749
215001,0.0,0,0,550
216000,0.0006121824303642485,1,2,200
216001,0.0,0,0,38
216001,0.0,0,0,3
216001,0.0,0,0,21
216001,0.0,0,0,0
216001,0.0,0,0,4
216001,0.0,0,0,22
216001,0.0,0,0,9
216002,0.0,0,0,3
216002,0.0,0,0,10
216002,0.0,0,0,22
216002,0.0,0,0,61
216002,0.0,0,0,0
217001,0.0,0,0,12
217001,0.0,0,0,17
217001,0.0,0,0,26
217001,0.0,0,0,7
217001,0.0,0,0,7
217001,0.0,0,0,6
217001,0.0,0,0,38
217001,0.0,0,0,22
217001,0.0,0,0,1
217001,0.0,0,0,55
217001,0.0,0,0,43
217002,0.0,0,0,17
217002,0.0,0,0,13
217002,0.0,0,0,7
217002,0.0,0,0,24
217002,0.0,0,0,2
217002,0.0,0,0,15
217002,0.0,0,0,6
217002,0.0,0,0,0
217002,0.0,0,0,29
217002,0.0,0,0,3
217002,0.0,0,0,7
217002,0.0,0,0,18
217002,0.0,0,0,29
217002,0.0,0,0,79
217003,0.004210526315789474,1,4,58
217003,0.0,0,0,0
217003,0.0,0,0,17
217003,0.0,0,0,3
217003,0.0,0,0,2
217003,0.0,0,0,1
217003,0.0011013215859030838,1,1,52
217003,0.004418262150220913,1,3,20
217003,0.0,0,0,39
217003,0.0018712574850299401,1,5,255
218001,0.0,0,0,0
218001,0.0,0,0,42
218001,0.0,0,0,40
218001,0.0,0,0,20
218001,0.0,0,0,33
218001,0.0,0,0,67
218001,0.0,0,0,9
218001,0.0,0,0,2
218001,0.0,0,0,2
218001,0.0,0,0,24
218001,0.0,0,0,9
218002,0.0,0,0,65
218002,0.0,0,0,0
218002,0.0,0,0,29
218002,0.007797270955165692,1,4,16
218002,0.0,0,0,44
218002,0.0,0,0,53
218002,0.0,0,0,54
218002,0.002952755905511811,1,3,47
218003,0.0,0,0,2
218003,0.002652519893899204,1,1,14
218003,0.0,0,0,229
218003,0.0,0,0,18
218003,0.0,0,0,20
218003,0.0,0,0,6
218003,0.0,0,0,12
218003,0.0,0,0,16
218003,0.0,0,0,23
218003,0.0,0,0,10
218003,0.0,0,0,5
218003,0.0,0,0,17
218003,0.0,0,0,12
219001,0.0,0,0,4
219001,0.0014792899408284023,1,2,54
219001,0.0,0,0,99
219001,0.0,0,0,37
219001,0.0,0,0,22
219001,0.0,0,0,25
219001,0.0,0,0,112
219001,0.0,0,0,13
219001,0.0,0,0,30
219001,0.0,0,0,26
219001,0.020618556701030927,1,4,13
219002,0.0,0,0,4
219002,0.0,0,0,26
219002,0.0,0,0,8
219002,0.0,0,0,6
219002,0.0,0,0,8
219002,0.001,1,1,36
219002,0.0021551724137931034,1,1,19
219002,0.0,0,0,63
219002,0.0,0,0,16
219002,0.0,0,0,22
219002,0.0,0,0,11
219002,0.0,0,0,5
219002,0.0,0,0,34
219002,0.0,0,0,30
220001,0.0,0,0,0
220001,0.0,0,0,9
220001,0.0,0,0,10
220001,0.0024242424242424242,1,2,6
220001,0.0,0,0,24
220001,0.0,0,0,86
220001,0.0,0,0,21
220001,0.0,0,0,132
220001,0.0,0,0,18
220001,0.003134796238244514,1,1,6
220001,0.0,0,0,6
220001,0.0,0,0,10
220001,0.0,0,0,8
220001,0.0,0,0,4
220001,0.0,0,0,6
220001,0.0,0,0,23
220001,0.0,0,0,17
220001,0.0,0,0,3
220002,0.0,0,0,1
220002,0.0,0,0,17
220002,0.0,0,0,9
220002,0.0,0,0,5
220002,0.0,0,0,8
220002,0.0,0,0,1
220002,0.0,0,0,60
220002,0.0,0,0,9
220002,0.0,0,0,7
220002,0.0,0,0,6
220002,0.0,0,0,1
220002,0.0,0,0,1
220002,0.0,0,0,1
220002,0.0,0,0,117
220002,0.0,0,0,0
220002,0.0,0,0,11
220002,0.0,0,0,2
220002,0.0,0,0,16
220002,0.0,0,0,30
220002,0.0,0,0,14
220002,0.0,0,0,7
221001,0.0007352941176470588,1,1,72
221001,0.0,0,0,4
221001,0.0,0,0,24
221001,0.0,0,0,5
221001,0.0,0,0,15
221001,0.0038461538461538464,1,1,18
221001,0.0,0,0,30
221001,0.0,0,0,2
221001,0.0,0,0,14
221001,0.0,0,0,3
221001,0.0,0,0,18
221001,0.0,0,0,38
221001,0.0,0,0,25
221001,0.0,0,0,2
221001,0.0,0,0,1
221002,0.0,0,0,6
221002,0.0,0,0,11
221002,0.0,0,0,10
221002,0.0,0,0,20
221002,0.0,0,0,3
221002,0.0,0,0,5
221002,0.0,0,0,8
221002,0.0,0,0,26
221002,0.0,0,0,0
221002,0.0,0,0,10
221002,0.0,0,0,23
221002,0.0,0,0,12
221002,0.0,0,0,4
221002,0.0,0,0,7
222002,0.0006277463904582549,1,3,586
222003,0.001040582726326743,1,1,92
222002,0.0,0,0,78
222003,0.00023255813953488373,1,1,521
222001,0.0,0,0,96
222002,0.0,0,0,84
222001,0.0,0,0,21
222003,0.0,0,0,134
222001,0.0,0,0,412
222001,0.0,0,0,230
222001,0.0006075334143377885,1,1,163
222003,0.0,0,0,54
222001,0.0,0,0,19
222003,0.0,0,0,12
223001,0.0,0,0,26
223001,0.0,0,0,13
223001,0.0,0,0,10
223001,0.0,0,0,4
223001,0.0,0,0,1
223001,0.0,0,0,54
223001,0.0,0,0,21
223001,0.0,0,0,0
223001,0.0,0,0,22
223001,0.0,0,0,9
223001,0.0,0,0,23
223001,0.0,0,0,12
223001,0.0,0,0,18
223002,0.0,0,0,2
223002,0.0,0,0,6
223002,0.0,0,0,15
223002,0.0,0,0,4
223002,0.0,0,0,4
223002,0.0,0,0,0
223002,0.0,0,0,25
223002,0.0,0,0,5
223002,0.0,0,0,14
223002,0.005405405405405406,1,3,31
223002,0.025477707006369428,1,4,0
223002,0.0,0,0,5
223002,0.0,0,0,20
223002,0.0,0,0,25
223002,0.0,0,0,6
223002,0.0,0,0,57
223003,0.0,0,0,27
223003,0.0,0,0,13
223003,0.0,0,0,6
223003,0.0,0,0,2
223003,0.0,0,0,22
223003,0.0,0,0,1
223003,0.0,0,0,14
223003,0.0,0,0,5
223003,0.0,0,0,428
223004,0.0,0,0,0
223004,0.0,0,0,19
223004,0.0,0,0,2
223004,0.0,0,0,34
223004,0.0,0,0,5
223004,0.0,0,0,4
223004,0.0,0,0,52
223004,0.0,0,0,6
223004,0.0,0,0,51
224001,0.0,0,0,31
224001,0.0,0,0,17
224001,0.0,0,0,53
224001,0.0,0,0,0
224001,0.0,0,0,4
224001,0.0,0,0,13
224001,0.0,0,0,7
224002,0.0,0,0,18
224002,0.0,0,0,180
224002,0.0,0,0,6
224002,0.0,0,0,13
224003,0.0,0,0,16
224003,0.0,0,0,17
224003,0.0,0,0,16
224003,0.0,0,0,15
224003,0.0,0,0,0
224003,0.0,0,0,18
224003,0.0,0,0,2
224003,0.0,0,0,97
224004,0.0,0,0,8
224004,0.0,0,0,0
224004,0.0,0,0,7
224004,0.0,0,0,72
224004,0.0,0,0,20
224004,0.0,0,0,35
224004,0.0,0,0,1
224005,0.0,0,0,156
224005,0.0,0,0,30
224005,0.0,0,0,8
224005,0.0,0,0,14
224005,0.0,0,0,1
224005,0.0,0,0,42
224005,0.0,0,0,2
224005,0.0,0,0,8
224006,0.0,0,0,10
224006,0.0,0,0,11
224006,0.0,0,0,14
224006,0.0,0,0,28
224006,0.004454342984409799,1,2,21
224006,0.0,0,0,109
224006,0.0,0,0,21
225001,0.0,0,0,20
225001,0.0,0,0,15
225001,0.0,0,0,44
225001,0.0,0,0,2
225001,0.0,0,0,25
225001,0.0,0,0,3
225001,0.0,0,0,0
225001,0.0,0,0,46
225001,0.0,0,0,9
225001,0.0,0,0,60
225001,0.0034482758620689655,1,2,47
225001,0.0,0,0,17
225001,0.0,0,0,3
225001,0.0,0,0,18
225001,0.0011312217194570137,1,1,35
225001,0.0,0,0,52
225002,0.0,0,0,7
225002,0.0,0,0,7
225002,0.0,0,0,20
225002,0.003639304488475536,1,9,266
225002,0.002364066193853428,1,1,20
225002,0.0,0,0,12
225002,0.0,0,0,0
225002,0.0,0,0,6
225002,0.0,0,0,57
225002,0.0,0,0,13
225002,0.002008032128514056,1,1,14
225002,0.0,0,0,5
225002,0.0,0,0,5
225002,0.0,0,0,34
225002,0.002386634844868735,1,1,13
225003,0.0,0,0,2
225003,0.0,0,0,3
225003,0.0,0,0,7
225003,0.0,0,0,3
225003,0.0,0,0,0
225003,0.0,0,0,9
225003,0.0,0,0,2
225003,0.0,0,0,7
225003,0.0,0,0,32
225003,0.0,0,0,7
225003,0.0,0,0,0
225003,0.0,0,0,3
225003,0.0,0,0,4
225003,0.0,0,0,140
225003,0.0,0,0,3
225003,0.0,0,0,9
225003,0.0,0,0,66
225003,0.0009345794392523365,1,1,52
225003,0.0,0,0,11
225003,0.0,0,0,71
226001,0.0,0,0,12
226001,0.0,0,0,148
226001,0.0,0,0,223
226001,0.0,0,0,9
226001,0.0,0,0,4
226001,0.0,0,0,15
226001,0.0,0,0,6
226001,0.0,0,0,0
226001,0.004132231404958678,1,1,6
226001,0.0,0,0,9
226001,0.0,0,0,5
226001,0.0,0,0,10
226001,0.0,0,0,12
226001,0.0,0,0,2
226001,0.0,0,0,1
226002,0.001953125,1,1,17
226002,0.0,0,0,6
226002,0.0007767995857068876,1,3,536
226002,0.0,0,0,8
226002,0.0,0,0,1
226002,0.0,0,0,0
226002,0.0,0,0,4
226002,0.0,0,0,6
226002,0.0,0,0,10
226002,0.0,0,0,1
226002,0.0,0,0,0
226002,0.0,0,0,3
226002,0.0,0,0,4
226002,0.0,0,0,6
227001,0.0,0,0,10
227001,0.0,0,0,17
227001,0.0,0,0,6
227001,0.0,0,0,23
227001,0.0,0,0,13
227001,0.0,0,0,18
227001,0.0,0,0,16
227001,0.0,0,0,5
227002,0.0,0,0,0
227002,0.0,0,0,22
227002,0.0,0,0,10
227002,0.0,0,0,0
227002,0.0,0,0,1
227002,0.0,0,0,6
227002,0.0,0,0,20
227002,0.0,0,0,349
227002,0.0,0,0,31
227002,0.0,0,0,0
227002,0.0,0,0,5
227003,0.0,0,0,15
227003,0.0,0,0,7
227003,0.0,0,0,8
227003,0.0,0,0,10
227003,0.0,0,0,189
227003,0.0,0,0,4
227003,0.0,0,0,85
228001,0.0014681506038361355,1,31,2297
229001,0.0,0,0,26
229001,0.0,0,0,26
229001,0.0,0,0,0
229001,0.0,0,0,40
229001,0.0,0,0,6
229001,0.0,0,0,7
229001,0.0,0,0,18
229001,0.0,0,0,1
229002,0.0,0,0,1
229002,0.0,0,0,0
229002,0.0,0,0,14
229002,0.0,0,0,3
229002,0.0,0,0,18
229002,0.0,0,0,47
229002,0.0,0,0,14
229002,0.0,0,0,19
229002,0.0,0,0,1
229002,0.0,0,0,6
229002,0.0,0,0,5
229002,0.0,0,0,14
230001,0.0,0,0,19
230001,0.0,0,0,24
230001,0.0,0,0,35
230001,0.0,0,0,0
230001,0.0,0,0,10
230001,0.0,0,0,52
230001,0.0,0,0,9
230002,0.006493506493506494,1,1,3
230002,0.0,0,0,27
230002,0.0,0,0,2
230002,0.0,0,0,16
230002,0.0,0,0,10
230002,0.0,0,0,1
230002,0.0,0,0,6
230002,0.0,0,0,50
230002,0.0,0,0,3
230002,0.0,0,0,11
230002,0.0019880715705765406,1,1,26
230002,0.0,0,0,19
230002,0.0,0,0,0
230002,0.0024096385542168677,1,2,51
230003,0.0,0,0,2
230003,0.0,0,0,27
230003,0.0,0,0,2
230003,0.0,0,0,21
230003,0.0,0,0,14
230003,0.0,0,0,10
230003,0.0,0,0,30
230003,0.0,0,0,30
230003,0.0,0,0,15
230003,0.0,0,0,2
230003,0.0,0,0,0
230004,0.0,0,0,27
230004,0.0,0,0,6
230004,0.0,0,0,0
230004,0.0,0,0,6
230004,0.0,0,0,15
230004,0.0,0,0,9
230004,0.0,0,0,10
230004,0.0,0,0,13
230004,0.0,0,0,2
230004,0.0,0,0,10
231001,0.0,0,0,7
231001,0.031161473087818695,1,11,11
231001,0.0,0,0,2
231001,0.0,0,0,16
231001,0.0,0,0,15
231001,0.0019120458891013384,1,5,202
231001,0.0,0,0,13
231001,0.0,0,0,2
231001,0.0,0,0,55
231001,0.0,0,0,5
231001,0.0,0,0,6
231001,0.0,0,0,7
231001,0.0,0,0,21
231002,0.0,0,0,25
231002,0.0,0,0,28
231002,0.0,0,0,18
231002,0.0,0,0,0
231002,0.0,0,0,2
231002,0.0,0,0,1
231002,0.0,0,0,7
231002,0.0,0,0,6
231002,0.0,0,0,5
231002,0.0,0,0,87
231002,0.0,0,0,1
231002,0.0,0,0,20
231002,0.0,0,0,13
231002,0.0,0,0,9
231002,0.0,0,0,2
231002,0.0,0,0,8
231002,0.0,0,0,7
231002,0.0,0,0,18
231002,0.0,0,0,21
231002,0.0,0,0,45
231002,0.0,0,0,13
231002,0.0,0,0,14
231003,0.0,0,0,10
231003,0.0,0,0,22
231003,0.003857280617164899,1,4,57
231003,0.0,0,0,49
231003,0.007751937984496124,1,6,20
231003,0.0,0,0,2
231003,0.0,0,0,9
231003,0.0,0,0,160
231003,0.0,0,0,16
231003,0.0,0,0,3
231003,0.0,0,0,15
231003,0.0,0,0,5
231003,0.0,0,0,17
231003,0.0,0,0,10
231003,0.0,0,0,15
231003,0.0,0,0,8
232001,0.0,0,0,8
232001,0.0,0,0,13
232001,0.0,0,0,15
232001,0.010810810810810811,1,12,61
232001,0.0,0,0,25
232001,0.0,0,0,70
232001,0.0,0,0,3
232001,0.0,0,0,76
232001,0.0,0,0,9
232001,0.0,0,0,42
232001,0.0,0,0,0
232001,0.0,0,0,17
232001,0.0,0,0,4
232001,0.0,0,0,0
232001,0.0,0,0,14
232001,0.0,0,0,8
232001,0.0,0,0,6
232001,0.0,0,0,9
232001,0.0,0,0,2
232001,0.0,0,0,7
232001,0.0,0,0,27
232001,0.0,0,0,6
232001,0.0,0,0,3
232001,0.0,0,0,30
232001,0.0,0,0,16
232002,0.0,0,0,16
232002,0.0012853470437017994,1,3,223
232002,0.0,0,0,18
232002,0.0,0,0,0
232002,0.04830917874396135,1,10,15
232002,0.0,0,0,14
232002,0.009836065573770493,1,6,32
232002,0.0,0,0,8
232002,0.0069124423963133645,1,6,75
232002,0.0,0,0,20
232002,0.0,0,0,6
232002,0.036519871106337275,1,34,73
232002,0.0,0,0,9
232002,0.0,0,0,16
232002,0.05057803468208093,1,35,69
232002,0.041666666666666664,1,3,5
232002,0.0,0,0,24
232002,0.012618296529968454,1,4,17
232002,0.0,0,0,4
232002,0.03125,1,14,51
232002,0.0,0,0,7
232002,0.0043859649122807015,1,1,6
233001,0.0,0,0,3
233001,0.0,0,0,3
233001,0.0,0,0,3
233001,0.0,0,0,0
233001,0.0,0,0,3
233001,0.0,0,0,4
233001,0.0,0,0,20
233001,0.0,0,0,40
233001,0.0727130570758405,1,93,105
233001,0.0,0,0,6
233001,0.0,0,0,23
233001,0.0,0,0,15
233001,0.0,0,0,11
233001,0.0,0,0,10
233001,0.0,0,0,40
233001,0.0,0,0,0
233002,0.0,0,0,0
233002,0.0,0,0,20
233002,0.0,0,0,3
233002,0.0057306590257879654,1,2,23
233002,0.0,0,0,13
233002,0.049586776859504134,1,30,16
233002,0.0,0,0,1
233002,0.0016863406408094434,1,1,22
233002,0.0,0,0,5
233002,0.0,0,0,16
233002,0.0,0,0,1
233002,0.04749787955894826,1,56,116
233002,0.0032733224222585926,1,2,14
233002,0.0,0,0,14
234001,0.08376963350785341,1,32,52
234001,0.09248269040553907,1,187,361
234001,0.09613299602457535,1,266,198
234001,0.06411103767349637,1,97,213
234001,0.11489698890649762,1,290,423
234001,0.11462160176340926,1,156,333
234001,0.06239600665557404,1,75,202
234002,0.08747753145596165,1,146,229
234002,0.08398950131233596,1,64,146
234002,0.05182341650671785,1,27,47
234002,0.12317167051578137,1,160,196
234002,0.09046454767726161,1,111,203
234002,0.0,0,0,46
234002,0.11591192355629414,1,279,329
234002,0.022988505747126436,1,12,84
234002,0.0740242261103634,1,110,314
234002,0.06278026905829596,1,28,74
234002,0.06771263418662263,1,82,149
234003,0.044797687861271675,1,31,90
234003,0.033582089552238806,1,9,50
234003,0.022535211267605635,1,16,96
234003,0.05021834061135371,1,92,323
234003,0.026540284360189573,1,28,164
234003,0.029934518241347054,1,32,131
234003,0.0986328125,1,202,292
234003,0.04,1,79,304
234003,0.03508771929824561,1,22,151
234003,0.039538714991762765,1,24,71
234004,0.04356955380577428,1,166,519
234004,0.0,0,0,22
234004,0.0219435736677116,1,35,293
234004,0.022061358152361255,1,64,415
234004,0.023114355231143552,1,95,455
234004,0.0,0,0,1
234005,0.08444040036396724,1,464,1051
234005,0.0038550501156515036,1,5,175
234005,0.08848314606741572,1,126,255
234005,0.0,0,0,2
234005,0.0,0,0,137
234005,0.03562653562653563,1,29,106
234005,0.001984126984126984,1,2,164
234005,0.06105990783410138,1,53,132
234005,0.06206896551724138,1,54,162
235001,0.0,0,0,8
235001,0.0,0,0,27
235001,0.0,0,0,28
235001,0.0,0,0,4
235001,0.0,0,0,1
235001,0.0,0,0,18
235001,0.0018214936247723133,1,2,73
235001,0.0,0,0,0
235001,0.0,0,0,6
235001,0.0,0,0,10
235001,0.0,0,0,3
235001,0.0,0,0,12
235001,0.0,0,0,15
235002,0.0,0,0,5
235002,0.0,0,0,19
235002,0.050643776824034335,1,59,109
235002,0.008733624454148471,1,2,12
235002,0.0,0,0,127
235002,0.0,0,0,6
235002,0.011799410029498525,1,4,7
235002,0.0,0,0,2
235002,0.0387858347386172,1,23,35
235002,0.06359945872801083,1,47,73
235002,0.015521064301552107,1,7,16
235002,0.0,0,0,12
235002,0.05117845117845118,1,76,284
235002,0.058935361216730035,1,62,131
236001,0.0,0,0,17
236001,0.0,0,0,11
236001,0.0,0,0,1
236001,0.0,0,0,6
236001,0.0,0,0,0
236001,0.0,0,0,8
236001,0.0,0,0,2
236001,0.0,0,0,48
236001,0.0,0,0,0
236001,0.0,0,0,8
236001,0.0,0,0,3
236001,0.0,0,0,5
236001,0.0,0,0,5
236001,0.0,0,0,0
236001,0.0,0,0,33
236001,0.0,0,0,21
236001,0.0,0,0,7
236001,0.0,0,0,11
236001,0.012224938875305624,1,5,24
236002,0.0,0,0,2
236002,0.0,0,0,2
236002,0.0,0,0,8
236002,0.0,0,0,5
236002,0.0,0,0,3
236002,0.0,0,0,25
236002,0.0,0,0,0
236002,0.0,0,0,3
236002,0.011049723756906077,1,6,26
236002,0.0,0,0,26
236002,0.025525525525525526,1,17,47
236002,0.024844720496894408,1,4,15
236002,0.0,0,0,19
236002,0.0,0,0,9
236002,0.0,0,0,19
236002,0.0,0,0,18
236002,0.03430531732418525,1,20,56
236002,0.0,0,0,0
237001,0.0,0,0,70
237001,0.0,0,0,6
237001,0.0,0,0,6
237001,0.0,0,0,1
237001,0.0,0,0,5
237001,0.0,0,0,2
237001,0.0,0,0,0
237001,0.0,0,0,8
237001,0.0,0,0,10
237001,0.0,0,0,14
237001,0.0,0,0,12
237001,0.0,0,0,5
237001,0.0,0,0,21
237001,0.0,0,0,60
237001,0.0,0,0,2
237001,0.0,0,0,5
237002,0.0,0,0,53
237002,0.0,0,0,11
237002,0.0,0,0,1
237002,0.0,0,0,14
237002,0.0,0,0,13
237002,0.0,0,0,24
237002,0.0,0,0,4
237002,0.0,0,0,3
237002,0.0,0,0,19
237002,0.003738317757009346,1,2,39
237002,0.0,0,0,0
237002,0.0,0,0,2
237002,0.0,0,0,23
237002,0.0,0,0,35
237002,0.0,0,0,0
238001,0.0,0,0,14
238001,0.0,0,0,7
238001,0.0,0,0,24
238001,0.0,0,0,30
238001,0.0,0,0,23
238001,0.0,0,0,13
238001,0.0,0,0,17
238001,0.0,0,0,18
238001,0.0,0,0,20
238001,0.0,0,0,4
238001,0.0,0,0,0
238001,0.0,0,0,0
238001,0.0,0,0,21
238001,0.0,0,0,8
238001,0.0,0,0,6
238002,0.0,0,0,8
238002,0.0045871559633027525,1,1,14
238002,0.001358695652173913,1,1,45
238002,0.0,0,0,22
238002,0.0,0,0,3
238002,0.0,0,0,25
238002,0.0,0,0,11
238002,0.0,0,0,9
238002,0.0,0,0,2
238002,0.0,0,0,4
238002,0.0,0,0,0
238002,0.0,0,0,0
238002,0.0,0,0,5
238002,0.000851063829787234,1,1,86
238002,0.0,0,0,1
238002,0.0,0,0,7
238002,0.0,0,0,6
238003,0.0,0,0,14
238003,0.0,0,0,29
238003,0.0010395010395010396,1,1,58
238003,0.0,0,0,15
238003,0.0038314176245210726,1,1,6
238003,0.0,0,0,21
238003,0.0,0,0,20
238003,0.0,0,0,2
238003,0.0,0,0,18
238003,0.0,0,0,30
239001,0.0034129692832764505,1,2,28
239001,0.0,0,0,24
239001,0.0,0,0,11
239001,0.0,0,0,26
239001,0.011210762331838564,1,20,178
239001,0.0,0,0,4
239001,0.0,0,0,9
239001,0.0,0,0,9
239001,0.0,0,0,5
239001,0.0074487895716946,1,4,37
239002,0.0,0,0,7
239002,0.0020964360587002098,1,1,15
239002,0.0,0,0,41
239002,0.0034083162917518746,1,10,264
239002,0.0,0,0,0
239002,0.0,0,0,33
239002,0.0,0,0,44
239002,0.0,0,0,6
239002,0.0,0,0,2
239002,0.0,0,0,12
239002,0.003194888178913738,1,1,13
239003,0.0,0,0,7
239003,0.0,0,0,12
239003,0.007346938775510204,1,9,74
239003,0.0,0,0,3
239003,0.0036101083032490976,1,3,48
239003,0.0019120458891013384,1,2,41
239003,0.0,0,0,6
239003,0.0,0,0,13
239003,0.0,0,0,58
239003,0.006263048016701462,1,3,30
239003,0.0,0,0,8
239003,0.004132231404958678,1,1,10
239004,0.004246284501061571,1,2,38
239004,0.0,0,0,11
239004,0.030623020063357972,1,29,59
239004,0.009825327510917031,1,9,34
239004,0.0,0,0,10
239004,0.0,0,0,46
239004,0.027918781725888325,1,11,18
239004,0.005,1,1,10
239004,0.0022371364653243847,1,1,13
239004,0.030864197530864196,1,15,25
239004,0.0015384615384615385,1,1,14
240001,0.0,0,0,83
240001,0.00916030534351145,1,6,22
240001,0.0,0,0,84
240001,0.0016652789342214821,1,2,46
240001,0.0,0,0,7
240001,0.00315955766192733,1,2,34
240001,0.006896551724137931,1,3,22
240001,0.007112375533428165,1,5,26
240002,0.0024330900243309003,1,1,13
240002,0.010309278350515464,1,3,17
240002,0.0,0,0,2
240002,0.0,0,0,42
240002,0.0,0,0,3
240002,0.0,0,0,82
240002,0.0,0,0,0
240002,0.0007993605115907274,1,1,87
240002,0.058240396530359353,1,47,71
240002,0.02880658436213992,1,21,36
240002,0.0,0,0,2
240002,0.0,0,0,1
240002,0.008130081300813009,1,1,1
241001,0.0,0,0,126
241001,0.0,0,0,10
241001,0.0,0,0,34
241001,0.0,0,0,1
241001,0.0,0,0,0
241001,0.0,0,0,4
241001,0.0,0,0,14
241001,0.0,0,0,6
241001,0.0,0,0,1
241001,0.0,0,0,14
241001,0.012145748987854251,1,3,9
241002,0.0,0,0,2
241002,0.0,0,0,18
241002,0.0,0,0,39
241002,0.0,0,0,5
241002,0.0,0,0,21
241002,0.0,0,0,0
241002,0.0,0,0,3
241002,0.0,0,0,7
241002,0.0,0,0,23
241002,0.0,0,0,9
241002,0.0,0,0,10
241002,0.0,0,0,26
241002,0.0,0,0,6
241002,0.0,0,0,110
242001,0.0,0,0,3
242001,0.0,0,0,10
242001,0.0,0,0,3
242001,0.0,0,0,134
242001,0.0,0,0,7
242001,0.0,0,0,9
242001,0.0,0,0,4
242002,0.0,0,0,11
242002,0.0,0,0,18
242002,0.0,0,0,22
242002,0.01555352241537054,1,17,106
242002,0.0,0,0,2
242002,0.0,0,0,19
242002,0.0,0,0,4
242002,0.0,0,0,24
242002,0.0,0,0,12
242002,0.005988023952095809,1,3,36
242003,0.0,0,0,42
242003,0.0,0,0,10
242003,0.0,0,0,0
242003,0.0,0,0,28
242003,0.0072992700729927005,1,2,14
242003,0.0,0,0,25
242003,0.0,0,0,10
242003,0.0,0,0,51
242004,0.0,0,0,17
242004,0.0,0,0,0
242004,0.0,0,0,368
242004,0.0,0,0,11
242004,0.0,0,0,22
242004,0.0,0,0,2
242004,0.0,0,0,15
242004,0.004975124378109453,1,3,19
242004,0.0,0,0,13
242005,0.0,0,0,25
242005,0.0,0,0,20
242005,0.0,0,0,13
242005,0.0,0,0,6
242005,0.0,0,0,0
242005,0.0,0,0,3
242005,0.0,0,0,1
242005,0.0038910505836575876,1,3,67
242005,0.0,0,0,28
242005,0.0,0,0,8
242005,0.0,0,0,23
242005,0.0,0,0,11
242005,0.0,0,0,13
242005,0.0,0,0,2
242006,0.0,0,0,7
242006,0.0,0,0,21
242006,0.0,0,0,21
242006,0.0,0,0,27
242006,0.0,0,0,77
242006,0.0,0,0,2
242006,0.0,0,0,20
242006,0.0,0,0,11
242006,0.0,0,0,2
242006,0.0,0,0,4
242006,0.0,0,0,2
242006,0.0,0,0,40
242006,0.0,0,0,10
243001,0.0,0,0,0
243001,0.0,0,0,1
243001,0.0014443909484833895,1,3,203
243001,0.0,0,0,13
243001,0.0,0,0,17
243001,0.0,0,0,5
243001,0.0,0,0,2
243001,0.0,0,0,0
243001,0.0,0,0,0
243001,0.0,0,0,3
243001,0.0,0,0,1
243001,0.0,0,0,21
243001,0.0,0,0,21
243001,0.0,0,0,7
243001,0.0,0,0,28
243001,0.0,0,0,0
243001,0.0,0,0,14
243001,0.0,0,0,19
243001,0.0,0,0,0
243001,0.0,0,0,3
243001,0.0,0,0,0
243001,0.0,0,0,0
243002,0.0,0,0,6
243002,0.0,0,0,18
243002,0.0,0,0,2
243002,0.0,0,0,0
243002,0.0,0,0,0
243002,0.0,0,0,12
243002,0.0,0,0,0
243002,0.0,0,0,16
243002,0.0,0,0,16
243002,0.0,0,0,44
243002,0.0,0,0,2
243002,0.0,0,0,3
243002,0.0,0,0,6
243002,0.002288329519450801,1,1,16
243002,0.0,0,0,32
243002,0.0,0,0,15
243002,0.0,0,0,9
243002,0.0,0,0,129
243002,0.0,0,0,18
243003,0.0,0,0,35
243003,0.0,0,0,47
243003,0.0,0,0,0
243003,0.0,0,0,29
243003,0.0,0,0,31
243003,0.0,0,0,3
243003,0.0,0,0,0
243003,0.0,0,0,23
243003,0.0,0,0,14
243003,0.0,0,0,265
243003,0.0,0,0,10
244001,0.0,0,0,48
244001,0.0,0,0,1
244001,0.00546448087431694,1,1,3
244001,0.0,0,0,40
244001,0.0,0,0,12
244001,0.008241758241758242,1,3,29
244001,0.0,0,0,106
244001,0.0,0,0,31
244001,0.0,0,0,69
244001,0.0,0,0,59
244001,0.0,0,0,3
244001,0.0,0,0,0
244002,0.0,0,0,4
244002,0.0,0,0,35
244002,0.0,0,0,40
244002,0.0,0,0,14
244002,0.0,0,0,18
244002,0.0,0,0,17
244002,0.0,0,0,16
244002,0.0,0,0,17
244002,0.0,0,0,1
244002,0.0010799136069114472,1,1,68
244003,0.0,0,0,8
244003,0.0,0,0,0
244003,0.0,0,0,0
244003,0.0,0,0,4
244003,0.0,0,0,3
244003,0.0022172949002217295,1,1,17
244003,0.0,0,0,0
244003,0.0,0,0,52
244003,0.0,0,0,2
244003,0.0,0,0,11
244003,0.0,0,0,45
244003,0.0,0,0,18
244003,0.0,0,0,7
244003,0.0,0,0,19
245001,0.0,0,0,3
245001,0.0,0,0,11
245001,0.0,0,0,33
245001,0.0,0,0,19
245001,0.0,0,0,5
245001,0.0,0,0,39
245001,0.0,0,0,0
245001,0.0,0,0,10
245001,0.0,0,0,9
245001,0.0,0,0,0
245002,0.0,0,0,0
245002,0.0,0,0,2
245002,0.0,0,0,99
245002,0.0,0,0,0
245002,0.0,0,0,30
245002,0.0,0,0,1
245002,0.0,0,0,11
245002,0.0,0,0,2
245002,0.0,0,0,6
245003,0.0,0,0,40
245003,0.0,0,0,0
245003,0.0,0,0,8
245003,0.0,0,0,3
245003,0.0,0,0,15
245003,0.0,0,0,15
245004,0.0,0,0,0
245004,0.0,0,0,0
245004,0.0,0,0,17
245004,0.0,0,0,81
245004,0.0,0,0,3
245004,0.0,0,0,9
245004,0.0,0,0,4
246000,0.0,0,0,439
246000,0.0,0,0,113
246000,0.0022624434389140274,1,2,98
246000,0.0033085194375516956,1,4,140
246000,0.0009337068160597573,1,1,103
246000,0.0,0,0,97
246000,0.0008382229673093043,1,1,143
246000,0.0,0,0,172
246000,0.0,0,0,352
246000,0.0,0,0,79
246003,0.0,0,0,0
246003,0.0,0,0,21
247001,0.0,0,0,11
247001,0.0,0,0,2
247001,0.0,0,0,12
247001,0.0,0,0,25
247001,0.0,0,0,27
247001,0.0,0,0,14
247001,0.0,0,0,0
247001,0.0,0,0,27
247001,0.0,0,0,23
247001,0.0,0,0,1
247001,0.0,0,0,20
247001,0.0,0,0,0
247001,0.0,0,0,16
247001,0.0,0,0,17
247002,0.0,0,0,0
247002,0.0,0,0,20
247002,0.0,0,0,36
247002,0.0018198362147406734,1,4,209
247002,0.0,0,0,1
247002,0.0,0,0,56
247002,0.0,0,0,0
247002,0.0,0,0,0
247002,0.0,0,0,32
247002,0.0,0,0,17
247002,0.0,0,0,6
247003,0.0,0,0,9
247003,0.0,0,0,4
247003,0.0,0,0,12
247003,0.0,0,0,49
247003,0.0,0,0,49
247003,0.0,0,0,50
247003,0.0,0,0,5
247003,0.0,0,0,33
247003,0.0,0,0,32
248000,0.0,0,0,325
248001,0.0,0,0,4
248001,0.0,0,0,0
248001,0.0,0,0,5
248001,0.0,0,0,0
248001,0.0,0,0,5
248001,0.0,0,0,17
248001,0.0,0,0,9
248001,0.0,0,0,16
248001,0.0,0,0,14
248001,0.0,0,0,1
248001,0.0,0,0,2
248001,0.0,0,0,15
248001,0.0,0,0,0
248001,0.0,0,0,0
248002,0.0,0,0,27
248002,0.0,0,0,0
248002,0.0,0,0,14
248002,0.0,0,0,22
248002,0.0,0,0,1
248002,0.0,0,0,24
248002,0.0,0,0,8
248002,0.0,0,0,8
248002,0.0,0,0,1
248002,0.0,0,0,7
248002,0.0,0,0,0
248002,0.0,0,0,59
248002,0.0,0,0,16
248002,0.0,0,0,2
248002,0.0,0,0,48
248002,0.0,0,0,33
248002,0.0,0,0,1
248002,0.0,0,0,0
249001,0.029055690072639227,1,60,164
249001,0.0,0,0,1
249001,0.002437043054427295,1,3,64
249001,0.0,0,0,38
249001,0.0,0,0,1
249001,0.0,0,0,52
249001,0.0,0,0,21
249001,0.0,0,0,64
249001,0.0,0,0,0
249001,0.0,0,0,0
249001,0.0,0,0,0
249001,0.0,0,0,2
249001,0.0,0,0,14
249002,0.0,0,0,14
249002,0.0,0,0,20
249002,0.0,0,0,0
249002,0.0,0,0,7
249002,0.0,0,0,7
249002,0.0,0,0,7
249002,0.0,0,0,3
249002,0.0,0,0,21
249002,0.0,0,0,11
249002,0.0,0,0,35
249002,0.0,0,0,0
249002,0.0,0,0,1
249002,0.0,0,0,3
249002,0.0,0,0,11
249002,0.0,0,0,17
249002,0.0,0,0,261
249002,0.0,0,0,97
249002,0.0,0,0,109
249002,0.0,0,0,8
249002,0.0,0,0,5
250001,0.0,0,0,0
250001,0.0,0,0,37
250001,0.0,0,0,9
250001,0.0,0,0,26
250001,0.0,0,0,0
250001,0.0,0,0,12
250001,0.0,0,0,90
250001,0.0,0,0,0
250001,0.0,0,0,6
250001,0.0,0,0,18
250001,0.0,0,0,7
250001,0.0,0,0,0
250001,0.0,0,0,41
250001,0.0,0,0,31
250002,0.0,0,0,27
250002,0.0,0,0,29
250002,0.0,0,0,0
250002,0.0,0,0,6
250002,0.0,0,0,16
250002,0.0,0,0,204
250002,0.000984251968503937,1,1,31
250002,0.0,0,0,70
251001,0.0,0,0,21
251001,0.0,0,0,15
251001,0.0,0,0,47
251001,0.0,0,0,10
251001,0.0,0,0,4
251001,0.0,0,0,75
251002,0.0,0,0,56
251002,0.0,0,0,0
251002,0.0,0,0,44
251002,0.0,0,0,65
251002,0.0,0,0,0
251002,0.0,0,0,10
251002,0.0,0,0,4
251002,0.0,0,0,90
252000,0.0,0,0,3
252000,0.0,0,0,0
252000,0.0,0,0,11
252000,0.009129213483146067,1,13,161
252000,0.0,0,0,5
252000,0.0,0,0,0
252001,0.0,0,0,49
252001,0.0,0,0,18
252001,0.0,0,0,2
252001,0.0,0,0,21
252001,0.0,0,0,9
252001,0.0,0,0,7
252001,0.0,0,0,3
252001,0.0,0,0,12
252001,0.0,0,0,14
252001,0.0,0,0,17
252001,0.0,0,0,11
252001,0.0,0,0,16
252001,0.0,0,0,16
252002,0.0,0,0,14
252002,0.0,0,0,5
252002,0.0,0,0,2
252002,0.0,0,0,5
252002,0.0,0,0,3
252002,0.0,0,0,1
252002,0.0,0,0,36
252002,0.0,0,0,12
252002,0.0,0,0,0
252002,0.0,0,0,1
252002,0.0007347538574577516,1,1,82
252002,0.0,0,0,3
252002,0.0,0,0,0
252002,0.0,0,0,93
253001,0.0549618320610687,1,36,60
253001,0.0,0,0,28
253001,0.0,0,0,8
253001,0.0,0,0,3
253001,0.0,0,0,5
253001,0.0,0,0,23
253001,0.0,0,0,16
253001,0.0,0,0,28
253002,0.0,0,0,26
253002,0.0,0,0,1
253002,0.0,0,0,54
253002,0.0,0,0,59
253002,0.0,0,0,170
253002,0.0,0,0,5
253002,0.0,0,0,3
253003,0.01500115393491807,1,65,343
253003,0.008620689655172414,1,1,1
253003,0.0,0,0,21
253003,0.00853658536585366,1,14,77
253003,0.0,0,0,11
253004,0.0,0,0,0
253004,0.0010204081632653062,1,1,54
253004,0.0,0,0,3
253004,0.0,0,0,22
253004,0.0,0,0,1
253004,0.005357142857142857,1,3,34
253004,0.0,0,0,9
253004,0.0,0,0,9
253004,0.004514672686230248,1,2,34
254001,0.0,0,0,4
254001,0.0,0,0,2
254001,0.004560260586319218,1,7,45
254001,0.0072992700729927005,1,35,368
254001,0.0,0,0,2
254001,0.0,0,0,10
254001,0.0,0,0,13
254001,0.0,0,0,9
254001,0.0,0,0,2
254001,0.0,0,0,24
254001,0.0,0,0,6
255001,0.0,0,0,27
255001,0.0,0,0,4
255001,0.0,0,0,1
255001,0.0,0,0,25
255001,0.0,0,0,2
255001,0.0,0,0,232
255001,0.0,0,0,180
255001,0.0,0,0,12
255001,0.0,0,0,10
255001,0.0,0,0,11
255001,0.0,0,0,20
255001,0.0,0,0,27
255001,0.0,0,0,0
255001,0.0,0,0,3
255001,0.0,0,0,6
256001,0.0,0,0,21
256001,0.0,0,0,3
256001,0.0,0,0,2
256001,0.0,0,0,4
256001,0.0,0,0,36
256001,0.0,0,0,8
256001,0.0,0,0,3
256001,0.0,0,0,10
256001,0.0,0,0,0
256001,0.0,0,0,2
256001,0.0,0,0,4
256001,0.0,0,0,18
256001,0.0,0,0,7
256002,0.001736111111111111,1,1,38
256002,0.0,0,0,1
256002,0.0,0,0,29
256002,0.0,0,0,0
256002,0.0,0,0,14
256002,0.0,0,0,34
256002,0.0,0,0,18
256002,0.0009025270758122744,1,1,72
256002,0.0,0,0,39
256002,0.0,0,0,5
256003,0.03984575835475578,1,62,114
256003,0.0,0,0,2
256003,0.0,0,0,3
256003,0.0008547008547008547,1,1,51
256003,0.0,0,0,10
256003,0.002952755905511811,1,3,48
256003,0.0,0,0,18
256004,0.0,0,0,167
256004,0.001544998068752414,1,4,407
256004,0.0005665722379603399,1,1,129
257001,0.012658227848101266,1,1,4
257001,0.037695891571368066,1,178,450
257001,0.0017482517482517483,1,2,61
257001,0.012539184952978056,1,4,25
257001,0.0,0,0,2
257002,0.07966260543580131,1,85,132
257002,0.10070882813219184,1,1094,1595
258000,0.07816229116945107,1,262,559
258001,0.0,0,0,19
258001,0.055782312925170066,1,41,64
258001,0.04804804804804805,1,32,60
258001,0.10011918951132301,1,84,121
258001,0.055357142857142855,1,93,131
258001,0.0,0,0,0
258001,0.03793103448275862,1,11,43
258001,0.002564102564102564,1,1,20
258001,0.017361111111111112,1,5,11
258002,0.0,0,0,10
258002,0.08605549701440113,1,245,285
258002,0.0,0,0,15
259001,0.029411764705882353,1,11,15
259001,0.08878048780487804,1,91,111
259001,0.07782369146005509,1,113,139
259002,0.0023584905660377358,1,2,23
259002,0.010509296685529508,1,13,49
259002,0.0,0,0,3
259002,0.0,0,0,1
259002,0.0,0,0,39
259002,0.0,0,0,11
259002,0.0,0,0,17
259003,0.09990791896869244,1,217,246
259003,0.06830985915492958,1,97,155
259003,0.07775551102204409,1,194,341
260000,0.0,0,0,7
260001,0.008675534991324466,1,15,141
260001,0.0,0,0,5
260001,0.0011447260834014717,1,7,465
260002,0.0,0,0,8
260002,0.0,0,0,6
260002,0.04055087987758225,1,53,100
260002,0.0,0,0,1
260002,0.0015117157974300832,1,2,65
260002,0.0,0,0,1
260002,0.0023584905660377358,1,2,45
260003,0.0,0,0,8
260003,0.0,0,0,12
260003,0.0,0,0,11
260003,0.0,0,0,14
260003,0.0,0,0,22
260003,0.024787535410764873,1,35,95
260003,0.0,0,0,8
260003,0.07446808510638298,1,21,23
260003,0.0,0,0,2
260003,0.0,0,0,14
260003,0.0,0,0,0
260003,0.07228915662650602,1,18,21
261001,0.0,0,0,11
261001,0.0,0,0,3
261001,0.0,0,0,20
261001,0.0,0,0,10
261001,0.0,0,0,5
261001,0.0,0,0,2
261001,0.0,0,0,2
261001,0.0,0,0,3
261001,0.0,0,0,12
261001,0.0,0,0,30
261001,0.0,0,0,15
261001,0.0,0,0,8
261001,0.0,0,0,36
261001,0.0,0,0,11
261001,0.0,0,0,25
261001,0.0,0,0,19
261002,0.0,0,0,56
261002,0.0,0,0,18
261002,0.0,0,0,32
261002,0.0,0,0,13
261002,0.0,0,0,7
261002,0.0,0,0,14
261002,0.0,0,0,105
261002,0.0,0,0,21
262001,0.0,0,0,20
262001,0.0,0,0,3
262001,0.0,0,0,1
262001,0.0,0,0,0
262001,0.0,0,0,42
262001,0.0,0,0,12
262001,0.0,0,0,4
262002,0.0,0,0,55
262002,0.0,0,0,10
262002,0.0,0,0,27
262002,0.0,0,0,23
262002,0.0,0,0,12
262002,0.0,0,0,2
262002,0.0,0,0,2
262002,0.0,0,0,13
262003,0.0,0,0,2
262003,0.0,0,0,3
262003,0.0,0,0,4
262003,0.0,0,0,1
262003,0.0,0,0,7
262003,0.0,0,0,13
262003,0.0,0,0,0
262003,0.0,0,0,1
262003,0.0,0,0,3
262003,0.00823045267489712,1,2,8
262003,0.0,0,0,4
263001,0.0,0,0,29
263001,0.0,0,0,2
263001,0.0,0,0,8
263001,0.0,0,0,3
263001,0.0,0,0,6
263001,0.0,0,0,5
263001,0.0,0,0,0
263001,0.0,0,0,14
263001,0.0,0,0,59
263001,0.0,0,0,52
263002,0.0,0,0,4
263002,0.0,0,0,18
263002,0.0,0,0,197
263002,0.0,0,0,6
263002,0.0,0,0,8
263002,0.0,0,0,1
263002,0.0,0,0,0
263003,0.007159904534606206,1,6,46
263003,0.0,0,0,82
263003,0.0,0,0,11
263003,0.0,0,0,10
263003,0.0038240917782026767,1,2,23
263003,0.0,0,0,15
263003,0.0,0,0,7
264001,0.0,0,0,240
264001,0.003035559410234172,1,14,455
264001,0.00042301184433164127,1,1,293
265001,0.0,0,0,5
265001,0.0,0,0,10
265001,0.005825242718446602,1,3,18
265001,0.0,0,0,0
265001,0.0,0,0,25
265001,0.0,0,0,10
265001,0.0017699115044247787,1,1,13
265001,0.0,0,0,16
265001,0.020030045067601403,1,40,214
265001,0.0021008403361344537,1,1,20
265001,0.0,0,0,16
265002,0.0,0,0,22
265002,0.0,0,0,1
265002,0.0,0,0,14
265002,0.0,0,0,19
265002,0.0,0,0,19
265002,0.03341288782816229,1,14,24
265002,0.0,0,0,8
265002,0.0,0,0,24
265002,0.0,0,0,8
265002,0.0,0,0,0
265002,0.0,0,0,29
265002,0.0,0,0,0
266001,0.0,0,0,0
266001,0.0,0,0,8
266001,0.0,0,0,33
266001,0.0,0,0,68
266001,0.0,0,0,14
266001,0.0,0,0,10
266002,0.0,0,0,7
266002,0.0,0,0,10
266002,0.0,0,0,9
266002,0.0,0,0,81
266003,0.0,0,0,0
266003,0.0,0,0,4
266003,0.0,0,0,1
266003,0.0,0,0,26
266003,0.0,0,0,12
266003,0.0,0,0,71
266003,0.0,0,0,6
266003,0.0,0,0,12
267001,0.01728395061728395,1,14,99
267001,0.006600660066006601,1,2,15
267001,0.0,0,0,8
267001,0.0,0,0,37
267001,0.0,0,0,17
267001,0.0,0,0,48
267001,0.0,0,0,6
267001,0.0,0,0,25
267001,0.004723346828609987,1,7,116
267001,0.0,0,0,0
267001,0.0,0,0,1
267001,0.07323232323232323,1,29,40
267001,0.0,0,0,17
267001,0.00558659217877095,1,4,42
267001,0.0,0,0,0
267001,0.052941176470588235,1,27,67
268001,0.0,0,0,23
268001,0.0,0,0,42
268001,0.0,0,0,11
268001,0.0,0,0,182
268001,0.0,0,0,55
268001,0.0008976660682226212,1,1,113
268002,0.0,0,0,3
268002,0.0,0,0,20
268002,0.0,0,0,18
268002,0.0,0,0,16
268002,0.0,0,0,26
268002,0.0,0,0,0
268002,0.0,0,0,12
268002,0.0,0,0,7
268002,0.0,0,0,4
268002,0.0,0,0,2
268003,0.00873015873015873,1,22,155
268003,0.0,0,0,32
268003,0.0,0,0,21
268003,0.0,0,0,9
268003,0.0,0,0,3
269001,0.0,0,0,16
269001,0.0,0,0,5
269001,0.0,0,0,3
269001,0.0,0,0,12
269001,0.0,0,0,81
269001,0.0008326394671107411,1,1,87
269001,0.0,0,0,0
269001,0.0,0,0,4
269001,0.0,0,0,5
269002,0.0,0,0,7
269002,0.0,0,0,36
269002,0.0,0,0,4
269002,0.0,0,0,0
269002,0.0,0,0,34
269002,0.0,0,0,11
269002,0.0,0,0,7
269002,0.0,0,0,4
269002,0.0,0,0,51
269002,0.0,0,0,32
269002,0.0,0,0,2
269002,0.0016384489350081922,1,3,128
269002,0.0,0,0,2
270001,0.0,0,0,0
270001,0.0,0,0,2
270001,0.0,0,0,15
270001,0.0,0,0,24
270001,0.0,0,0,4
270001,0.0,0,0,22
270001,0.006389776357827476,1,2,21
270001,0.0,0,0,26
270001,0.0,0,0,31
270001,0.0,0,0,18
270001,0.0,0,0,0
270001,0.0,0,0,1
270001,0.0,0,0,0
270001,0.0,0,0,23
270001,0.0,0,0,16
270001,0.0,0,0,11
270002,0.0,0,0,343
270002,0.0,0,0,27
270002,0.0,0,0,4
270002,0.0,0,0,14
270002,0.0,0,0,0
270002,0.0,0,0,33
270002,0.0,0,0,2
270002,0.0,0,0,14
270002,0.0,0,0,0
270002,0.003367003367003367,1,2,36
270002,0.0,0,0,0
270002,0.0,0,0,23
270002,0.0,0,0,9
270002,0.0,0,0,15
270002,0.0,0,0,2
270002,0.0,0,0,11
270002,0.0,0,0,0
270002,0.0,0,0,6
271001,0.0,0,0,2
271001,0.0,0,0,87
271001,0.0,0,0,7
271001,0.0,0,0,12
271001,0.0,0,0,2
271001,0.0,0,0,17
271001,0.0,0,0,1
271001,0.0,0,0,39
271001,0.0,0,0,15
271001,0.0,0,0,0
271001,0.0,0,0,12
271001,0.0,0,0,7
271001,0.0,0,0,0
271001,0.0,0,0,11
271001,0.0,0,0,4
271002,0.0,0,0,4
271002,0.0,0,0,36
271002,0.0,0,0,7
271002,0.0,0,0,2
271002,0.0,0,0,46
271002,0.0,0,0,3
271002,0.0,0,0,33
271003,0.0,0,0,22
271003,0.0,0,0,20
271003,0.0,0,0,55
271003,0.0,0,0,10
271003,0.0,0,0,44
271003,0.0,0,0,171
272001,0.0,0,0,37
272001,0.0,0,0,31
272002,0.0,0,0,66
272002,0.0,0,0,40
272002,0.0015482272797646694,1,10,645
272003,0.0,0,0,20
272003,0.0,0,0,34
272003,0.0019801980198019802,1,1,12
273001,0.0,0,0,35
273001,0.0,0,0,12
273001,0.0,0,0,75
273001,0.0,0,0,2
273002,0.0,0,0,0
273002,0.0,0,0,0
273002,0.0,0,0,59
273002,0.0,0,0,3
273002,0.0,0,0,8
273002,0.0,0,0,2
273003,0.0,0,0,9
273003,0.0,0,0,0
273003,0.0,0,0,0
273003,0.0,0,0,8
273003,0.0,0,0,13
273003,0.0,0,0,13
273003,0.0,0,0,15
273003,0.0,0,0,12
273003,0.0,0,0,3
273003,0.0,0,0,52
273003,0.0,0,0,60
273003,0.0,0,0,43
273003,0.0,0,0,27
273003,0.0,0,0,34
273004,0.0,0,0,5
273004,0.0,0,0,41
273004,0.0,0,0,3
273004,0.0,0,0,4
273004,0.0,0,0,40
273004,0.0,0,0,13
273004,0.0,0,0,6
273004,0.0,0,0,0
273004,0.0,0,0,55
274001,0.0,0,0,4
274001,0.0,0,0,15
274001,0.0,0,0,2
274001,0.0,0,0,13
274001,0.0,0,0,3
274001,0.0,0,0,0
274001,0.0,0,0,17
274001,0.0,0,0,19
274001,0.0,0,0,30
274001,0.0,0,0,44
274002,0.0,0,0,22
274002,0.0,0,0,2
274002,0.0003901677721420211,1,2,457
274002,0.0,0,0,390
274002,0.0,0,0,43
274003,0.0,0,0,62
274004,0.0,0,0,58
274004,0.0,0,0,8
274004,0.0,0,0,36
275001,0.0,0,0,0
275001,0.0,0,0,65
275001,0.0,0,0,150
275001,0.0,0,0,118
275001,0.00935960591133005,1,19,144
275001,0.0,0,0,0
275001,0.0,0,0,8
275001,0.0,0,0,0
275001,0.0,0,0,0
275001,0.0,0,0,0
275002,0.0,0,0,1
275002,0.0,0,0,30
275002,0.0,0,0,0
275002,0.0,0,0,21
275002,0.0,0,0,7
275002,0.0,0,0,16
275002,0.0,0,0,59
275002,0.0,0,0,7
275002,0.0,0,0,3
275002,0.0,0,0,6
275002,0.0,0,0,2
275002,0.0,0,0,0
275003,0.0,0,0,5
275003,0.0,0,0,2
275003,0.0,0,0,46
275003,0.0,0,0,1
275003,0.0,0,0,0
275003,0.0,0,0,0
275003,0.0,0,0,17
275003,0.0,0,0,12
275003,0.0,0,0,0
275003,0.0,0,0,9
275003,0.007434944237918215,1,4,27
275003,0.0,0,0,20
275003,0.0,0,0,0
275003,0.0,0,0,6
275003,0.0,0,0,16
275003,0.0,0,0,0
275003,0.0,0,0,4
275003,0.0,0,0,8
275003,0.0,0,0,21
275004,0.0,0,0,6
275004,0.0,0,0,6
275004,0.0,0,0,5
275004,0.0,0,0,29
275004,0.0,0,0,26
275004,0.0,0,0,102
275004,0.0,0,0,1
275004,0.0,0,0,9
275004,0.0,0,0,4
275004,0.0,0,0,9
275004,0.0,0,0,4
275004,0.0,0,0,1
275004,0.0,0,0,12
275004,0.0,0,0,4
275004,0.0,0,0,3
275004,0.0,0,0,8
275004,0.0,0,0,2
275004,0.0,0,0,30
275004,0.0,0,0,6
275004,0.0,0,0,5
275004,0.0,0,0,22
275004,0.0,0,0,2
275004,0.0,0,0,15
276001,0.0,0,0,0
276001,0.010752688172043012,1,2,15
276001,0.0,0,0,17
276001,0.0,0,0,3
276001,0.0,0,0,15
276001,0.0035587188612099642,1,1,10
276001,0.0,0,0,0
276001,0.0,0,0,23
276001,0.0,0,0,0
276001,0.0,0,0,1
276001,0.0,0,0,4
276001,0.0,0,0,1
276001,0.0,0,0,9
276001,0.0,0,0,2
276001,0.0,0,0,14
276001,0.0,0,0,38
276002,0.008588957055214725,1,35,559
276003,0.0016806722689075631,1,1,50
276003,0.0,0,0,4
276003,0.0,0,0,0
276003,0.00963855421686747,1,4,30
276003,0.0,0,0,0
276003,0.0,0,0,2
276003,0.0,0,0,2
276003,0.0,0,0,14
276003,0.0,0,0,15
276003,0.012048192771084338,1,1,5
276003,0.0,0,0,4
276003,0.0,0,0,11
276003,0.0,0,0,11
276003,0.0,0,0,20
277001,0.0,0,0,0
277001,0.0,0,0,0
277001,0.0,0,0,16
277001,0.0,0,0,50
277001,0.0018050541516245488,1,1,29
277001,0.018421052631578946,1,7,28
277001,0.0,0,0,2
277001,0.0,0,0,51
277001,0.0,0,0,0
277002,0.0,0,0,7
277002,0.0,0,0,25
277002,0.0,0,0,19
277002,0.0,0,0,36
277002,0.016129032258064516,1,2,3
277003,0.0,0,0,1
277003,0.009554140127388535,1,15,73
277003,0.007662835249042145,1,2,11
277003,0.0,0,0,22
277003,0.0020597322348094747,1,4,49
277003,0.0,0,0,5
277003,0.028960817717206135,1,17,39
277004,0.02931266846361186,1,87,339
277004,0.007434944237918215,1,2,10
277004,0.0,0,0,0
277004,0.001953125,1,2,66
277004,0.0,0,0,0
278001,0.0,0,0,6
278001,0.0,0,0,35
278001,0.02247191011235955,1,24,59
278001,0.0,0,0,0
278001,0.0,0,0,25
278001,0.0,0,0,41
278001,0.0,0,0,17
278001,0.0,0,0,20
278001,0.0,0,0,0
278001,0.0,0,0,3
278002,0.045384615384615384,1,59,182
278002,0.011787819253438114,1,12,74
278002,0.061291843470061294,1,260,478
278002,0.0,0,0,0
278002,0.0011933174224343676,1,1,37
278002,0.0,0,0,2
278002,0.0,0,0,81
278002,0.0,0,0,43
278002,0.0,0,0,14
279001,0.004143646408839779,1,3,37
279001,0.01411674933231591,1,37,257
279001,0.0020512820512820513,1,2,55
279002,0.0003677822728944465,1,1,169
279002,0.0,0,0,5
279002,0.0,0,0,37
279002,0.02631578947368421,1,15,30
279002,0.0,0,0,64
279002,0.06329113924050633,1,20,34
279003,0.0,0,0,78
279003,0.0,0,0,30
279003,0.0,0,0,39
279003,0.0,0,0,78
279004,0.0,0,0,16
279004,0.0,0,0,41
279004,0.0,0,0,164
279004,0.0,0,0,16
279004,0.0,0,0,0
279004,0.0,0,0,42
279004,0.0,0,0,30
280001,0.0,0,0,25
280001,0.0,0,0,48
280001,0.0,0,0,32
280001,0.0,0,0,7
280001,0.0,0,0,10
280001,0.0,0,0,3
280001,0.0,0,0,15
280001,0.0,0,0,12
280001,0.0,0,0,26
280001,0.0,0,0,389
280001,0.0,0,0,7
280001,0.0,0,0,7
280001,0.0,0,0,19
280001,0.0,0,0,6
280001,0.0,0,0,17
280001,0.0,0,0,5
280001,0.0,0,0,52
280001,0.0,0,0,14
280002,0.0,0,0,13
280002,0.0,0,0,4
280002,0.0002598077422707197,1,1,258
280002,0.0,0,0,19
280002,0.0,0,0,19
280002,0.0,0,0,18
280002,0.0,0,0,120
280002,0.0,0,0,265
280002,0.0,0,0,19
280002,0.0,0,0,0
281001,0.0,0,0,9
281001,0.0,0,0,186
281001,0.0,0,0,34
281001,0.0,0,0,1
281001,0.0,0,0,68
281002,0.0,0,0,188
281002,0.0,0,0,66
281002,0.0,0,0,64
281003,0.0,0,0,19
281003,0.0,0,0,13
281003,0.00510204081632653,1,3,47
281003,0.0,0,0,28
281003,0.0,0,0,62
281004,0.0,0,0,89
281004,0.0,0,0,7
281004,0.0,0,0,5
281004,0.0,0,0,27
281005,0.0,0,0,17
281005,0.0,0,0,19
281005,0.0,0,0,2
281005,0.0,0,0,21
281005,0.0,0,0,258
281006,0.0,0,0,38
281006,0.0,0,0,13
281006,0.0021413276231263384,1,1,18
281006,0.0,0,0,0
281006,0.0,0,0,26
281006,0.0,0,0,12
281006,0.0,0,0,16
281006,0.0,0,0,26
281006,0.0,0,0,1
281007,0.0,0,0,20
281007,0.007137758743754461,1,30,591
281007,0.0,0,0,20
281007,0.0,0,0,17
281008,0.0,0,0,59
281008,0.0,0,0,10
281008,0.0,0,0,29
281008,0.0,0,0,2
281008,0.0,0,0,47
281008,0.0,0,0,3
281008,0.0,0,0,32
281009,0.0,0,0,9
281009,0.0,0,0,12
281009,0.0,0,0,24
281009,0.0,0,0,4
281010,0.0,0,0,15
281010,0.0,0,0,36
281010,0.0,0,0,41
281010,0.0,0,0,176
281010,0.0,0,0,22
281010,0.0,0,0,12
282001,0.0,0,0,78
282001,0.0,0,0,46
282001,0.0011376564277588168,1,4,483
282001,0.0013632232656770676,1,9,402
282001,0.0,0,0,292
282002,0.0,0,0,130
282002,0.0,0,0,58
282002,0.0,0,0,0
282002,0.000649772579597141,1,2,216
282002,0.026920551543007223,1,41,162
282002,0.0,0,0,169
282002,0.0,0,0,103
282002,0.0,0,0,87
282002,0.0,0,0,100
282002,0.0,0,0,117
282002,0.0,0,0,180
282002,0.001037344398340249,1,1,140
282002,0.0,0,0,67
282002,0.0,0,0,75
282002,0.0,0,0,44
282002,0.002074688796680498,1,1,55
283001,0.0,0,0,225
283001,0.0,0,0,145
283001,0.0,0,0,72
283001,0.0,0,0,269
283002,0.0,0,0,40
283002,0.0,0,0,87
283002,0.007901668129938543,1,18,212
283002,0.0,0,0,25
283002,0.0,0,0,19
283002,0.0,0,0,7
283003,0.0016420361247947454,1,1,26
283003,0.0,0,0,9
283003,0.0,0,0,7
283003,0.0,0,0,136
283004,0.031212484993997598,1,130,351
283004,0.002849002849002849,1,1,13
283004,0.0,0,0,81
283004,0.0,0,0,1
283004,0.0,0,0,36
283004,0.0,0,0,31
283004,0.0,0,0,2
283005,0.0,0,0,28
283005,0.0,0,0,19
283005,0.0,0,0,22
283005,0.0,0,0,1
283005,0.0009017132551848512,1,1,103
283005,0.0,0,0,52
283005,0.0,0,0,37
283005,0.0009115770282588879,1,2,297
283005,0.0,0,0,8
283005,0.0,0,0,0
283005,0.0,0,0,5
283005,0.0,0,0,4
283006,0.0,0,0,12
283006,0.0,0,0,9
283006,0.0,0,0,49
283006,0.0,0,0,77
283006,0.0,0,0,18
283006,0.0,0,0,282
284001,0.0,0,0,13
284001,0.0,0,0,143
284001,0.0,0,0,40
284002,0.0,0,0,216
284002,0.0,0,0,55
284003,0.0,0,0,104
284003,0.0,0,0,387
284003,0.0,0,0,76
284003,0.0,0,0,11
284003,0.0008025682182985554,1,1,84
284004,0.0,0,0,13
284004,0.0,0,0,79
284004,0.0,0,0,14
284004,0.0,0,0,9
284004,0.0,0,0,328
284005,0.0408997955010225,1,100,261
284005,0.05244122965641953,1,29,33
284005,0.0,0,0,14
284005,0.0,0,0,46
284006,0.0,0,0,60
284006,0.0,0,0,36
284006,0.0,0,0,28
284006,0.0,0,0,65
284007,0.007054673721340388,1,4,37
284007,0.0,0,0,16
284007,0.013257575757575758,1,21,115
284007,0.0,0,0,5
284007,0.0,0,0,25
285001,0.0,0,0,76
285001,0.0,0,0,39
285001,0.0,0,0,32
285002,0.0015527950310559005,1,1,22
285002,0.0,0,0,22
285002,0.0,0,0,23
285002,0.0,0,0,16
285002,0.0,0,0,20
285002,0.0,0,0,65
285003,0.0,0,0,39
285003,0.0,0,0,7
285003,0.0,0,0,9
285003,0.0,0,0,62
285003,0.0,0,0,15
285003,0.0,0,0,12
285004,0.0,0,0,16
285004,0.0,0,0,0
285004,0.004816955684007707,1,5,110
285004,0.0006305170239596469,1,1,195
285004,0.0,0,0,46
285004,0.0,0,0,8
285005,0.0,0,0,47
285005,0.0,0,0,22
285005,0.0,0,0,18
285005,0.0014177693761814746,1,3,159
285005,0.0,0,0,7
286001,0.0,0,0,34
286001,0.003399048266485384,1,5,85
286001,0.0,0,0,55
286001,0.0,0,0,25
286001,0.0,0,0,136
286001,0.0,0,0,10
286001,0.0,0,0,13
286001,0.0,0,0,78
286002,0.0,0,0,11
286002,0.0,0,0,17
286002,0.0,0,0,2
286002,0.0,0,0,54
286002,0.0,0,0,54
286002,0.0,0,0,6
286002,0.0,0,0,55
286002,0.0,0,0,99
286002,0.0,0,0,13
286002,0.0,0,0,37
286002,0.0,0,0,5
287001,0.0018038701213512628,1,22,1079
287002,0.0014297818258843466,1,27,1760
288001,0.0007313760317626162,1,7,800
289003,0.0,0,0,3495
290001,0.0,0,0,64
290001,0.0,0,0,62
290001,0.0,0,0,8
290001,0.0,0,0,4
290001,0.01366120218579235,1,5,37
290001,0.0,0,0,6
290001,0.0,0,0,40
290002,0.0,0,0,10
290002,0.0001785076758300607,1,1,308
290002,0.0,0,0,15
290003,0.0,0,0,5
290003,0.0,0,0,36
290003,0.0,0,0,18
290003,0.0,0,0,21
290003,0.0,0,0,56
290003,0.0,0,0,12
290004,0.0,0,0,5
290004,0.0,0,0,7
290004,0.0,0,0,6
290004,0.0,0,0,8
290004,0.0,0,0,17
290004,0.0,0,0,67
290004,0.0,0,0,11
290004,0.0,0,0,43
290004,0.0,0,0,16
291001,0.0,0,0,0
291001,0.0,0,0,13
291001,0.0,0,0,14
291001,0.0,0,0,18
291001,0.0,0,0,38
291002,0.0037359900373599006,1,6,86
291002,0.0,0,0,12
291002,0.0,0,0,22
291002,0.0,0,0,10
291002,0.0,0,0,6
291002,0.0,0,0,8
291002,0.0,0,0,6
291003,0.014563106796116505,1,3,5
291003,0.0011025358324145535,1,1,43
291003,0.0,0,0,163
291003,0.0,0,0,9
291003,0.0,0,0,89
291004,0.020342612419700215,1,38,92
291004,0.0,0,0,16
291004,0.0,0,0,0
291004,0.0,0,0,16
291005,0.0,0,0,7
291005,0.0,0,0,7
291005,0.0,0,0,26
291005,0.0,0,0,0
291005,0.01314708299096138,1,16,52
291005,0.0,0,0,9
291005,0.011185682326621925,1,20,174
292001,0.0,0,0,2
292001,0.0,0,0,36
292001,0.0,0,0,8
292001,0.0,0,0,5
292001,0.0,0,0,53
292001,0.000998502246630055,1,2,132
292001,0.0,0,0,3
292001,0.0,0,0,6
292001,0.0,0,0,14
292001,0.0,0,0,3
292002,0.0,0,0,72
292002,0.0,0,0,32
292002,0.0,0,0,0
292002,0.0,0,0,32
292002,0.0,0,0,13
292002,0.0,0,0,5
292002,0.0,0,0,0
292002,0.0,0,0,36
292003,0.0,0,0,41
292003,0.0005382131324004305,1,1,291
292003,0.0,0,0,257
292003,0.0,0,0,16
292003,0.0,0,0,1
292003,0.003727865796831314,1,4,119
292003,0.0,0,0,12
292003,0.0,0,0,2
292003,0.0,0,0,4
292004,0.0,0,0,54
292004,0.0,0,0,44
292004,0.0,0,0,13
292004,0.0,0,0,6
292004,0.0,0,0,96
292004,0.0,0,0,24
292004,0.0,0,0,3
292004,0.0,0,0,10
292004,0.0,0,0,9
293001,0.0,0,0,20
293001,0.0,0,0,122
293001,0.0,0,0,9
293001,0.0,0,0,13
293001,0.0,0,0,94
293001,0.0006872852233676976,1,1,104
293002,0.0,0,0,11
293002,0.06530291109362707,1,249,539
293002,0.0014970059880239522,1,2,93
293003,0.0018337408312958435,1,3,77
293003,0.0,0,0,57
293003,0.001440922190201729,1,3,183
293003,0.0,0,0,12
293003,0.0,0,0,3
293003,0.0,0,0,19
293004,0.0,0,0,17
293004,0.0,0,0,21
293004,0.001893939393939394,1,1,9
293004,0.0,0,0,12
293004,0.007251153592617007,1,55,1103
293005,0.0,0,0,2
293005,0.0,0,0,16
293005,0.0,0,0,5
293005,0.0,0,0,24
293005,0.0,0,0,17
293005,0.0,0,0,11
293005,0.0,0,0,17
293006,0.004589495155532891,1,9,148
293006,0.0,0,0,6
293006,0.0,0,0,12
293006,0.0,0,0,4
293006,0.0,0,0,14
293007,0.0,0,0,35
293007,0.0,0,0,12
293007,0.0023346303501945525,1,3,93
293007,0.0,0,0,19
293007,0.0,0,0,1
293007,0.0,0,0,16
293007,0.0,0,0,3
293007,0.0,0,0,17
293007,0.0,0,0,9
293007,0.0,0,0,13
293007,0.0,0,0,22
293007,0.0,0,0,11
294001,0.0,0,0,11
294001,0.0,0,0,6
294001,0.0,0,0,65
294001,0.0,0,0,1
294001,0.0,0,0,18
294001,0.0,0,0,17
294001,0.0,0,0,26
294001,0.0,0,0,19
294001,0.0,0,0,11
294001,0.0,0,0,53
294002,0.0,0,0,20
294002,0.0,0,0,0
294002,0.0,0,0,115
294002,0.0,0,0,10
294002,0.0,0,0,26
294002,0.0,0,0,14
294002,0.0,0,0,6
294002,0.0,0,0,0
294002,0.0,0,0,3
294002,0.0,0,0,6
294002,0.0,0,0,7
294003,0.0,0,0,4
294003,0.0,0,0,9
294003,0.0,0,0,15
294003,0.0,0,0,97
294003,0.0,0,0,10
294003,0.017036654620547237,1,33,132
294003,0.017511761630946157,1,67,210
294003,0.0,0,0,1
295001,0.012573099415204679,1,86,767
295001,0.0,0,0,11
295001,0.0,0,0,34
295001,0.0,0,0,83
295002,0.0,0,0,10
295002,0.0,0,0,12
295002,0.0,0,0,3
295002,0.0,0,0,10
295002,0.0,0,0,38
295002,0.0,0,0,2
295002,0.0,0,0,16
295002,0.0,0,0,4
295003,0.0,0,0,10
295003,0.0,0,0,25
295003,0.0,0,0,45
295003,0.0,0,0,11
295003,0.0,0,0,3
295003,0.0,0,0,24
295003,0.0,0,0,6
295004,0.0,0,0,34
295004,0.0,0,0,0
295004,0.0,0,0,14
295004,0.0,0,0,21
295004,0.0,0,0,325
295005,0.0,0,0,1
295005,0.0,0,0,101
295005,0.0,0,0,39
295005,0.0017064846416382253,1,1,22
295005,0.0,0,0,63
295005,0.0,0,0,7
295005,0.010445299615173173,1,19,161
295006,0.0,0,0,32
295006,0.0,0,0,63
295006,0.0,0,0,40
295006,0.0,0,0,7
295006,0.0,0,0,20
295006,0.0,0,0,27
295006,0.0,0,0,9
295006,0.0,0,0,49
296001,0.0,0,0,7
296001,0.0,0,0,19
296001,0.0,0,0,40
296001,0.0,0,0,34
296001,0.0,0,0,13
296002,0.0,0,0,48
296002,0.0,0,0,3
296002,0.0,0,0,72
296003,0.0,0,0,21
296003,0.0,0,0,52
296003,0.0,0,0,3
296003,0.0,0,0,36
296003,0.0,0,0,21
296004,0.0,0,0,8
296004,0.0,0,0,26
296004,0.0,0,0,16
296004,0.0,0,0,34
296004,0.0,0,0,27
296005,0.0,0,0,18
296005,0.0,0,0,10
296005,0.020691884901390237,1,64,271
296005,0.0,0,0,20
296005,0.009140767824497258,1,5,20
297001,0.0,0,0,316
297001,0.0,0,0,5
297002,0.0,0,0,10
297002,0.0,0,0,25
297002,0.0,0,0,109
297003,0.0,0,0,19
297003,0.0,0,0,46
297003,0.0,0,0,12
297003,0.0,0,0,34
297004,0.0,0,0,41
297004,0.0,0,0,102
297004,0.0,0,0,7
297004,0.0,0,0,12
297005,0.0,0,0,21
297005,0.0,0,0,8
297005,0.0,0,0,8
297005,0.0,0,0,2
297005,0.0,0,0,8
298001,0.0,0,0,0
298001,0.0,0,0,27
298001,0.0,0,0,3
298001,0.0,0,0,13
298002,0.0,0,0,0
298002,0.0,0,0,72
298002,0.0,0,0,8
298002,0.0,0,0,19
298003,0.0,0,0,38
298003,0.0,0,0,22
298003,0.0,0,0,6
298003,0.0,0,0,4
298004,0.0,0,0,31
298004,0.0,0,0,16
298004,0.0,0,0,17
298004,0.0,0,0,3
298004,0.0,0,0,2
298005,0.0,0,0,6
298005,0.0,0,0,13
298005,0.0,0,0,20
298005,0.0,0,0,2
298005,0.0,0,0,13
298005,0.0,0,0,6
299001,0.0,0,0,77
299001,0.0,0,0,37
299002,0.0,0,0,14
299002,0.0,0,0,32
299002,0.0,0,0,10
299002,0.0,0,0,115
299003,0.0,0,0,17
299003,0.0,0,0,20
299003,0.0,0,0,18
299003,0.0,0,0,30
299003,0.0,0,0,15
300001,0.0,0,0,56
300001,0.0,0,0,5
300001,0.0,0,0,0
300001,0.0,0,0,50
300001,0.0,0,0,5
300001,0.0,0,0,25
300001,0.0,0,0,3
300002,0.0,0,0,6
300002,0.0,0,0,21
300002,0.005886681383370125,1,8,86
300002,0.0,0,0,2
300002,0.0,0,0,6
300002,0.0,0,0,5
300002,0.0,0,0,63
301001,0.0,0,0,38
301001,0.0,0,0,13
301001,0.0,0,0,24
301001,0.0,0,0,8
301002,0.0,0,0,14
301002,0.0,0,0,27
301002,0.0,0,0,4
301002,0.0,0,0,0
301002,0.0,0,0,3
301002,0.0,0,0,24
301003,0.0,0,0,14
301003,0.0,0,0,79
301003,0.0,0,0,9
301003,0.0030257186081694403,1,2,14
301004,0.001344688480502017,1,3,267
301004,0.0,0,0,10
301004,0.0,0,0,35
301005,0.0,0,0,31
301005,0.0,0,0,43
301005,0.0,0,0,38
301005,0.0,0,0,50
302001,0.0,0,0,387
302001,0.0,0,0,7
302001,0.0,0,0,92
302001,0.0,0,0,28
302001,0.0,0,0,42
302002,0.0,0,0,12
302002,0.0,0,0,141
302003,0.0,0,0,7
302003,0.0,0,0,43
302003,0.0,0,0,21
302003,0.0,0,0,14
302003,0.0,0,0,14
302003,0.0,0,0,19
302003,0.0,0,0,90
302003,0.0,0,0,41
303001,0.0,0,0,141
303001,0.0,0,0,246
303001,0.0,0,0,23
303001,0.0,0,0,22
303001,0.0,0,0,37
303001,0.0,0,0,8
303002,0.0,0,0,21
303002,0.0,0,0,8
303002,0.0,0,0,35
303002,0.0,0,0,235
303002,0.0,0,0,42
303002,0.0,0,0,47
303002,0.0,0,0,4
303003,0.0,0,0,24
303003,0.0,0,0,56
303003,0.0,0,0,32
303003,0.0,0,0,7
303003,0.0,0,0,10
303003,0.0,0,0,30
303003,0.0,0,0,27
303004,0.0,0,0,12
303004,0.0,0,0,12
303004,0.0,0,0,25
303004,0.0,0,0,46
303004,0.0,0,0,34
303004,0.0,0,0,25
304001,0.0,0,0,47
304001,0.0,0,0,137
304001,0.0,0,0,42
304001,0.0,0,0,27
304002,0.0,0,0,27
304002,0.0,0,0,18
304002,0.0,0,0,6
304002,0.0,0,0,41
304002,0.0,0,0,0
304002,0.0,0,0,37
304002,0.0,0,0,5
304003,0.0,0,0,9
304003,0.0,0,0,286
304003,0.0,0,0,10
304003,0.0,0,0,18
304003,0.0,0,0,13
304004,0.0,0,0,79
304004,0.0,0,0,21
304004,0.0,0,0,74
304004,0.0,0,0,31
304004,0.0,0,0,8
305001,0.0,0,0,88
305001,0.0,0,0,12
305001,0.0,0,0,12
305001,0.0,0,0,30
305001,0.0,0,0,20
305001,0.0,0,0,119
305001,0.0,0,0,9
305002,0.0,0,0,9
305002,0.001422475106685633,1,2,45
305002,0.0,0,0,33
305002,0.0,0,0,170
305002,0.0,0,0,16
305003,0.0,0,0,15
305003,0.0,0,0,13
305003,0.0,0,0,31
305003,0.0016420361247947454,1,2,29
306001,0.0,0,0,314
306001,0.0,0,0,140
306001,0.0,0,0,8
306001,0.0,0,0,61
306002,0.0,0,0,22
306002,0.0,0,0,413
306002,0.0,0,0,15
306003,0.0,0,0,36
306003,0.0,0,0,44
306003,0.0,0,0,150
306003,0.0,0,0,5
306004,0.0,0,0,3
306004,0.0,0,0,60
306004,0.0,0,0,29
306004,0.0,0,0,70
307001,0.0,0,0,7
307001,0.0,0,0,2
307001,0.0,0,0,22
307001,0.0,0,0,1
307001,0.0,0,0,24
307001,0.0,0,0,3
307001,0.0,0,0,65
307001,0.0,0,0,101
307002,0.0,0,0,7
307002,0.0,0,0,35
307002,0.0,0,0,76
307002,0.0,0,0,11
307002,0.0,0,0,10
307002,0.0,0,0,49
307003,0.0,0,0,93
307003,0.0,0,0,49
307004,0.0,0,0,6
307004,0.004159445407279029,1,12,191
307004,0.0,0,0,37
307004,0.0,0,0,344
307005,0.0,0,0,379
307005,0.0,0,0,2
307006,0.0,0,0,20
307006,0.0,0,0,36
308001,0.0,0,0,133
308001,0.0,0,0,13
308002,0.0,0,0,50
308002,0.0,0,0,147
308002,0.0,0,0,228
308003,0.01238390092879257,1,12,65
308003,0.0,0,0,361
308004,0.0,0,0,27
308004,0.0,0,0,3
308004,0.0,0,0,28
309001,0.0021645021645021645,1,6,63
309001,0.0,0,0,65
309002,0.0,0,0,14
309002,0.0,0,0,9
309002,0.0,0,0,517
309002,0.0,0,0,32
309003,0.0,0,0,5
309003,0.0,0,0,7
309003,0.0,0,0,89
309003,0.0,0,0,4
309003,0.0,0,0,21
309003,0.0,0,0,16
309003,0.0,0,0,24
309003,0.0,0,0,0
309003,0.0,0,0,15
309004,0.0,0,0,89
309004,0.0,0,0,23
309005,0.0,0,0,59
310001,0.0,0,0,193
310001,0.0026680896478121665,1,5,43
310002,0.0,0,0,385
310003,0.0,0,0,135
310004,0.0,0,0,237
310005,0.0,0,0,49
310005,0.0,0,0,19
310005,0.0,0,0,195
311001,0.026014568158168574,1,50,77
311001,0.0,0,0,42
311001,0.0,0,0,47
311002,0.0,0,0,258
311002,0.0,0,0,16
311002,0.0,0,0,10
311003,0.0,0,0,14
311003,0.0,0,0,97
311003,0.0,0,0,41
311003,0.0,0,0,14
311004,0.0034083162917518746,1,5,26
311004,0.0,0,0,86
311004,0.00023860653781913624,1,1,95
311004,0.0,0,0,787
311005,0.0,0,0,80
311005,0.0,0,0,4
311005,0.0009354536950420954,1,1,23
311006,0.0,0,0,32
311006,0.0,0,0,19
311006,0.0,0,0,13
312001,0.0,0,0,2
312001,0.0,0,0,1
312001,0.0,0,0,0
312001,0.0,0,0,71
312001,0.0,0,0,0
312001,0.0,0,0,13
313001,0.0,0,0,0
313001,0.0,0,0,44
313001,0.0,0,0,89
313001,0.0,0,0,1
313001,0.0,0,0,44
313001,0.0,0,0,22
313001,0.0,0,0,1
313002,0.0,0,0,33
313002,0.0,0,0,25
313002,0.0,0,0,79
313002,0.0,0,0,24
313002,0.0,0,0,28
313002,0.0,0,0,16
313002,0.0,0,0,19
313003,0.0033018867924528303,1,7,140
313003,0.0,0,0,11
313003,0.0,0,0,87
313003,0.0,0,0,8
313003,0.0,0,0,6
313003,0.0,0,0,0
313004,0.0,0,0,5
313004,0.0,0,0,16
313004,0.0,0,0,1
313004,0.0,0,0,12
313004,0.0,0,0,0
313004,0.0,0,0,8
313004,0.0,0,0,101
313004,0.0,0,0,1
313005,0.0,0,0,9
313005,0.0,0,0,22
313005,0.0,0,0,6
313005,0.0,0,0,41
313005,0.0,0,0,4
313005,0.0,0,0,9
313005,0.0,0,0,5
313005,0.0,0,0,75
314001,0.0,0,0,19
314001,0.0,0,0,16
314001,0.0,0,0,2
314001,0.00853298326222514,1,26,242
314002,0.0,0,0,35
314002,0.0,0,0,5
314002,0.012089810017271158,1,7,44
314002,0.0,0,0,8
314002,0.0,0,0,30
314002,0.00850873264666368,1,19,174
314002,0.0,0,0,5
314002,0.0,0,0,5
314002,0.0,0,0,2
314003,0.0,0,0,33
314003,0.013871374527112233,1,11,49
314003,0.0,0,0,9
314003,0.047244094488188976,1,6,10
314003,0.0,0,0,15
314003,0.054178916421671566,1,258,728
314004,0.0,0,0,55
314004,0.0,0,0,31
314004,0.031599736668861095,1,48,125
314004,0.0,0,0,63
314004,0.0,0,0,45
315000,0.006734006734006734,1,54,924
315000,0.016346153846153847,1,51,269
315001,0.0,0,0,1
315001,0.0,0,0,17
315001,0.0010235414534288639,1,1,40
315001,0.0,0,0,10
315001,0.0,0,0,3
315001,0.0,0,0,15
315001,0.0,0,0,79
315001,0.0,0,0,14
315001,0.0,0,0,3
315001,0.0,0,0,18
315002,0.0,0,0,73
315002,0.0,0,0,6
315002,0.0,0,0,88
315002,0.0,0,0,6
315002,0.0,0,0,8
315002,0.050505050505050504,1,20,20
315002,0.0,0,0,59
315002,0.0,0,0,7
315003,0.0,0,0,21
315003,0.0,0,0,15
315003,0.0,0,0,36
315004,0.003463203463203463,1,4,97
315004,0.0,0,0,15
315004,0.0,0,0,1
315004,0.0,0,0,29
315004,0.0,0,0,64
315004,0.0,0,0,31
315004,0.002188183807439825,1,1,18
315005,0.0,0,0,10
315005,0.0,0,0,16
315005,0.0,0,0,72
315005,0.0,0,0,25
315005,0.0,0,0,4
315005,0.0,0,0,28
315005,0.0,0,0,7
315005,0.0,0,0,34
315005,0.0,0,0,3
316001,0.0043859649122807015,1,1,5
316001,0.0,0,0,94
316001,0.0,0,0,12
316001,0.0,0,0,0
316001,0.0,0,0,8
316001,0.0,0,0,68
316001,0.0,0,0,15
316001,0.0016891891891891893,1,1,31
316001,0.0020768431983385254,1,2,55
316001,0.0,0,0,8
316002,0.0,0,0,15
316002,0.0,0,0,22
316002,0.0,0,0,15
316002,0.0,0,0,163
316002,0.0,0,0,0
316002,0.0,0,0,8
316003,0.0,0,0,20
316003,0.0,0,0,38
316003,0.0,0,0,18
316003,0.0,0,0,57
316004,0.0008629368617862793,1,6,620
316004,0.0,0,0,9
316004,0.0,0,0,19
316004,0.0,0,0,0
316004,0.0,0,0,2
316004,0.0,0,0,12
316005,0.0,0,0,14
316005,0.0,0,0,14
316005,0.0,0,0,73
316005,0.0,0,0,18
316005,0.0,0,0,11
316005,0.0,0,0,13
316006,0.0,0,0,19
316006,0.0,0,0,14
316006,0.0,0,0,22
316006,0.0,0,0,11
316006,0.0,0,0,7
316006,0.0,0,0,14
316006,0.0,0,0,15
316006,0.0,0,0,10
316006,0.0,0,0,4
317001,0.0,0,0,10
317001,0.0,0,0,35
317001,0.0,0,0,31
317001,0.0,0,0,20
317001,0.0,0,0,25
317001,0.0,0,0,39
317001,0.0,0,0,28
317001,0.0,0,0,6
317001,0.0,0,0,119
317002,0.0,0,0,10
317002,0.0,0,0,44
317002,0.0,0,0,23
317002,0.0,0,0,71
317002,0.0,0,0,35
317002,0.0,0,0,97
317002,0.0,0,0,12
317002,0.0,0,0,6
317003,0.0,0,0,24
317003,0.0,0,0,5
317003,0.029411764705882353,1,1,2
317003,0.0,0,0,21
317003,0.0,0,0,105
317003,0.0019267822736030828,1,1,30
317003,0.0,0,0,0
317003,0.0,0,0,18
317003,0.002631578947368421,1,1,20
317003,0.0,0,0,6
317003,0.0,0,0,6
317003,0.0,0,0,0
317003,0.0,0,0,3
318001,0.0024813895781637717,1,1,12
318001,0.0,0,0,26
318001,0.0,0,0,0
318001,0.0,0,0,41
318001,0.0,0,0,20
318001,0.02631578947368421,1,1,2
318001,0.007101792357118702,1,21,266
318001,0.0,0,0,42
318001,0.0,0,0,13
318001,0.0,0,0,7
318001,0.0,0,0,14
318001,0.0,0,0,16
318001,0.0,0,0,39
318001,0.0,0,0,5
318001,0.0,0,0,2
318002,0.0,0,0,22
318002,0.0008319467554076539,1,1,86
318002,0.0,0,0,2
318002,0.0,0,0,5
318002,0.0,0,0,13
318002,0.0,0,0,34
318003,0.0,0,0,4
318003,0.09297801984049796,1,478,681
318003,0.0,0,0,4
318003,0.006437768240343348,1,6,72
318004,0.0,0,0,3
318004,0.016363156505674322,1,62,363
318004,0.0,0,0,3
318004,0.0,0,0,8
318004,0.004705882352941176,1,4,50
318004,0.00199203187250996,1,1,32
318004,0.013523131672597865,1,19,36
318004,0.0,0,0,8
319001,0.024096385542168676,1,10,25
319001,0.05200594353640416,1,35,60
319001,0.05555555555555555,1,12,10
319001,0.0,0,0,7
319001,0.081203007518797,1,108,131
319001,0.006910167818361303,1,7,129
319001,0.0,0,0,44
319001,0.0036319612590799033,1,3,92
319001,0.0016233766233766235,1,1,28
319001,0.0,0,0,0
319001,0.030837004405286344,1,14,25
319001,0.0,0,0,1
319002,0.011472275334608031,1,6,63
319002,0.002070393374741201,1,1,37
319002,0.0,0,0,38
319002,0.00043591979075850045,1,1,101
319003,0.008447729672650475,1,24,164
319003,0.016536964980544747,1,17,90
319003,0.020512820512820513,1,28,92
319003,0.0,0,0,24
319004,0.0,0,0,4
319004,0.0,0,0,0
319004,0.0,0,0,11
319004,0.020172910662824207,1,7,27
319004,0.0,0,0,2
319004,0.05151156899172437,1,305,687
319005,0.0,0,0,0
319005,0.0,0,0,1
319005,0.0,0,0,9
319005,0.0,0,0,2
319005,0.0,0,0,3
319005,0.0,0,0,0
319005,0.0071794871794871795,1,7,107
319005,0.0,0,0,16
319005,0.0,0,0,4
319005,0.0,0,0,3
319005,0.0,0,0,0
319005,0.046511627906976744,1,8,9
320001,0.0,0,0,1
320001,0.009868421052631578,1,3,7
320001,0.0,0,0,2
320001,0.0,0,0,4
320001,0.0,0,0,58
320001,0.0,0,0,11
320001,0.006688963210702341,1,12,104
320001,0.0,0,0,8
320001,0.0,0,0,6
320001,0.0030120481927710845,1,2,50
320001,0.0,0,0,19
320001,0.0,0,0,8
320001,0.0,0,0,1
320001,0.0,0,0,2
320001,0.0,0,0,5
320002,0.0,0,0,24
320002,0.004123711340206186,1,2,29
320002,0.044534412955465584,1,22,22
320002,0.0,0,0,48
320002,0.004132231404958678,1,4,52
320002,0.07094594594594594,1,147,288
320002,0.0,0,0,6
320003,0.0,0,0,4
320003,0.0,0,0,0
320003,0.0,0,0,19
320003,0.0,0,0,15
320003,0.0,0,0,18
320003,0.0,0,0,7
320003,0.0,0,0,15
320003,0.0,0,0,16
320003,0.0,0,0,2
320003,0.008310249307479225,1,3,29
320003,0.014018691588785047,1,6,24
320003,0.01413094677343382,1,30,192
320004,0.0,0,0,8
320004,0.0,0,0,21
320004,0.0019694731659281144,1,4,191
320004,0.0,0,0,0
320004,0.08333333333333333,1,1,0
320004,0.0,0,0,17
320004,0.0,0,0,0
320004,0.0,0,0,14
320004,0.0,0,0,1
321001,0.0,0,0,9
321001,0.01873536299765808,1,8,35
321001,0.0015625,1,1,31
321001,0.002061855670103093,1,1,14
321001,0.04447974583002383,1,56,114
321001,0.009136212624584718,1,11,88
321001,0.0,0,0,9
321001,0.03626943005181347,1,14,28
321001,0.0,0,0,15
321002,0.059640522875817,1,730,1580
321002,0.020338983050847456,1,6,16
321003,0.026865671641791045,1,36,135
321003,0.07721280602636535,1,41,46
321003,0.023809523809523808,1,4,7
321003,0.04591836734693878,1,9,14
321003,0.0,0,0,6
321003,0.0,0,0,49
321003,0.037037037037037035,1,1,1
321003,0.06184486373165619,1,59,107
321003,0.030927835051546393,1,3,4
321003,0.012345679012345678,1,2,8
321003,0.01932367149758454,1,4,19
321004,0.0,0,0,4
321004,0.0,0,0,15
321004,0.0,0,0,0
321004,0.0,0,0,0
321004,0.0,0,0,11
321004,0.0,0,0,69
321004,0.0,0,0,3
322001,0.008040201005025126,1,8,81
322001,0.0,0,0,22
322001,0.0,0,0,0
322001,0.0,0,0,7
322001,0.0,0,0,5
322001,0.00966183574879227,1,2,7
322001,0.0,0,0,8
322001,0.003061224489795918,1,3,53
322001,0.0,0,0,21
322002,0.0,0,0,55
322002,0.0,0,0,79
322002,0.0020134228187919465,1,3,97
322002,0.0,0,0,0
322002,0.0,0,0,1
322002,0.0,0,0,11
322002,0.0,0,0,16
322002,0.0,0,0,17
322002,0.0,0,0,11
322002,0.0,0,0,21
322003,0.033623910336239106,1,27,71
322003,0.0,0,0,22
322003,0.0008944543828264759,1,1,53
322003,0.0,0,0,7
322003,0.02045028142589118,1,109,522
323001,0.0,0,0,54
323001,0.0,0,0,19
323001,0.0,0,0,12
323001,0.0,0,0,10
323001,0.0,0,0,15
323001,0.0,0,0,354
323001,0.0,0,0,133
323001,0.0,0,0,30
323001,0.0,0,0,60
323001,0.0,0,0,8
323002,0.0,0,0,41
323002,0.0,0,0,4
323002,0.0,0,0,57
323002,0.012422360248447204,1,6,31
323002,0.0,0,0,137
323002,0.0,0,0,34
323002,0.0,0,0,21
323002,0.02335928809788654,1,21,76
323002,0.0,0,0,35
324001,0.0,0,0,5
324001,0.0,0,0,8
324001,0.0,0,0,3
324001,0.0,0,0,40
324001,0.0,0,0,48
324001,0.0,0,0,131
324002,0.0,0,0,22
324002,0.0,0,0,37
324002,0.0,0,0,4
324002,0.0,0,0,44
324002,0.0,0,0,33
324002,0.0,0,0,62
324002,0.0,0,0,18
324003,0.005545286506469501,1,9,77
324003,0.0,0,0,12
324003,0.0,0,0,14
324003,0.0,0,0,1
324003,0.0,0,0,22
324003,0.0,0,0,90
324003,0.0,0,0,11
324003,0.0,0,0,49
324004,0.001002004008016032,1,1,94
324004,0.0297979797979798,1,59,100
324004,0.0,0,0,0
324004,0.0,0,0,24
324004,0.0,0,0,6
324004,0.0,0,0,0
324004,0.0,0,0,7
324004,0.001447178002894356,1,1,15
324004,0.0,0,0,30
324005,0.0,0,0,79
324005,0.0,0,0,36
324005,0.0,0,0,6
324005,0.0,0,0,1
324005,0.0,0,0,47
324005,0.0,0,0,75
324005,0.0,0,0,3
324005,0.0,0,0,68
325001,0.0,0,0,54
325001,0.0,0,0,18
325001,0.0,0,0,41
325001,0.0,0,0,14
325001,0.0,0,0,30
325001,0.0,0,0,0
325001,0.0,0,0,6
325001,0.0,0,0,31
325001,0.0,0,0,1
325002,0.0,0,0,77
325002,0.002886002886002886,1,2,37
325002,0.0,0,0,0
325002,0.0,0,0,2
325002,0.0,0,0,70
325002,0.004103967168262654,1,3,47
325002,0.0,0,0,6
325002,0.022535211267605635,1,8,34
325003,0.0,0,0,4
325003,0.0,0,0,55
325003,0.0,0,0,42
325003,0.0,0,0,28
325003,0.0,0,0,52
325003,0.0,0,0,60
325004,0.0,0,0,53
325004,0.0,0,0,29
325004,0.0,0,0,24
325004,0.0006798096532970768,1,2,63
325004,0.0,0,0,26
325004,0.0,0,0,20
326000,0.0001709986320109439,1,1,658
326000,0.0,0,0,415
326000,0.0,0,0,492
326000,0.0009606886216039657,1,25,2342
326001,0.0326530612244898,1,24,45
326001,0.0,0,0,9
326001,0.0,0,0,38
326001,0.0,0,0,10
326001,0.0,0,0,12
326001,0.11460855528652139,1,284,369
326001,0.0,0,0,37
326002,0.0,0,0,9
326000,0.0002479543763947434,1,1,281
326002,0.0,0,0,3
326000,0.06491268382352941,1,565,849
326002,0.02424830261881668,1,25,128
326007,0.01065619742007852,1,19,103
326007,0.0,0,0,42
326007,0.0,0,0,6
326007,0.0,0,0,4
326007,0.0,0,0,2
326007,0.0,0,0,20
326007,0.001953125,1,5,226
326007,0.0,0,0,4
327001,0.05934455270150576,1,134,179
327001,0.0,0,0,87
327001,0.04744525547445255,1,13,15
327001,0.02158273381294964,1,21,55
327001,0.0,0,0,4
327002,0.0017103762827822121,1,6,202
327002,0.0150965029619721,1,79,282
327003,0.0,0,0,1
327003,0.0,0,0,7
327003,0.0,0,0,18
327003,0.0,0,0,16
327003,0.0,0,0,19
327003,0.0,0,0,7
327003,0.0,0,0,12
327003,0.0,0,0,2
327004,0.0,0,0,66
327004,0.03688141923436041,1,79,270
327004,0.0,0,0,3
327004,0.0,0,0,17
328001,0.0018278750952018278,1,24,1264
328002,0.0,0,0,62
328002,0.0,0,0,46
328002,0.0,0,0,6
328002,0.0,0,0,14
328002,0.0,0,0,18
328002,0.0,0,0,20
328002,0.0012468827930174563,1,1,32
328003,0.0,0,0,2
328003,0.0,0,0,1
328003,0.0,0,0,56
328003,0.0,0,0,6
328003,0.0,0,0,6
328003,0.04399243140964995,1,93,157
328003,0.0,0,0,12
328003,0.0,0,0,85
328004,0.0,0,0,6
328004,0.0,0,0,2
328004,0.0,0,0,95
328004,0.0,0,0,16
328004,0.0,0,0,37
328004,0.0,0,0,9
328004,0.0,0,0,4
329001,0.02013101134366512,1,126,882
329001,0.008082292432035268,1,11,211
329001,0.005015883631499749,1,30,1058
329002,0.0,0,0,25
329002,0.0,0,0,328
329002,0.0,0,0,167
329002,0.0,0,0,10
329002,0.0022497187851518562,1,2,165
329002,0.0,0,0,40
329002,0.0,0,0,45
329002,0.0,0,0,233
329002,0.0,0,0,179
329002,0.0,0,0,76
329002,0.0,0,0,19
329003,0.007544281653181719,1,69,855
329003,0.0025733401955738548,1,10,513
329004,0.003432494279176201,1,36,1652
329005,0.0029911462072266092,1,25,692
329005,0.0018248175182481751,1,7,374
330001,0.0002493351063829787,1,3,863
330003,0.0042959427207637235,1,27,327
330002,0.0,0,0,375
330004,0.003993154592127781,1,63,1663
330006,0.0,0,0,78
330002,0.0,0,0,12
330005,0.0,0,0,6
330005,0.0,0,0,0
330005,0.0,0,0,4
330005,0.0,0,0,23
330005,0.0,0,0,3
330005,0.0,0,0,10
330005,0.0,0,0,20
330005,0.0,0,0,284
330005,0.0,0,0,13
330005,0.0013201320132013201,1,2,63
330006,0.013824884792626729,1,3,5
330006,0.0,0,0,74
330006,0.0,0,0,22
330006,0.10314595152140278,1,200,239
331001,0.0,0,0,8
331001,0.0,0,0,0
331001,0.0,0,0,37
331001,0.0,0,0,149
331001,0.0,0,0,29
331001,0.0,0,0,0
331001,0.032767700409596257,1,56,72
331002,0.0012135922330097086,1,1,47
331002,0.0,0,0,6
331002,0.0,0,0,18
331002,0.0,0,0,20
331002,0.0,0,0,0
331002,0.0,0,0,80
331003,0.005,1,1,10
331003,0.0,0,0,28
331003,0.0,0,0,7
331003,0.009216589861751152,1,4,15
331003,0.025396825396825397,1,16,51
331003,0.0,0,0,15
331003,0.006535947712418301,1,2,12
331003,0.0,0,0,0
331003,0.0,0,0,10
331003,0.0,0,0,41
331004,0.11398678414096916,1,207,233
331004,0.0,0,0,76
331004,0.0051440329218107,1,5,74
331004,0.0,0,0,27
332001,0.0,0,0,33
332001,0.0,0,0,36
332001,0.0,0,0,6
332001,0.0,0,0,4
332001,0.0,0,0,0
332001,0.0,0,0,13
332001,0.0,0,0,3
332001,0.0,0,0,8
332001,0.0,0,0,32
332001,0.010101010101010102,1,1,1
332001,0.0,0,0,9
332001,0.0,0,0,24
332002,0.023653088042049936,1,18,42
332002,0.0,0,0,1
332002,0.11178247734138973,1,37,34
332002,0.0,0,0,3
332002,0.0,0,0,206
332002,0.0,0,0,10
332003,0.002570694087403599,1,3,66
332003,0.0,0,0,109
332003,0.0,0,0,4
332003,0.07392197125256673,1,36,50
332003,0.0,0,0,45
332003,0.0,0,0,38
332003,0.0,0,0,4
332003,0.0,0,0,8
332003,0.0,0,0,6
333001,0.08500345542501728,1,123,187
333001,0.056338028169014086,1,88,126
333001,0.08956585187887632,1,491,778
333002,0.11209964412811388,1,126,162
333002,0.004405286343612335,1,2,35
333002,0.07058823529411765,1,18,18
333002,0.12305944717909882,1,325,334
333003,0.12892322549493,1,267,343
333003,0.03905765654060756,1,126,364
333003,0.009750812567713976,1,9,72
333003,0.017045454545454544,1,6,20
334001,0.0,0,0,17
334001,0.0,0,0,75
334001,0.0,0,0,71
334001,0.0,0,0,41
334001,0.0,0,0,5
334001,0.0,0,0,25
334001,0.0,0,0,28
334001,0.0,0,0,89
334001,0.008379888268156424,1,9,69
334001,0.0,0,0,2
334002,0.0,0,0,5
334002,0.0,0,0,6
334002,0.0,0,0,8
334002,0.0,0,0,24
334002,0.0,0,0,32
334002,0.0,0,0,10
334002,0.0,0,0,11
334002,0.0,0,0,92
335001,0.0,0,0,33
335001,0.0,0,0,17
335001,0.0,0,0,7
335001,0.0,0,0,8
335001,0.0,0,0,0
335001,0.0,0,0,30
335001,0.0,0,0,6
335001,0.003714710252600297,1,5,137
335001,0.0,0,0,7
335001,0.0,0,0,6
335001,0.0,0,0,2
335001,0.0,0,0,31
335001,0.0,0,0,8
335001,0.0,0,0,6
335002,0.0,0,0,4
335002,0.0,0,0,20
335002,0.0,0,0,96
335002,0.0,0,0,38
335002,0.0,0,0,8
335002,0.0,0,0,4
335002,0.0,0,0,39
335002,0.0,0,0,20
336001,0.0,0,0,18
336001,0.0,0,0,8
336001,0.0,0,0,11
336001,0.0,0,0,6
336001,0.0,0,0,13
336001,0.0,0,0,1
336001,0.0,0,0,10
336001,0.0,0,0,10
336001,0.0,0,0,28
336001,0.002364066193853428,1,1,28
336001,0.0,0,0,14
336001,0.0,0,0,20
336001,0.0,0,0,2
336001,0.0,0,0,11
336002,0.00583941605839416,1,4,84
336002,0.014466546112115732,1,16,148
336002,0.006781429316640584,1,13,212
336002,0.0073200488003253355,1,18,80
336003,0.02,1,14,135
336003,0.0,0,0,380
336003,0.0,0,0,87
336003,0.0,0,0,38
336003,0.007667031763417305,1,7,121
336003,0.0,0,0,72
336004,0.0,0,0,88
336004,0.016272189349112426,1,11,78
336004,0.0,0,0,15
336004,0.0,0,0,18
336004,0.0,0,0,2
336004,0.0,0,0,64
336004,0.0,0,0,1
336004,0.0,0,0,0
336004,0.0,0,0,7
336004,0.0,0,0,73
336004,0.0,0,0,6
336004,0.0,0,0,31
336004,0.0,0,0,5
336004,0.0,0,0,0
337001,0.0,0,0,1
337001,0.0,0,0,29
337001,0.0,0,0,4
337001,0.0,0,0,35
337001,0.004415011037527594,1,2,35
337001,0.0,0,0,17
337001,0.005597014925373134,1,3,25
337001,0.0,0,0,24
337002,0.0909952606635071,1,96,133
337002,0.0,0,0,28
337002,0.002797202797202797,1,2,73
337002,0.007582938388625593,1,8,72
337002,0.0,0,0,10
337002,0.016908212560386472,1,7,24
337002,0.0,0,0,16
338001,0.09978768577494693,1,94,149
338001,0.07856450048496605,1,81,105
338001,0.005670311867152693,1,14,288
338002,0.015228426395939087,1,6,31
338002,0.0327132777421424,1,51,142
338002,0.0,0,0,20
338002,0.16071428571428573,1,36,41
338002,0.0136986301369863,1,11,92
338002,0.09343715239154617,1,84,104
338002,0.10023866348448687,1,84,110
338003,0.06139755766621438,1,362,677
338004,0.05100499593354246,1,439,999
338005,0.08859721082854799,1,216,317
338005,0.10415693601120972,1,223,292
338005,0.004519774011299435,1,4,80
338006,0.08427845131012905,1,431,690
338007,0.05383973288814691,1,129,308
338007,0.07588075880758807,1,280,533
339001,0.0,0,0,10
339001,0.0,0,0,5
339001,0.0,0,0,14
339001,0.03488372093023256,1,9,15
339001,0.0,0,0,16
339001,0.0,0,0,4
339002,0.0,0,0,2
339002,0.0,0,0,5
339002,0.0,0,0,7
339002,0.0,0,0,9
339002,0.0,0,0,16
339002,0.0006805035726437564,1,2,236
339002,0.0,0,0,3
340001,0.0,0,0,2
340001,0.0,0,0,22
340001,0.0,0,0,33
340001,0.0,0,0,13
340001,0.0,0,0,4
340001,0.0,0,0,4
340001,0.0,0,0,7
340001,0.0,0,0,1
340001,0.0,0,0,0
340001,0.0033444816053511705,1,1,4
340001,0.011235955056179775,1,2,2
340001,0.0,0,0,5
340001,0.0,0,0,0
340001,0.0,0,0,0
340001,0.0,0,0,8
340002,0.0,0,0,0
340002,0.0010204081632653062,1,1,39
340002,0.00904059040590406,1,49,560
340002,0.0,0,0,7
340002,0.0,0,0,0
340002,0.0,0,0,1
340002,0.0,0,0,8
340002,0.0,0,0,3
340002,0.0,0,0,4
340002,0.0,0,0,16
340002,0.0,0,0,0
340002,0.0,0,0,17
340002,0.0,0,0,14
340002,0.023504273504273504,1,11,39
340003,0.0,0,0,20
340003,0.0,0,0,14
340003,0.0,0,0,1
340003,0.0,0,0,19
340003,0.0,0,0,10
340003,0.0,0,0,123
340003,0.0,0,0,7
340003,0.0,0,0,27
340003,0.0,0,0,19
340003,0.0,0,0,5
340003,0.0,0,0,20
340003,0.0,0,0,16
341001,0.0,0,0,3
341001,0.0,0,0,15
341001,0.0,0,0,35
341001,0.0,0,0,9
341001,0.0,0,0,26
341001,0.0,0,0,38
341001,0.0,0,0,2
341001,0.0,0,0,9
341001,0.0,0,0,3
341001,0.0,0,0,14
341001,0.0,0,0,80
341001,0.0,0,0,47
341001,0.0,0,0,12
341001,0.0,0,0,16
341002,0.0,0,0,12
341002,0.0,0,0,54
341002,0.0,0,0,0
341002,0.0,0,0,7
341002,0.0,0,0,4
341002,0.0,0,0,6
341002,0.0,0,0,3
341002,0.0,0,0,3
341002,0.0,0,0,12
341002,0.002150537634408602,1,1,31
341002,0.0,0,0,7
341002,0.0,0,0,4
341002,0.0,0,0,0
341002,0.0,0,0,8
341002,0.0,0,0,29
341002,0.0,0,0,15
341002,0.0,0,0,3
341002,0.0,0,0,1
342001,0.0,0,0,21
342001,0.0,0,0,17
342001,0.0,0,0,64
342001,0.0,0,0,1
342001,0.0,0,0,7
342001,0.0,0,0,0
342001,0.0,0,0,0
342001,0.0,0,0,31
342001,0.0,0,0,3
342001,0.0,0,0,21
342001,0.0,0,0,14
342001,0.0,0,0,11
342001,0.0,0,0,9
342001,0.0,0,0,9
342001,0.0,0,0,7
342002,0.0,0,0,4
342002,0.0,0,0,7
342002,0.0,0,0,3
342002,0.0,0,0,0
342002,0.0,0,0,12
342002,0.0,0,0,8
342002,0.0,0,0,27
342002,0.0,0,0,18
342002,0.0,0,0,29
342002,0.0,0,0,1
342002,0.0,0,0,189
342002,0.0,0,0,9
342002,0.0,0,0,4
343001,0.0,0,0,4
343001,0.0,0,0,10
343001,0.0,0,0,15
343001,0.0,0,0,24
343001,0.0038461538461538464,1,2,20
343001,0.0,0,0,2
343001,0.0,0,0,9
343001,0.0,0,0,0
343001,0.0,0,0,0
343001,0.0,0,0,15
343001,0.0,0,0,15
343001,0.0,0,0,14
343001,0.0,0,0,0
343001,0.005568814638027049,1,14,161
343002,0.0,0,0,12
343002,0.0,0,0,2
343002,0.0,0,0,13
343002,0.0,0,0,32
343002,0.0,0,0,16
343002,0.0,0,0,18
343002,0.0,0,0,21
343002,0.0,0,0,0
343002,0.0,0,0,4
343002,0.0,0,0,1
343002,0.0,0,0,19
343002,0.0,0,0,0
343002,0.0,0,0,3
343002,0.0,0,0,2
343002,0.0,0,0,1
344001,0.0,0,0,19
344001,0.0004035512510088781,1,1,183
344001,0.0,0,0,11
344001,0.0,0,0,4
344001,0.0,0,0,0
344001,0.0,0,0,79
344001,0.0,0,0,68
344001,0.0,0,0,6
344001,0.0,0,0,6
344001,0.0,0,0,5
344001,0.0,0,0,7
344001,0.0,0,0,8
344002,8.71763577717723e-05,1,2,1875
345001,0.0034522439585730723,1,3,38
345001,0.0,0,0,9
345001,0.0,0,0,13
345001,0.0,0,0,6
345001,0.0,0,0,16
345001,0.0,0,0,11
345001,0.0,0,0,5
345001,0.0,0,0,20
345001,0.0,0,0,11
345001,0.004016064257028112,1,2,22
345001,0.0,0,0,6
345002,0.013541666666666667,1,13,49
345002,0.0,0,0,4
345002,0.0,0,0,40
345002,0.005025125628140704,1,1,6
345002,0.006711409395973154,1,3,29
345002,0.0,0,0,5
345002,0.0,0,0,2
345002,0.0,0,0,6
345003,0.0,0,0,10
345003,0.0,0,0,2
345003,0.0,0,0,4
345003,0.0,0,0,2
345003,0.05795847750865052,1,335,1222
345003,0.006369426751592357,1,6,40
345003,0.0,0,0,0
346001,0.0,0,0,38
346001,0.0,0,0,5
346001,0.0,0,0,8
346001,0.0,0,0,1
346001,0.0011001100110011,1,1,33
346001,0.0,0,0,2
346001,0.0,0,0,14
346001,0.0,0,0,315
346001,0.0,0,0,34
346002,0.0,0,0,24
346002,0.0,0,0,2
346002,0.0,0,0,7
346002,0.0,0,0,1
346002,0.0,0,0,53
346002,0.0,0,0,4
346002,0.0,0,0,0
346002,0.0,0,0,3
346002,0.0,0,0,7
346002,0.0,0,0,10
346002,0.0,0,0,23
346002,0.0,0,0,39
346002,0.0,0,0,12
347001,0.0,0,0,6
347001,0.0,0,0,24
347001,0.0,0,0,8
347001,0.0,0,0,8
347001,0.0,0,0,4
347001,0.0,0,0,10
347001,0.0,0,0,12
347001,0.0,0,0,12
347001,0.0,0,0,7
347001,0.0,0,0,20
347001,0.0,0,0,7
347002,0.0,0,0,12
347002,0.0,0,0,33
347002,0.0,0,0,2
347002,0.0,0,0,2
347002,0.0,0,0,4
347002,0.0,0,0,6
347002,0.0,0,0,7
347002,0.0,0,0,2
347002,0.0,0,0,201
347002,0.0,0,0,82
347002,0.0,0,0,67
347002,0.0,0,0,34
347002,0.0,0,0,58
347003,0.0,0,0,8
347003,0.0,0,0,7
347003,0.0,0,0,39
347003,0.0,0,0,0
347003,0.0,0,0,0
347003,0.0,0,0,16
347003,0.0,0,0,6
347003,0.0,0,0,2
347003,0.0,0,0,18
348001,0.0,0,0,5
348001,0.0,0,0,30
348001,0.0,0,0,28
348001,0.0,0,0,19
348001,0.0,0,0,2
348001,0.0,0,0,13
348001,0.0,0,0,3
348001,0.0,0,0,7
348001,0.0,0,0,21
348001,0.010471204188481676,1,6,18
348001,0.0,0,0,12
348001,0.0,0,0,0
348001,0.0,0,0,9
348001,0.0,0,0,2
348001,0.0,0,0,0
348001,0.0,0,0,1
348001,0.0,0,0,10
348002,0.0,0,0,1
348002,0.0,0,0,2
348002,0.0,0,0,4
348002,0.0,0,0,62
348002,0.0,0,0,12
348002,0.0,0,0,30
348002,0.0,0,0,34
348002,0.0,0,0,4
348002,0.0,0,0,7
348002,0.0,0,0,28
348002,0.0,0,0,7
348002,0.0,0,0,6
348002,0.0,0,0,28
348003,0.0,0,0,10
348003,0.0,0,0,16
348003,0.0,0,0,9
348003,0.0,0,0,0
348003,0.0,0,0,25
348003,0.0,0,0,17
348003,0.0,0,0,3
348003,0.0,0,0,5
348003,0.0,0,0,22
348003,0.0,0,0,2
348003,0.0,0,0,4
348003,0.0,0,0,3
348003,0.0,0,0,7
348003,0.0,0,0,7
348003,0.0,0,0,22
348003,0.0,0,0,62
348004,0.001376936316695353,1,4,420
348004,0.0,0,0,128
348004,0.000980392156862745,1,1,106
348004,0.0,0,0,113
348004,0.0,0,0,147
348004,0.0,0,0,293
348005,0.0,0,0,25
348005,0.0,0,0,50
348005,0.0,0,0,9
348005,0.0,0,0,28
348005,0.0,0,0,3
348005,0.0,0,0,3
348005,0.0,0,0,2
348005,0.0,0,0,36
348006,0.0,0,0,13
348006,0.0,0,0,4
348006,0.0,0,0,26
348006,0.0,0,0,14
348006,0.0,0,0,3
348006,0.0,0,0,10
348006,0.0,0,0,10
348006,0.0,0,0,5
348006,0.0,0,0,20
348006,0.0,0,0,1
348006,0.0,0,0,7
348007,0.0,0,0,6
348007,0.008021390374331552,1,3,12
348007,0.0,0,0,2
348007,0.0,0,0,0
348007,0.0,0,0,4
348007,0.0,0,0,44
348007,0.0,0,0,7
348007,0.0,0,0,8
348007,0.0,0,0,7
348007,0.0,0,0,9
349001,0.0,0,0,29
349001,0.0,0,0,12
349001,0.0,0,0,7
349001,0.0,0,0,1
349001,0.0,0,0,2
349001,0.0,0,0,5
349001,0.0,0,0,12
349001,0.0,0,0,3
349001,0.0,0,0,13
349001,0.0,0,0,4
349001,0.0,0,0,7
349001,0.0,0,0,11
349001,0.0,0,0,9
349001,0.0,0,0,2
349001,0.0,0,0,13
349001,0.0,0,0,14
349001,0.0,0,0,28
349001,0.0,0,0,52
349001,0.0,0,0,1
349001,0.0,0,0,13
349002,0.0,0,0,6
349002,0.0,0,0,29
349002,0.0,0,0,32
349002,0.0,0,0,35
349002,0.0,0,0,11
349002,0.0,0,0,1
349002,0.0,0,0,0
349002,0.0,0,0,3
350001,0.0,0,0,1
350001,0.0,0,0,129
350001,0.0,0,0,4
350001,0.0,0,0,0
350001,0.0,0,0,8
350001,0.0,0,0,0
350001,0.0,0,0,17
350001,0.0,0,0,10
350001,0.0,0,0,6
350001,0.0,0,0,5
350001,0.0,0,0,8
350002,0.0,0,0,6
350002,0.0,0,0,5
350002,0.0,0,0,6
350002,0.0,0,0,24
350002,0.0,0,0,44
350002,0.0,0,0,33
350002,0.0,0,0,0
350002,0.0,0,0,12
350002,0.0,0,0,4
350002,0.0,0,0,4
350002,0.0,0,0,2
350002,0.0,0,0,1
350003,0.0,0,0,0
350003,0.0,0,0,5
350003,0.0,0,0,0
350003,0.0,0,0,4
350003,0.0,0,0,4
350003,0.0,0,0,26
350003,0.0,0,0,28
350003,0.0,0,0,6
350003,0.0,0,0,18
350003,0.0,0,0,6
350003,0.03296703296703297,1,3,2
350003,0.0,0,0,4
350003,0.0,0,0,43
350003,0.0,0,0,0
351001,0.0,0,0,4
351001,0.0,0,0,28
351001,0.0,0,0,4
351001,0.008837209302325582,1,38,460
351001,0.0,0,0,12
351001,0.0,0,0,14
351002,0.0,0,0,22
351002,0.0,0,0,12
351002,0.0,0,0,5
351002,0.0,0,0,0
351002,0.0,0,0,12
351002,0.0,0,0,11
351002,0.0,0,0,15
351002,0.0,0,0,12
351002,0.0,0,0,2
351002,0.0,0,0,0
351002,0.0,0,0,10
351002,0.0,0,0,4
351003,0.0,0,0,35
351003,0.0,0,0,8
351003,0.0,0,0,0
351003,0.0,0,0,12
351003,0.0,0,0,4
351003,0.0,0,0,31
351003,0.0,0,0,6
351003,0.0,0,0,18
351003,0.0,0,0,59
351003,0.0,0,0,36
351003,0.0015360983102918587,1,1,30
352001,0.0,0,0,1
352001,0.0,0,0,3
352001,0.0,0,0,11
352001,0.0,0,0,1
352001,0.0,0,0,2
352001,0.0,0,0,0
352001,0.0,0,0,8
352001,0.0,0,0,3
352001,0.0,0,0,40
352001,0.0,0,0,0
352001,0.0,0,0,1
352001,0.0,0,0,30
352002,0.0,0,0,18
352002,0.0,0,0,5
352002,0.004878048780487805,1,1,11
352002,0.003236245954692557,1,17,490
352002,0.0,0,0,16
352002,0.0,0,0,6
352002,0.0,0,0,9
352002,0.0013633265167007499,1,2,66
352003,0.0,0,0,1
352003,0.0,0,0,8
352003,0.0008375209380234506,1,1,46
352003,0.0,0,0,27
352003,0.0,0,0,2
352003,0.0,0,0,0
352004,0.0,0,0,9
352004,0.0,0,0,4
352004,0.0,0,0,2
352004,0.0,0,0,22
352004,0.0,0,0,0
352004,0.0,0,0,1
352004,0.0,0,0,27
352004,0.0,0,0,19
352004,0.005319148936170213,1,1,10
352005,0.001941747572815534,1,1,16
352005,0.0,0,0,21
352005,0.0,0,0,3
352005,0.0,0,0,20
352005,0.0,0,0,0
353001,0.0,0,0,57
353001,0.0,0,0,16
353001,0.0,0,0,21
353001,0.0,0,0,13
353001,0.0,0,0,5
353001,0.0,0,0,8
353001,0.0,0,0,3
353001,0.0,0,0,6
353002,0.0,0,0,165
353002,0.0,0,0,2
353002,0.0,0,0,16
353002,0.0,0,0,2
353002,0.0,0,0,5
353002,0.0,0,0,3
353002,0.0,0,0,0
353002,0.0,0,0,2
353003,0.0,0,0,0
353003,0.0,0,0,9
353003,0.0,0,0,19
353003,0.0,0,0,7
353003,0.0,0,0,21
353004,0.0,0,0,0
353004,0.004310344827586207,1,1,13
353004,0.0017513134851138354,1,1,23
353004,0.0,0,0,33
354001,0.0,0,0,4
354001,0.0,0,0,6
354001,0.0,0,0,13
354001,0.0,0,0,0
354001,0.0,0,0,9
354001,0.007680491551459293,1,10,80
354001,0.0,0,0,51
354001,0.011235955056179775,1,1,5
354002,0.0,0,0,27
354002,0.009708737864077669,1,1,6
354002,0.0,0,0,13
354002,0.0,0,0,4
354002,0.0,0,0,23
354002,0.0,0,0,8
355001,0.0,0,0,29
355001,0.0,0,0,136
355001,0.0,0,0,26
355001,0.0,0,0,42
355001,0.0,0,0,9
355001,0.0,0,0,4
355001,0.0,0,0,19
355001,0.0,0,0,10
355001,0.0,0,0,52
355002,0.0,0,0,6
355002,0.0,0,0,3
355002,0.0,0,0,19
355002,0.0,0,0,12
355002,0.0,0,0,2
355002,0.0,0,0,1
355002,0.0,0,0,59
355002,0.0,0,0,1
356002,0.0,0,0,11
356003,0.0,0,0,5
356003,0.0,0,0,4
356002,0.02185141040921732,1,55,20
356002,0.015432098765432098,1,35,60
356001,0.0,0,0,2
356001,0.0,0,0,20
356001,0.0,0,0,2
356001,0.0,0,0,3
356001,0.0,0,0,8
356001,0.0,0,0,18
356001,0.0,0,0,15
356001,0.0,0,0,6
356001,0.0,0,0,1
356001,0.0,0,0,45
356001,0.003076923076923077,1,1,24
356001,0.0,0,0,0
356001,0.0,0,0,1
356001,0.0,0,0,4
356001,0.0,0,0,13
356001,0.0,0,0,4
356001,0.0,0,0,2
356001,0.0,0,0,21
356001,0.0,0,0,0
356002,0.0,0,0,6
356002,0.0,0,0,1
356003,0.0,0,0,27
356003,0.0,0,0,54
356003,0.0,0,0,11
356003,0.0,0,0,34
357001,0.0,0,0,68
357001,0.0,0,0,4
357001,0.0,0,0,17
357001,0.0,0,0,5
357001,0.0,0,0,7
357001,0.0,0,0,0
357001,0.0,0,0,3
357001,0.0,0,0,9
357001,0.0,0,0,12
357001,0.0,0,0,36
357002,0.0,0,0,34
357002,0.0,0,0,8
357002,0.0,0,0,20
357002,0.0,0,0,67
357002,0.0,0,0,37
357002,0.0,0,0,186
357002,0.0,0,0,5
357002,0.0,0,0,11
358001,0.0014541224371092047,1,10,1352
358001,0.05904059040590406,1,16,19
358002,0.0,0,0,10
358002,0.061662658880109925,1,359,759
358002,0.0,0,0,27
358003,0.0,0,0,2
358003,0.0,0,0,42
358003,0.011630611770179112,1,50,387
358003,0.009009009009009009,1,1,1
358003,0.0,0,0,2
358003,0.0,0,0,5
358004,0.0,0,0,240
359001,0.0,0,0,9
359001,0.0,0,0,22
359001,0.0013745704467353953,1,2,62
359001,0.0,0,0,19
359001,0.0,0,0,12
359001,0.0,0,0,5
359001,0.0,0,0,11
359001,0.0,0,0,7
359001,0.03558718861209965,1,10,24
359001,0.0,0,0,9
359001,0.0,0,0,1
359001,0.0,0,0,28
359001,0.0,0,0,1
359001,0.0,0,0,5
359001,0.0,0,0,3
359001,0.0,0,0,3
359002,0.0,0,0,6
359002,0.0,0,0,9
359002,0.0,0,0,133
359003,0.0,0,0,34
359003,0.0,0,0,49
359004,0.0015479876160990713,1,1,33
359004,0.0,0,0,20
359004,0.0,0,0,10
359004,0.0,0,0,4
359004,0.0038022813688212928,1,1,7
359004,0.0,0,0,10
359005,0.0,0,0,8
359005,0.0,0,0,5
359005,0.0,0,0,24
359005,0.0,0,0,4
359006,0.0,0,0,4
359006,0.0041841004184100415,1,1,8
359006,0.0,0,0,0
359006,0.0,0,0,12
359006,0.0,0,0,12
359006,0.0,0,0,23
359006,0.0051813471502590676,1,1,11
359007,0.0,0,0,14
359007,0.0,0,0,8
359007,0.002777777777777778,1,1,21
359007,0.0,0,0,4
359007,0.0031446540880503146,1,2,21
360001,0.0033875338753387536,1,5,123
360001,0.0,0,0,191
360001,0.0,0,0,169
360001,0.0017973856209150326,1,11,512
360002,0.0033140016570008283,1,4,57
360002,0.010751295336787564,1,83,810
361001,0.0009149130832570906,1,1,34
361001,0.0,0,0,53
361001,0.003215434083601286,1,1,11
361001,0.0,0,0,18
361001,0.0,0,0,66
361002,0.00528169014084507,1,9,67
361002,0.002185792349726776,1,2,25
361002,0.0,0,0,59
361002,0.0,0,0,11
361003,0.0038995856690226664,1,16,108
361003,0.0,0,0,582
361004,0.0,0,0,54
361004,0.0,0,0,0
361004,0.002952755905511811,1,3,47
361004,0.0,0,0,48
361004,0.0,0,0,65
362001,0.002290950744558992,1,4,101
362001,0.0,0,0,22
362002,0.0,0,0,6
362002,0.00411522633744856,1,3,20
362002,0.002036659877800407,1,1,18
362002,0.003663003663003663,1,2,28
362002,0.00228310502283105,1,1,18
362002,0.0,0,0,10
362002,0.002577319587628866,1,1,15
362003,0.0016819571865443425,1,11,419
362003,0.0,0,0,17
362003,0.0018796992481203006,1,1,24
362004,0.0,0,0,51
362004,0.0,0,0,10
362004,0.0,0,0,22
362004,0.003289473684210526,1,2,30
362004,0.008264462809917356,1,2,10
362004,0.0,0,0,0
363001,0.0,0,0,9
363001,0.00390625,1,1,11
363001,0.0,0,0,4
363001,0.0,0,0,1
363001,0.0,0,0,2
363001,0.0,0,0,21
363001,0.00684931506849315,1,3,29
363001,0.0023752969121140144,1,1,20
363001,0.0,0,0,28
363001,0.0,0,0,8
363001,0.0,0,0,1
363001,0.0,0,0,6
363001,0.0,0,0,5
363001,0.0,0,0,0
363001,0.0,0,0,2
363001,0.0014947683109118087,1,1,21
363001,0.0,0,0,1
363001,0.0,0,0,6
363001,0.0,0,0,3
363001,0.0,0,0,0
363001,0.0,0,0,9
363001,0.0,0,0,21
363001,0.0,0,0,0
363001,0.0,0,0,0
363001,0.0,0,0,11
363001,0.0,0,0,6
363001,0.0,0,0,229
363001,0.0,0,0,2
363002,0.0,0,0,4
363002,0.0,0,0,9
363002,0.0012586532410320957,1,2,85
363002,0.0,0,0,19
363002,0.0,0,0,20
363002,0.006269592476489028,1,6,33
363003,0.0012203626220362621,1,7,454
364001,0.0,0,0,5
364001,0.0012121212121212121,1,1,33
364001,0.0035335689045936395,1,1,11
364001,0.0,0,0,2
364001,0.0,0,0,11
364001,0.0,0,0,4
364001,0.00641025641025641,1,1,13
364001,0.0,0,0,26
364001,0.0,0,0,5
364001,0.0,0,0,13
364001,0.0,0,0,3
364001,0.0,0,0,0
364001,0.004016064257028112,1,1,13
364001,0.0,0,0,27
364002,0.0,0,0,14
364002,0.0,0,0,9
364002,0.0020607934054611026,1,8,351
364003,0.0,0,0,37
364003,0.002403846153846154,1,1,11
364003,0.0,0,0,6
364003,0.0,0,0,26
364003,0.0022611644997173543,1,4,67
364003,0.0,0,0,12
364003,0.0,0,0,20
364003,0.0,0,0,3
365000,0.013844936708860759,1,35,179
365001,0.0,0,0,11
365001,0.00048828125,1,1,83
365001,0.0,0,0,6
365001,0.0,0,0,3
365001,0.0,0,0,26
365001,0.0,0,0,11
365002,0.0050666942405128736,1,49,1718
365003,0.005714285714285714,1,2,16
365003,0.0,0,0,10
365003,0.0,0,0,84
366001,0.0,0,0,6
366001,0.0,0,0,12
366001,0.0,0,0,30
366001,0.0,0,0,18
366001,0.0,0,0,42
366001,0.0011207621182404036,1,4,505
366001,0.0,0,0,4
366001,0.00036429872495446266,1,1,291
366001,0.0,0,0,17
366001,0.0,0,0,8
366002,0.0,0,0,6
366002,0.0,0,0,12
366002,0.0,0,0,3
366002,0.0,0,0,35
366002,0.0,0,0,158
366002,0.0,0,0,0
366002,0.0,0,0,3
366002,0.0,0,0,56
366002,0.0,0,0,2
366002,0.0,0,0,4
367001,0.0,0,0,0
367001,0.0,0,0,7
367001,0.0,0,0,0
367001,0.0,0,0,8
367001,0.017817371937639197,1,16,25
367001,0.11644623346751007,1,810,925
367001,0.001557632398753894,1,1,12
367001,0.0,0,0,6
367001,0.0,0,0,24
367001,0.0,0,0,2
367001,0.0,0,0,2
367001,0.2,1,5,3
367001,0.0,0,0,0
367002,0.0,0,0,35
367002,0.0,0,0,21
367002,0.0,0,0,19
367002,0.0,0,0,160
367002,0.0,0,0,21
367003,0.0,0,0,0
367003,0.0005817335660267597,1,1,113
367003,0.0,0,0,4
367003,0.0,0,0,17
367003,0.0,0,0,2
367003,0.002338269680436477,1,3,88
367003,0.0,0,0,2
367003,0.0,0,0,37
368001,0.0,0,0,28
368001,0.0,0,0,22
368001,0.0014455044810638912,1,10,643
368002,0.0,0,0,0
368002,0.0,0,0,1
368002,0.0,0,0,0
368002,0.0,0,0,4
368002,0.0,0,0,2
368002,0.0,0,0,6
368002,0.0,0,0,0
368002,0.016666666666666666,1,1,2
368002,0.0,0,0,10
368002,0.0,0,0,46
368002,0.0,0,0,110
368002,0.0,0,0,10
368002,0.0,0,0,7
368002,0.0,0,0,4
368002,0.0,0,0,0
368002,0.0,0,0,5
368002,0.002380952380952381,1,1,17
368002,0.0,0,0,5
368002,0.0,0,0,3
368002,0.0,0,0,24
368002,0.0,0,0,0
368002,0.0,0,0,0
368002,0.0,0,0,0
368003,0.0038910505836575876,1,2,35
368003,0.06478209658421673,1,55,60
368003,0.0,0,0,1
368003,0.0,0,0,2
368003,0.0,0,0,3
368003,0.016474464579901153,1,10,67
368003,0.07865168539325842,1,70,87
368003,0.0,0,0,23
369001,0.0,0,0,3
369001,0.0,0,0,3
369001,0.0,0,0,6
369001,0.007518796992481203,1,2,7
369001,0.0,0,0,4
369002,0.004424778761061947,1,5,59
369002,0.00199203187250996,1,2,39
369002,0.095703125,1,784,1587
369002,0.0,0,0,9
369003,0.0,0,0,35
369003,0.0,0,0,8
369003,0.0,0,0,51
369003,0.018518518518518517,1,8,20
369003,0.0,0,0,2
369003,0.0,0,0,19
369003,0.0,0,0,8
369003,0.0,0,0,2
369003,0.0033444816053511705,1,4,56
370001,0.04220779220779221,1,13,24
370001,0.0020833333333333333,1,2,63
370001,0.004287245444801715,1,4,54
370001,0.0018467220683287165,1,2,63
370002,0.0022222222222222222,1,2,18
370002,0.020560747663551402,1,11,15
370002,0.0024330900243309003,1,2,27
370002,0.0,0,0,21
370002,0.0034482758620689655,1,1,9
370002,0.0,0,0,10
370002,0.0051728832017424444,1,19,206
370002,0.008,1,1,10
370003,0.1144,1,1287,2409
370003,0.043912175648702596,1,22,22
370003,0.06542056074766354,1,63,74
371001,0.02287581699346405,1,7,9
371001,0.024390243902439025,1,14,38
371001,0.0035587188612099642,1,1,10
371001,0.07260216261760989,1,517,1120
371002,0.10003237293622531,1,927,1348
371003,0.08264462809917356,1,10,9
371003,0.0,0,0,4
371003,0.10364193328795099,1,609,793
371003,0.0,0,0,3
371004,0.11189069423929099,1,303,491
371004,0.09081836327345309,1,91,152
371005,0.0,0,0,0
371005,0.09408602150537634,1,140,235
371005,0.10357142857142858,1,841,1471
372001,0.0,0,0,7
372001,0.0,0,0,22
372001,0.0,0,0,13
372001,0.02034211742949607,1,44,116
372001,0.0,0,0,7
372002,0.0,0,0,19
372002,0.0021413276231263384,1,1,8
372002,0.002257336343115124,1,1,17
372002,0.08770003137747098,1,559,1119
372002,0.0,0,0,12
372002,0.0,0,0,1
372002,0.058165548098434,1,26,42
372003,0.029850746268656716,1,12,22
372003,0.002290950744558992,1,2,24
372003,0.0,0,0,3
372003,0.0,0,0,18
372004,0.0,0,0,25
372004,0.0,0,0,22
372004,0.0,0,0,29
372004,0.0,0,0,2
372004,0.0,0,0,5
372004,0.001451378809869376,1,1,25
372004,0.0,0,0,44
372004,0.006993006993006993,1,3,49
372004,0.033205619412515965,1,26,52
372004,0.0,0,0,8
372004,0.0,0,0,20
373001,0.018032786885245903,1,22,147
373001,0.0,0,0,0
373001,0.0,0,0,19
373001,0.0,0,0,20
373001,0.008,1,2,13
373001,0.0,0,0,27
373002,0.0,0,0,10
373002,0.004284490145672665,1,5,72
373002,0.0,0,0,3
373002,0.0,0,0,0
373002,0.0,0,0,62
373002,0.0011534025374855825,1,1,32
373002,0.007444168734491315,1,3,15
373002,0.029143897996357013,1,16,36
373003,0.01870748299319728,1,11,42
373003,0.007936507936507936,1,6,61
373003,0.0,0,0,19
373003,0.0,0,0,45
373003,0.006462035541195477,1,4,51
373004,0.02597717892692401,1,107,481
373004,0.0640096618357488,1,106,218
373004,0.0,0,0,30
374001,0.0,0,0,6
374001,0.0,0,0,9
374001,0.0,0,0,0
374001,0.0,0,0,1
374001,0.0,0,0,19
374001,0.0,0,0,15
374001,0.019230769230769232,1,20,56
374001,0.003289473684210526,1,16,462
374002,0.0,0,0,7
374002,0.0,0,0,116
374002,0.0,0,0,15
374002,0.007926023778071334,1,6,38
374002,0.0,0,0,11
374003,0.0,0,0,15
374003,0.0,0,0,16
374003,0.0,0,0,36
374003,0.0,0,0,14
374003,0.0,0,0,3
374003,0.0,0,0,12
374003,0.0,0,0,20
374003,0.0,0,0,2
374003,0.0,0,0,3
374003,0.0,0,0,22
375001,0.0,0,0,13
375001,0.0,0,0,0
375001,0.0,0,0,14
375001,0.0,0,0,1
375001,0.0,0,0,7
375001,0.0,0,0,1
375001,0.003436426116838488,1,1,11
375001,0.0,0,0,8
375001,0.0,0,0,14
375001,0.0,0,0,35
375001,0.0,0,0,0
375001,0.0,0,0,1
375001,0.0,0,0,16
375001,0.0,0,0,11
375001,0.0,0,0,10
375001,0.0,0,0,2
375001,0.03412749517063748,1,53,140
375002,0.0,0,0,0
375002,0.0,0,0,2
375002,0.0,0,0,4
375002,0.0,0,0,6
375002,0.0,0,0,18
375002,0.0,0,0,29
375002,0.0,0,0,0
375002,0.0,0,0,1
375002,0.0014204545454545455,1,1,40
375002,0.0,0,0,7
375002,0.0,0,0,4
375002,0.023890784982935155,1,42,118
375002,0.0,0,0,2
375002,0.0,0,0,2
375002,0.0024875621890547263,1,1,15
375003,0.03968253968253968,1,5,2
375003,0.0,0,0,0
375003,0.0,0,0,3
375003,0.11177347242921014,1,75,93
375003,0.0,0,0,19
375003,0.0,0,0,0
375003,0.0,0,0,9
375003,0.0,0,0,6
375003,0.0,0,0,15
375003,0.03722504230118443,1,44,40
375003,0.08062015503875969,1,52,74
375003,0.0,0,0,19
375004,0.001488095238095238,1,2,87
375004,0.0,0,0,12
375004,0.06923076923076923,1,63,123
375004,0.01954989770402364,1,86,637
375004,0.004901960784313725,1,1,6
375004,0.005115089514066497,1,2,23
375004,0.05093833780160858,1,19,34
375004,0.0,0,0,17
375004,0.0,0,0,11
375004,0.0,0,0,18
375005,0.0,0,0,40
376001,0.0,0,0,7
376001,0.0,0,0,27
376001,0.0,0,0,5
376001,0.0,0,0,15
376001,0.0,0,0,2
376001,0.0,0,0,9
376001,0.0,0,0,7
376001,0.0,0,0,7
376001,0.0,0,0,0
376001,0.0026109660574412533,1,1,18
376001,0.0,0,0,0
376001,0.0,0,0,3
376001,0.0,0,0,6
376001,0.0,0,0,0
376001,0.0,0,0,0
376001,0.008182349503214495,1,14,184
376001,0.0065717415115005475,1,12,195
376001,0.0,0,0,4
376001,0.0,0,0,0
376001,0.0,0,0,24
376002,0.0,0,0,0
376002,0.0166270783847981,1,7,24
376002,0.0,0,0,15
376002,0.0,0,0,0
376002,0.002178649237472767,1,1,9
376002,0.004389815627743635,1,5,102
376002,0.0,0,0,10
376002,0.0,0,0,57
376002,0.0,0,0,18
376002,0.0,0,0,74
377001,0.0,0,0,4
377001,0.0,0,0,21
377001,0.005,1,1,5
377001,0.0,0,0,0
377001,0.07407407407407407,1,32,47
377001,0.0,0,0,0
377001,0.0,0,0,5
377001,0.0,0,0,0
377001,0.0,0,0,0
377001,0.0,0,0,0
377001,0.0871559633027523,1,19,20
377001,0.009009009009009009,1,1,2
377001,0.0102880658436214,1,20,228
377001,0.0,0,0,369
377001,0.000663129973474801,1,1,110
377001,0.0,0,0,4
377001,0.0,0,0,1
377001,0.0,0,0,4
377001,0.0,0,0,2
377001,0.0,0,0,0
377001,0.0005473453749315818,1,1,64
377001,0.0,0,0,1
377001,0.0,0,0,0
377001,0.0,0,0,7
377001,0.0,0,0,47
377002,0.0,0,0,4
377002,0.003629764065335753,1,4,73
377002,0.0,0,0,27
377002,0.0,0,0,15
377002,0.0,0,0,15
377002,0.021491782553729456,1,34,108
377002,0.0,0,0,16
377002,0.0,0,0,2
377002,0.0,0,0,5
377003,0.015353121801432957,1,15,83
377003,0.0,0,0,23
377003,0.0008718395815170009,1,1,87
377003,0.017377567140600316,1,55,363
378001,0.0,0,0,12
378001,0.0,0,0,41
378001,0.0,0,0,1
378001,0.0,0,0,8
378001,0.0,0,0,0
378001,0.0,0,0,113
378001,0.0,0,0,2
378002,0.050276388523295606,1,191,262
378002,0.0,0,0,30
378002,0.058823529411764705,1,2,1
378002,0.0,0,0,4
378002,0.0,0,0,44
378003,0.018633540372670808,1,33,174
378003,0.035493827160493825,1,23,54
378003,0.01839464882943144,1,11,26
378003,0.00625,1,2,11
378003,0.0,0,0,0
378003,0.04716981132075472,1,5,4
378003,0.0014749262536873156,1,1,15
378003,0.0,0,0,5
378003,0.0,0,0,17
378003,0.01692047377326565,1,10,70
379000,0.08030082484230956,1,1986,3868
379001,0.0,0,0,36
379001,0.014760147601476014,1,4,10
379001,0.0,0,0,2
379001,0.0,0,0,10
379001,0.003389830508474576,1,1,24
379001,0.0,0,0,0
379001,0.034592868547099524,1,65,201
379001,0.0,0,0,7
379002,0.018779342723004695,1,8,16
379002,0.0,0,0,26
379002,0.05188421627525942,1,95,153
379003,0.052256532066508314,1,22,37
379003,0.0,0,0,4
379003,0.0,0,0,4
379003,0.06825396825396825,1,43,74
379003,0.0035587188612099642,1,2,26
379003,0.07138001359619306,1,105,147
379003,0.0,0,0,0
379006,0.08355508249068654,1,157,290
379006,0.06410695920466232,1,374,830
379007,0.04112613855920508,1,596,2001
380000,0.10028851702250433,1,869,936
380001,0.0,0,0,6
380001,0.10124868361666918,1,673,1127
380002,0.07628294036061026,1,55,85
380003,0.11185752226214654,1,716,1064
380004,0.0011890606420927466,1,1,45
380004,0.0,0,0,39
380004,0.008658008658008658,1,6,23
381001,0.022653721682847898,1,112,462
381002,0.05023406553835074,1,279,763
381002,0.09446254071661238,1,87,66
381003,0.08599204019051347,1,1318,1564
381005,0.053099442929951404,1,448,1054
382001,0.1382091960204356,1,1028,909
382002,0.11002608521169152,1,1645,2728
382003,0.04407833989405647,1,907,1576
382004,0.03259124245974916,1,751,2103
383001,0.11819980217606331,1,239,349
383001,0.04867140226256248,1,185,522
383001,0.08396946564885496,1,11,12
383002,0.14320388349514562,1,177,218
383002,0.10077041602465331,1,654,870
383002,0.03269355888093689,1,201,858
383003,0.03312219583003431,1,502,1134
384001,0.004985754985754986,1,7,65
384001,0.0,0,0,4
384001,0.0054446460980036296,1,3,20
384002,0.0,0,0,4
384002,0.018633540372670808,1,3,11
384002,0.08097826086956522,1,149,205
384003,0.1470529337160403,1,2203,2577
384003,0.0504774897680764,1,148,235
384004,0.009485094850948509,1,28,277
384005,0.0,0,0,44
384005,0.022773797338792222,1,89,330
384005,0.016129032258064516,1,1,3
384005,0.0,0,0,1
385001,0.0,0,0,4
385001,0.0,0,0,45
385001,0.0,0,0,34
385001,0.0,0,0,2
385001,0.0,0,0,9
385001,0.0,0,0,2
385001,0.0,0,0,14
385001,0.0027447392497712718,1,3,148
385001,0.0,0,0,2
385002,0.0,0,0,9
385002,0.0,0,0,9
385002,0.0,0,0,5
385002,0.0,0,0,7
385002,0.0,0,0,13
385002,0.0,0,0,3
385002,0.0,0,0,7
385002,0.0,0,0,28
385002,0.0,0,0,2
385002,0.0,0,0,10
385002,0.0,0,0,13
386001,0.0020491803278688526,1,1,20
386001,0.0,0,0,49
386001,0.0035026269702276708,1,2,23
386001,0.0,0,0,4
386001,0.0,0,0,0
386001,0.0,0,0,13
386001,0.0,0,0,5
386001,0.0,0,0,4
386002,0.0,0,0,40
386002,0.002688172043010753,1,1,22
386002,0.0,0,0,30
386002,0.0,0,0,5
386002,0.0,0,0,24
386002,0.0,0,0,16
386002,0.0,0,0,11
386003,0.0,0,0,15
386003,0.0,0,0,5
386003,0.0,0,0,30
386003,0.0,0,0,48
386003,0.0,0,0,18
386003,0.0,0,0,0
386003,0.0,0,0,7
386004,0.0,0,0,13
386004,0.0,0,0,13
386004,0.0,0,0,6
386004,0.0,0,0,3
386004,0.0005977286312014345,1,1,95
386004,0.0,0,0,1
386004,0.0,0,0,29
387001,0.041060735671514116,1,96,436
387003,0.07160096540627514,1,89,138
387002,0.0,0,0,0
387003,0.04905660377358491,1,13,37
387003,0.055526992287917736,1,108,278
387001,0.041120381406436236,1,69,241
387003,0.040383299110198494,1,59,301
387002,0.04286628278950736,1,134,387
387002,0.009954751131221719,1,22,266
387003,0.06547085201793722,1,219,428
387001,0.024009603841536616,1,20,193
387001,0.0020491803278688526,1,1,58
387001,0.0184141300263059,1,49,228
387002,0.05695443645083933,1,95,246
387002,0.020254169976171566,1,51,221
387003,0.0,0,0,0
387003,0.021172638436482084,1,13,121
387003,0.04014167650531287,1,34,148
388001,0.0,0,0,2
388001,0.0,0,0,1
388001,0.0,0,0,60
388001,0.0,0,0,5
388001,0.0,0,0,102
388001,0.0,0,0,3
388001,0.0,0,0,4
388001,0.0006901311249137336,1,1,60
388001,0.0,0,0,29
388001,0.0,0,0,1
388002,0.0,0,0,15
388002,0.0,0,0,17
388002,0.0,0,0,15
388002,0.0,0,0,36
388002,0.0,0,0,29
388002,0.0,0,0,0
388002,0.0,0,0,22
388002,0.0,0,0,0
388002,0.0004268032437046522,1,1,203
388003,0.0,0,0,7
388003,0.0,0,0,3
388003,0.0,0,0,5
388003,0.0,0,0,89
388003,0.0,0,0,35
388003,0.0,0,0,16
389001,0.03669724770642202,1,4,10
389001,0.0,0,0,8
389001,0.0,0,0,1
389001,0.0,0,0,2
389001,0.0,0,0,7
389001,0.012285012285012284,1,20,176
389001,0.0,0,0,93
389001,0.0062176165803108805,1,6,92
389001,0.0,0,0,16
389001,0.0,0,0,19
389001,0.0,0,0,1
389001,0.0,0,0,0
389001,0.0,0,0,13
389001,0.0,0,0,16
389001,0.0,0,0,16
389001,0.0,0,0,0
389002,0.0,0,0,0
389002,0.0,0,0,3
389002,0.002785515320334262,1,1,18
389002,0.0,0,0,27
389002,0.0,0,0,4
389002,0.001977587343441002,1,3,126
389002,0.0,0,0,19
389002,0.0,0,0,1
389002,0.0,0,0,17
389002,0.0,0,0,21
389002,0.0,0,0,15
389002,0.0,0,0,11
389002,0.0,0,0,16
389002,0.0,0,0,22
389002,0.0,0,0,3
389002,0.0,0,0,4
389002,0.0,0,0,4
389002,0.0,0,0,11
390001,0.0,0,0,1
390001,0.0,0,0,15
390001,0.00641025641025641,1,1,3
390001,0.0,0,0,8
390001,0.0,0,0,0
390001,0.0,0,0,14
390001,0.0,0,0,11
390001,0.0,0,0,18
390001,0.0,0,0,38
390001,0.0,0,0,16
390001,0.0,0,0,7
390001,0.0,0,0,12
390001,0.0,0,0,8
390002,0.0031120331950207467,1,3,68
390002,0.0,0,0,27
390002,0.0,0,0,7
390002,0.0,0,0,107
390002,0.0,0,0,12
390002,0.0,0,0,1
390002,0.0,0,0,2
390002,0.0,0,0,7
390002,0.0,0,0,8
390002,0.0,0,0,0
390002,0.0,0,0,14
390002,0.0,0,0,7
390002,0.0,0,0,10
390003,0.0,0,0,1
390003,0.0,0,0,20
390003,0.0,0,0,0
390003,0.0,0,0,5
390003,0.0,0,0,3
390003,0.0,0,0,1
390003,0.0,0,0,6
390003,0.004132231404958678,1,1,3
390003,0.0,0,0,5
390003,0.0,0,0,2
390003,0.0,0,0,12
390003,0.0,0,0,2
390003,0.0,0,0,5
390003,0.0,0,0,1
390003,0.0,0,0,16
390003,0.0,0,0,8
391001,0.011402902557014512,1,33,133
391001,0.01282051282051282,1,2,16
391001,0.0,0,0,32
391001,0.0,0,0,14
391001,0.0,0,0,1
391001,0.0,0,0,1
391001,0.0,0,0,3
391001,0.0,0,0,4
391001,0.0,0,0,22
391001,0.0,0,0,0
391001,0.0,0,0,10
391001,0.0,0,0,1
391002,0.0,0,0,1
391002,0.0,0,0,16
391002,0.0,0,0,3
391002,0.001145475372279496,1,2,83
391002,0.019801980198019802,1,4,14
391002,0.0,0,0,97
391002,0.0,0,0,0
391003,0.0,0,0,63
391003,0.0,0,0,11
391003,0.003110419906687403,1,2,37
391003,0.0013850415512465374,1,1,77
391003,0.011876484560570071,1,5,41
391003,0.005706134094151213,1,4,109
391003,0.0,0,0,0
391003,0.03,1,3,5
391003,0.001863932898415657,1,2,39
391003,0.03389830508474576,1,8,5
391003,0.0,0,0,10
392001,0.13678588016720855,1,1178,895
392001,0.02090909090909091,1,23,91
392002,0.05977165883143049,1,89,176
392002,0.06073752711496746,1,56,87
392002,0.05113636363636364,1,9,8
392002,0.005788712011577424,1,4,42
392002,0.05365853658536585,1,22,56
392002,0.1065989847715736,1,42,26
392003,0.01614987080103359,1,25,113
392003,0.05056179775280899,1,9,14
392003,0.09953129307968017,1,361,580
392003,0.0,0,0,18
393001,0.004457652303120356,1,3,35
393001,0.030927835051546393,1,123,300
393002,0.013657056145675266,1,54,356
393002,0.06951871657754011,1,130,177
393003,0.07092198581560284,1,110,154
393003,0.08295964125560538,1,222,340
394000,0.03078962078727663,1,3415,20763
395003,0.048539759636340996,1,1559,3945
395004,0.0,0,0,12
395004,0.027777777777777776,1,9,17
395004,0.009229098805646038,1,34,201
395004,0.0,0,0,5
396001,0.0,0,0,31
396001,0.0005396654074473826,1,1,165
396001,0.0,0,0,8
396001,0.0,0,0,13
396001,0.004739336492890996,1,2,17
396001,0.0,0,0,23
396001,0.0,0,0,24
396001,0.0,0,0,17
396002,0.0,0,0,32
396002,0.009655172413793104,1,14,65
396002,0.013029315960912053,1,4,16
396002,0.010416666666666666,1,2,8
396002,0.0,0,0,50
396002,0.0,0,0,47
396002,0.0,0,0,0
396002,0.0,0,0,53
396002,0.0,0,0,17
396002,0.0,0,0,5
397001,0.016817593790426907,1,13,64
397001,0.002842377260981912,1,11,710
397001,0.0,0,0,0
397001,0.0,0,0,27
397001,0.0,0,0,9
397001,0.0,0,0,13
397001,0.0,0,0,8
397001,0.0017331022530329288,1,1,27
397001,0.028602860286028604,1,26,132
397001,0.0,0,0,14
397001,0.0,0,0,5
397001,0.0,0,0,1
397001,0.0010695187165775401,1,2,116
397001,0.0,0,0,9
397001,0.0,0,0,21
397001,0.0,0,0,3
397001,0.0,0,0,21
398001,0.0,0,0,4
398001,0.023529411764705882,1,8,10
398001,0.09263392857142858,1,166,245
398001,0.0,0,0,1
398001,0.08019246190858059,1,200,315
398001,0.1202718297217592,1,938,1298
398001,0.0,0,0,0
399001,0.07989949748743719,1,318,524
399001,0.06428571428571428,1,54,147
399001,0.13359162003156838,1,931,1151
399001,0.03398058252427184,1,14,47
399002,0.014925373134328358,1,4,31
399002,0.0,0,0,7
399002,0.19782608695652174,1,91,62
399002,0.06103286384976526,1,26,43
399002,0.07489878542510121,1,74,100
399002,0.0625,1,53,104
399002,0.0,0,0,5
399002,0.009433962264150943,1,3,23
399002,0.051336898395721926,1,48,83
399002,0.0,0,0,3
400001,0.10240998339916424,1,1789,3258
400002,0.0849911467555463,1,816,1655
400002,0.08771929824561403,1,20,23
401001,0.0,0,0,19
401001,0.002638522427440633,1,1,15
401001,0.001053740779768177,1,1,45
401001,0.0,0,0,4
401001,0.0,0,0,6
401001,0.0,0,0,3
401001,0.0,0,0,1
401001,0.0,0,0,9
401001,0.0,0,0,20
401001,0.0,0,0,15
401001,0.0,0,0,0
401001,0.0,0,0,23
401001,0.0,0,0,18
401001,0.0,0,0,1
401001,0.0,0,0,276
401001,0.008488964346349746,1,5,36
401002,0.0,0,0,32
401002,0.0,0,0,2
401002,0.0,0,0,17
401002,0.0031746031746031746,1,3,60
401002,0.0,0,0,0
401002,0.0,0,0,53
401002,0.0,0,0,48
401002,0.072992700729927,1,20,29
401002,0.04602510460251046,1,11,13
401002,0.0,0,0,0
401002,0.0,0,0,0
401002,0.0,0,0,27
401003,0.0,0,0,12
401003,0.0,0,0,11
401003,0.0,0,0,64
401003,0.0,0,0,6
401003,0.0,0,0,21
401003,0.0,0,0,12
401003,0.0,0,0,32
401003,0.011764705882352941,1,6,26
401003,0.0024479804161566705,1,2,48
401003,0.0,0,0,19
401003,0.0,0,0,24
401003,0.0,0,0,10
402001,0.0,0,0,3
402001,0.00034746351633078526,1,1,149
402001,0.00964630225080386,1,24,142
402002,0.045454545454545456,1,5,5
402002,0.0009633911368015414,1,1,55
402002,0.0,0,0,6
402002,0.0,0,0,75
402003,0.0,0,0,26
402003,0.0,0,0,5
402003,0.0,0,0,16
402003,0.0021953896816684962,1,4,68
403001,0.0,0,0,41
403001,0.0,0,0,9
403001,0.0,0,0,13
403001,0.0,0,0,8
403001,0.0033112582781456954,1,1,16
403001,0.0,0,0,13
403001,0.0,0,0,0
403001,0.0021436227224008574,1,2,60
403001,0.0,0,0,6
403001,0.0,0,0,16
403001,0.0,0,0,4
403001,0.0,0,0,3
403002,0.00016105653084232566,1,1,556
403002,0.00558659217877095,1,3,35
403003,0.0,0,0,12
403003,0.0,0,0,5
403003,0.004291845493562232,1,1,6
403003,0.0,0,0,2
403003,0.052954472069744914,1,164,381
403003,0.0,0,0,21
403003,0.0,0,0,0
403003,0.0,0,0,34
403004,0.0076370170709793355,1,51,804
403004,0.0,0,0,267
403005,0.0,0,0,20
403005,0.0,0,0,38
403005,0.0,0,0,7
403005,0.0,0,0,9
403005,0.0,0,0,7
403005,0.0,0,0,11
403005,0.0,0,0,21
403005,0.0,0,0,2
403005,0.0,0,0,9
403005,0.0,0,0,8
404001,0.0070921985815602835,1,2,15
404001,0.0,0,0,0
404001,0.0,0,0,28
404001,0.0,0,0,79
404001,0.0,0,0,7
404002,0.0,0,0,3
404002,0.0,0,0,1
404002,0.001851851851851852,1,1,22
404002,0.010344827586206896,1,3,9
404002,0.0,0,0,11
404002,0.0,0,0,40
404002,0.0,0,0,38
404003,0.0,0,0,11
404003,0.0,0,0,4
404003,0.0,0,0,22
404003,0.0,0,0,12
404003,0.0,0,0,48
404003,0.0008600917431192661,1,3,335
404003,0.0,0,0,4
404004,0.0015384615384615385,1,1,31
404004,0.0,0,0,0
404004,0.0,0,0,0
404004,0.007220216606498195,1,2,10
404004,0.0,0,0,1
404004,0.0,0,0,0
404004,0.0,0,0,10
404004,0.0,0,0,0
404004,0.0006426735218508997,1,1,119
404004,0.0,0,0,24
404004,0.004966887417218543,1,3,20
404004,0.0,0,0,0
404005,0.0,0,0,7
404005,0.0,0,0,8
404005,0.0,0,0,29
404005,0.006589785831960461,1,8,126
404005,0.006097560975609756,1,1,4
404005,0.0,0,0,6
404005,0.0,0,0,22
404005,0.0,0,0,4
404005,0.0,0,0,19
405001,0.12409638554216867,1,103,135
405001,0.0,0,0,4
405001,0.0,0,0,0
405001,0.056195965417867436,1,39,68
405001,0.0,0,0,1
405001,0.05570152390961639,1,106,183
405002,0.03700623700623701,1,89,272
405002,0.0,0,0,9
405002,0.0,0,0,8
405002,0.0010638297872340426,1,1,49
405002,0.006329113924050633,1,2,12
405002,0.0,0,0,20
405002,0.0,0,0,0
405002,0.0,0,0,10
405003,0.0,0,0,10
405003,0.06770456191165822,1,187,342
405003,0.00865051903114187,1,15,80
405003,0.0,0,0,0
405004,0.0,0,0,105
405004,0.0,0,0,15
405004,0.002224694104560623,1,2,27
405004,0.0,0,0,8
406001,0.0,0,0,0
406001,0.0,0,0,4
406001,0.0,0,0,11
406001,0.0,0,0,125
406001,0.0,0,0,12
406001,0.0011961722488038277,1,1,44
406001,0.0,0,0,0
406001,0.0,0,0,36
406001,0.0,0,0,19
406001,0.0,0,0,2
406002,0.0,0,0,2
406002,0.004962779156327543,1,10,114
406002,0.0,0,0,19
406002,0.0,0,0,12
406002,0.0,0,0,0
406002,0.010518407212622089,1,14,103
406002,0.0,0,0,15
406002,0.0,0,0,25
406002,0.0,0,0,16
406002,0.0,0,0,8
406003,0.0,0,0,5
406003,0.01179245283018868,1,15,63
406003,0.0,0,0,12
406003,0.0,0,0,21
406003,0.002932551319648094,1,1,7
406003,0.011029411764705883,1,18,172
406003,0.0,0,0,6
406003,0.0,0,0,8
406003,0.0,0,0,0
406003,0.0,0,0,25
406004,0.0,0,0,3
406004,0.0,0,0,5
406004,0.0,0,0,13
406004,0.0,0,0,0
406004,0.0,0,0,3
406004,0.0031746031746031746,1,1,13
406004,0.0,0,0,1
406004,0.0033333333333333335,1,1,16
406004,0.0,0,0,11
406004,0.0,0,0,7
406004,0.0,0,0,5
406004,0.0,0,0,20
406004,0.0029791459781529296,1,3,66
406004,0.0,0,0,8
407001,0.0,0,0,22
407001,0.0,0,0,0
407001,0.0,0,0,0
407001,0.0,0,0,8
407001,0.0,0,0,45
407001,0.0,0,0,10
407001,0.0,0,0,58
407001,0.0,0,0,0
407001,0.0,0,0,15
407001,0.0,0,0,28
407001,0.0,0,0,10
407001,0.0,0,0,16
407001,0.0,0,0,41
407001,0.0,0,0,10
407001,0.0,0,0,35
407001,0.0,0,0,0
407001,0.0,0,0,0
407001,0.0,0,0,12
407001,0.0,0,0,2
407001,0.0,0,0,102
407001,0.0,0,0,18
407001,0.0,0,0,5
407001,0.0,0,0,0
407001,0.0,0,0,0
407001,0.0,0,0,3
408001,0.10180995475113122,1,45,48
408001,0.03636363636363636,1,12,25
408001,0.029585798816568046,1,5,9
408001,0.0,0,0,0
408001,0.029612756264236904,1,13,34
408001,0.07851239669421488,1,57,67
408001,0.08638743455497382,1,33,40
408001,0.11055276381909548,1,22,22
408001,0.002079002079002079,1,1,48
408001,0.0,0,0,1
408001,0.0,0,0,0
408001,0.0,0,0,0
408001,0.0,0,0,0
408001,0.06614785992217899,1,34,60
408001,0.0,0,0,7
408001,0.1,1,83,108
408001,0.01282051282051282,1,5,21
408001,0.07093821510297482,1,31,40
408001,0.06818181818181818,1,33,53
408001,0.0,0,0,0
408001,0.05274725274725275,1,24,43
408001,0.027409372236958444,1,62,284
408001,0.034071550255536626,1,20,38
408001,0.0,0,0,14
408001,0.0,0,0,40
408001,0.07865168539325842,1,21,21
408001,0.017241379310344827,1,3,4
408001,0.0,0,0,6
408001,0.03954802259887006,1,14,37
408001,0.0,0,0,10
408001,0.0273972602739726,1,12,28
408001,0.08514190317195326,1,51,72
408001,0.10683760683760683,1,25,40
408001,0.004945598417408506,1,5,81
408001,0.009615384615384616,1,1,1
408001,0.0,0,0,1
408001,0.0,0,0,3
408001,0.11009174311926606,1,36,38
409001,0.0,0,0,14
409001,0.003289473684210526,1,1,24
409001,0.000931098696461825,1,1,60
409001,0.014534883720930232,1,5,25
409001,0.0,0,0,2
409001,0.0,0,0,18
409001,0.008674101610904586,1,7,62
409001,0.0,0,0,4
409001,0.0,0,0,4
409001,0.0,0,0,13
409001,0.08560311284046693,1,44,51
409001,0.011560693641618497,1,4,32
409001,0.0,0,0,9
409001,0.01838235294117647,1,5,12
409001,0.0,0,0,1
409001,0.008092485549132947,1,7,65
409001,0.0,0,0,4
409001,0.0695364238410596,1,42,84
409001,0.028503562945368172,1,12,43
409001,0.0,0,0,28
409001,0.013888888888888888,1,1,5
409001,0.025974025974025976,1,4,9
409001,0.04981549815498155,1,27,50
409001,0.013644366197183098,1,31,230
409001,0.0,0,0,6
409001,0.0176678445229682,1,5,18
409001,0.0041841004184100415,1,1,12
409001,0.0,0,0,0
409001,0.03731343283582089,1,10,19
409001,0.0,0,0,0
409001,0.0,0,0,23
409001,0.11789473684210526,1,56,70
409001,0.0,0,0,28
409001,0.0,0,0,3
409001,0.0,0,0,0
409001,0.0,0,0,3
409001,0.0,0,0,10
409001,0.0,0,0,9
409001,0.0,0,0,0
409001,0.008875739644970414,1,3,33
409001,0.0,0,0,0
409001,0.0,0,0,6
409001,0.0,0,0,41
410001,0.0,0,0,6
410001,0.0,0,0,0
410001,0.018205461638491547,1,14,66
410001,0.0,0,0,30
410001,0.023255813953488372,1,2,3
410001,0.0,0,0,1
410001,0.0,0,0,14
410001,0.047619047619047616,1,1,1
410001,0.0,0,0,1
410001,0.10363391655450875,1,77,99
410001,0.0,0,0,0
410001,0.0,0,0,7
410001,0.012658227848101266,1,5,24
410001,0.0425531914893617,1,20,33
410001,0.005050505050505051,1,1,10
410001,0.0,0,0,5
410001,0.0,0,0,0
410001,0.03488372093023256,1,6,11
410001,0.0,0,0,0
410001,0.0,0,0,0
410001,0.0,0,0,0
410001,0.0,0,0,7
410001,0.04504504504504504,1,5,1
410001,0.0,0,0,0
410001,0.07526881720430108,1,21,30
410001,0.0,0,0,1
410001,0.0,0,0,3
410001,0.0,0,0,0
410001,0.005076142131979695,1,1,6
410001,0.0,0,0,0
410001,0.0,0,0,0
410001,0.0,0,0,1
410001,0.0,0,0,10
410001,0.014388489208633094,1,2,6
410001,0.0,0,0,0
410001,0.0,0,0,5
410001,0.02531645569620253,1,4,7
410001,0.0,0,0,2
410001,0.0,0,0,8
410001,0.0,0,0,0
410001,0.0,0,0,0
410001,0.0,0,0,0
411001,0.10606060606060606,1,56,54
411001,0.14085914085914086,1,141,167
411001,0.14541120381406436,1,122,110
411001,0.0,0,0,2
411001,0.125,1,20,29
411001,0.0,0,0,54
411001,0.0,0,0,51
411001,0.12805474095796676,1,131,166
411001,0.13845446182152715,1,301,336
411002,0.0,0,0,0
411002,0.0,0,0,3
411002,0.0,0,0,0
411002,0.12091179385530228,1,122,137
411002,0.13028169014084506,1,37,29
411002,0.10078878177037687,1,115,123
411002,0.01225114854517611,1,8,45
411002,0.1352112676056338,1,48,68
411002,0.02909090909090909,1,8,14
411002,0.0,0,0,0
411002,0.0,0,0,1
411002,0.0,0,0,0
411002,0.14267676767676768,1,113,102
411002,0.0,0,0,0
411002,0.0,0,0,0
411002,0.0,0,0,0
411002,0.0539568345323741,1,30,46
411002,0.13178294573643412,1,119,147
412001,0.0,0,0,0
412001,0.10939431396786156,1,177,202
412001,0.0,0,0,16
412001,0.13203214695752008,1,115,117
412001,0.07889908256880734,1,43,47
412001,0.0965391621129326,1,53,73
412001,0.01694915254237288,1,1,2
412002,0.0,0,0,43
412002,0.10660915113233708,1,692,1111
412002,0.11602209944751381,1,63,67
412003,0.12289156626506025,1,153,161
412003,0.1338621715418939,1,270,341
412003,0.0,0,0,0
413001,0.0,0,0,0
413001,0.0,0,0,5
413001,0.0,0,0,11
413001,0.0,0,0,9
413001,0.0,0,0,11
413001,0.08284023668639054,1,14,14
413001,0.10294117647058823,1,98,115
413001,0.0,0,0,0
413001,0.0,0,0,7
413001,0.009532888465204958,1,10,102
413001,0.0,0,0,39
413001,0.0,0,0,16
413001,0.0,0,0,13
413001,0.0,0,0,4
413001,0.0,0,0,24
413001,0.0,0,0,15
413001,0.0,0,0,3
413001,0.0,0,0,12
413001,0.03614457831325301,1,9,22
413001,0.0,0,0,23
413001,0.0,0,0,0
413001,0.0,0,0,21
413001,0.0,0,0,0
413002,0.054878048780487805,1,18,30
413002,0.10652920962199312,1,62,86
413002,0.018404907975460124,1,3,9
413002,0.0,0,0,0
413002,0.0,0,0,25
413002,0.05842911877394636,1,61,150
413002,0.050551470588235295,1,55,120
413002,0.0,0,0,29
413002,0.0,0,0,8
413002,0.1001727115716753,1,58,61
413002,0.05423728813559322,1,16,20
413002,0.01978021978021978,1,9,31
414001,0.0,0,0,45
414001,0.0,0,0,34
414001,0.031180400890868598,1,14,46
414001,0.031270358306188926,1,48,209
414001,0.0,0,0,4
414001,0.0,0,0,17
414001,0.006379585326953748,1,4,39
414002,0.0,0,0,24
414002,0.07142857142857142,1,86,147
414002,0.0,0,0,21
414002,0.0008183306055646482,1,1,77
414002,0.0,0,0,6
414002,0.0,0,0,1
414002,0.0,0,0,67
414002,0.0,0,0,0
414003,0.0018181818181818182,1,8,502
414003,0.0,0,0,0
414003,0.0436046511627907,1,15,24
414003,0.0,0,0,7
414003,0.03963666391412056,1,48,138
414004,0.0047169811320754715,1,4,44
414004,0.019083969465648856,1,15,49
414004,0.003937007874015748,1,1,13
414004,0.0021008403361344537,1,1,22
414004,0.0,0,0,12
414004,0.0,0,0,5
414004,0.02185792349726776,1,12,63
414004,0.062352012628255724,1,79,174
414004,0.09342783505154639,1,145,185
415001,0.0,0,0,0
415001,0.05714285714285714,1,42,85
415001,0.0,0,0,0
415001,0.0,0,0,1
415001,0.10318076027928627,1,133,194
415001,0.06329113924050633,1,5,4
415001,0.085,1,918,1503
415001,0.14889606892837912,1,553,582
415001,0.05191256830601093,1,19,32
415001,0.1239766081871345,1,106,118
415001,0.022222222222222223,1,2,2
415002,0.0,0,0,9
415002,0.014705882352941176,1,1,2
415002,0.055825242718446605,1,23,43
415002,0.012468827930174564,1,5,22
415002,0.050256410256410255,1,49,86
415002,0.034482758620689655,1,7,7
415002,0.030136986301369864,1,11,13
415002,0.0,0,0,0
415002,0.03768844221105527,1,15,35
415002,0.0,0,0,2
415002,0.07306338028169014,1,83,135
415002,0.0,0,0,0
415002,0.015053763440860216,1,7,26
415002,0.05956112852664577,1,76,129
415002,0.0,0,0,6
416001,0.07326007326007326,1,120,182
416001,0.014134275618374558,1,4,17
416001,0.0,0,0,3
416001,0.007042253521126761,1,3,19
416001,0.13615023474178403,1,203,235
416001,0.05947136563876652,1,27,48
416001,0.0,0,0,9
416002,0.0,0,0,1
416002,0.09363295880149813,1,150,250
416002,0.10273972602739725,1,180,219
416002,0.0,0,0,13
416002,0.0,0,0,1
416002,0.09667194928684628,1,122,163
416003,0.0,0,0,0
416003,0.17411764705882352,1,148,137
416003,0.0,0,0,0
416003,0.08998988877654196,1,89,125
416003,0.07888040712468193,1,31,46
416003,0.0,0,0,0
416003,0.0782608695652174,1,9,8
416003,0.0,0,0,0
416003,0.0,0,0,0
416003,0.0378619153674833,1,17,29
416003,0.0835881753312946,1,82,109
416003,0.0,0,0,0
416003,0.06159420289855073,1,17,21
416003,0.0,0,0,0
416004,0.013888888888888888,1,1,3
416004,0.056363636363636366,1,31,46
416004,0.025,1,3,2
416004,0.09841269841269841,1,31,28
416004,0.03474903474903475,1,18,44
416004,0.033797216699801194,1,17,47
416004,0.0793180133432172,1,107,181
416004,0.13043478260869565,1,24,16
416004,0.17423442449841606,1,165,140
417001,0.08157301494531184,1,1954,4058
417002,0.06299212598425197,1,8,19
417002,0.12088915956151035,1,397,566
417002,0.051215277777777776,1,59,232
417002,0.061855670103092786,1,12,19
417002,0.12162162162162163,1,54,70
417002,0.007251153592617007,1,22,421
417002,0.15595975232198142,1,806,1238
417002,0.06157965194109773,1,92,314
417002,0.06111111111111111,1,11,33
417002,0.1150497512437811,1,185,253
418001,0.0,0,0,8
418001,0.08695652173913043,1,20,27
418001,0.0,0,0,1
418001,0.0,0,0,5
418001,0.0,0,0,3
418001,0.0,0,0,3
418001,0.0,0,0,11
418001,0.0,0,0,27
418001,0.0,0,0,15
418001,0.0,0,0,4
418001,0.0,0,0,2
418001,0.02631578947368421,1,4,12
418001,0.0,0,0,48
418001,0.0,0,0,9
418001,0.0,0,0,28
418002,0.03640256959314775,1,17,44
418002,0.0,0,0,6
418002,0.016216216216216217,1,3,10
418002,0.025210084033613446,1,9,22
418002,0.005065554231227652,1,17,331
418002,0.0,0,0,1
418002,0.0,0,0,0
418002,0.0,0,0,0
418002,0.0,0,0,0
418002,0.0,0,0,2
418002,0.0,0,0,0
418003,0.0,0,0,9
418003,0.0,0,0,13
418003,0.014534883720930232,1,5,19
418003,0.06746987951807229,1,28,26
418003,0.00902061855670103,1,7,53
418003,0.0,0,0,2
418003,0.0,0,0,19
418003,0.0,0,0,6
418003,0.0,0,0,23
418003,0.0,0,0,5
418003,0.02077922077922078,1,8,20
418003,0.0,0,0,10
418003,0.010395010395010396,1,5,19
418003,0.0,0,0,0
418004,0.0,0,0,0
418004,0.0,0,0,22
418004,0.0,0,0,5
418004,0.0,0,0,3
418004,0.0,0,0,2
418004,0.0,0,0,5
418004,0.0,0,0,8
418004,0.0,0,0,3
418004,0.0,0,0,14
418004,0.0,0,0,13
418004,0.0,0,0,0
418004,0.0,0,0,11
418004,0.0,0,0,0
418004,0.0015313935681470138,1,1,41
418004,0.0,0,0,0
418004,0.0013404825737265416,1,1,48
419001,0.0,0,0,3
419001,0.0,0,0,2
419001,0.0,0,0,25
419001,0.0,0,0,0
419001,0.0,0,0,7
419001,0.0,0,0,3
419001,0.0,0,0,11
419001,0.0,0,0,20
419001,0.0072992700729927005,1,1,4
419001,0.0,0,0,28
419001,0.0,0,0,44
419001,0.0,0,0,20
419001,0.0,0,0,7
419001,0.0,0,0,0
419001,0.0,0,0,6
419001,0.004934210526315789,1,3,31
419001,0.0,0,0,2
419001,0.0,0,0,15
419001,0.0,0,0,31
419001,0.0,0,0,0
419001,0.0,0,0,1
419001,0.0,0,0,67
419001,0.0019255455712451862,1,3,139
419001,0.0,0,0,3
419001,0.0,0,0,5
419001,0.0,0,0,3
419001,0.0,0,0,1
419001,0.0,0,0,52
419001,0.0,0,0,2
420001,0.0,0,0,1
420001,0.0,0,0,27
420001,0.0,0,0,4
420001,0.0,0,0,36
420001,0.0,0,0,0
420001,0.0,0,0,29
420001,0.0,0,0,14
420001,0.0,0,0,9
420001,0.0,0,0,0
420001,0.0,0,0,0
420001,0.0,0,0,211
420001,0.0,0,0,0
420002,0.0,0,0,0
420002,0.0,0,0,5
420002,0.0,0,0,17
420002,0.0,0,0,5
420002,0.0,0,0,29
420002,0.0,0,0,65
420002,0.0,0,0,2
420002,0.0,0,0,2
420002,0.0,0,0,33
420002,0.0,0,0,10
420002,0.0411522633744856,1,10,21
420003,0.004123711340206186,1,2,53
420003,0.0,0,0,2
420003,0.0,0,0,10
420003,0.0111731843575419,1,4,16
420003,0.0,0,0,1
420003,0.0022371364653243847,1,1,27
420003,0.0,0,0,11
420003,0.0,0,0,21
420003,0.0,0,0,0
420003,0.0,0,0,19
420003,0.0,0,0,3
420003,0.0,0,0,10
420003,0.006514657980456026,1,2,19
421001,0.0,0,0,23
421001,0.0,0,0,2
421001,0.0,0,0,3
421001,0.0,0,0,22
421001,0.0,0,0,33
421001,0.0,0,0,98
421001,0.0,0,0,36
421001,0.0,0,0,1
421001,0.0033917467495760316,1,6,160
421001,0.006382978723404255,1,9,187
421001,0.0,0,0,210
421001,0.0008163265306122449,1,1,114
421001,0.0,0,0,33
421001,0.0,0,0,121
421001,0.0,0,0,1
421001,0.0,0,0,9
421001,0.0,0,0,0
421002,0.0,0,0,5
421002,0.0,0,0,9
421002,0.0,0,0,7
421002,0.0,0,0,46
421002,0.0,0,0,6
421002,0.0,0,0,18
421002,0.0,0,0,0
421002,0.0,0,0,8
421002,0.0,0,0,1
421002,0.0,0,0,30
421002,0.0,0,0,30
421002,0.0,0,0,1
421002,0.0,0,0,0
421002,0.0,0,0,10
421002,0.0,0,0,15
421002,0.0,0,0,24
421002,0.0,0,0,8
421002,0.0,0,0,16
421002,0.0,0,0,4
421002,0.0,0,0,1
422001,0.0,0,0,2
422001,0.0,0,0,25
422001,0.0,0,0,13
422001,0.0,0,0,2
422001,0.0,0,0,52
422001,0.0,0,0,0
422001,0.0,0,0,4
422001,0.0,0,0,2
422001,0.0,0,0,11
422001,0.0,0,0,10
422001,0.009950248756218905,1,4,24
422002,0.0,0,0,17
422002,0.0,0,0,63
422002,0.0,0,0,1
422002,0.0,0,0,3
422002,0.0,0,0,1
422002,0.0,0,0,48
422002,0.0,0,0,27
422002,0.0,0,0,3
422002,0.0,0,0,0
422002,0.0,0,0,8
422002,0.0,0,0,18
422002,0.0,0,0,0
422003,0.0,0,0,203
422003,0.0,0,0,12
422003,0.0,0,0,1
422003,0.0,0,0,4
422003,0.0,0,0,28
422003,0.0,0,0,9
422003,0.0,0,0,4
422003,0.0,0,0,4
422003,0.0,0,0,26
422003,0.0,0,0,24
422003,0.0,0,0,14
422003,0.0,0,0,12
422004,0.0,0,0,48
422004,0.0,0,0,7
422004,0.0,0,0,5
422004,0.0,0,0,90
422004,0.0,0,0,94
422004,0.0,0,0,33
423000,0.0,0,0,20
423001,0.0,0,0,78
423002,0.0,0,0,114
423002,0.0,0,0,26
423003,0.0,0,0,78
423003,0.0,0,0,35
423004,0.0,0,0,534
423005,0.0,0,0,72
423005,0.0,0,0,11
424000,0.0005141388174807198,1,2,191
424001,0.0,0,0,18
424001,0.0,0,0,23
424001,0.0,0,0,9
424001,0.0,0,0,19
424001,0.0,0,0,23
424002,0.0,0,0,39
424002,0.0,0,0,21
424002,0.0002849002849002849,1,1,209
424002,0.0,0,0,28
424003,0.0,0,0,41
425000,0.0,0,0,3
425000,0.000800711743772242,1,9,1234
425000,0.00398406374501992,1,5,51
425000,0.0,0,0,41
425001,0.0,0,0,12
425001,0.0,0,0,16
425001,0.0,0,0,16
425002,0.0,0,0,16
425002,0.0,0,0,7
425002,0.0,0,0,33
425002,0.0,0,0,28
425003,0.0,0,0,0
425003,0.0,0,0,1
425003,0.0,0,0,6
425003,0.0,0,0,32
425003,0.0,0,0,1
425003,0.0,0,0,59
425003,0.0,0,0,3
425003,0.0,0,0,18
425003,0.0,0,0,57
425003,0.0,0,0,5
425003,0.0,0,0,0
425004,0.0,0,0,12
425005,0.0,0,0,21
425005,0.0,0,0,2
425005,0.0,0,0,0
425005,0.004651162790697674,1,1,5
425005,0.0,0,0,0
425005,0.008298755186721992,1,2,20
425005,0.0,0,0,1
425005,0.0,0,0,114
425005,0.0,0,0,23
426001,0.0,0,0,58
426001,0.0,0,0,8
426001,0.0,0,0,3
426001,0.0,0,0,6
426001,0.0,0,0,30
426001,0.0,0,0,3
426001,0.0,0,0,14
426001,0.0,0,0,0
426001,0.0,0,0,28
426001,0.0,0,0,14
426002,0.0,0,0,6
426002,0.0,0,0,1
426002,0.0,0,0,3
426002,0.0,0,0,1
426002,0.0,0,0,0
426002,0.0,0,0,0
426002,0.0,0,0,1
426002,0.0,0,0,15
426002,0.0,0,0,12
426002,0.0,0,0,5
426002,0.0,0,0,2
426002,0.0,0,0,15
426002,0.0,0,0,263
426002,0.0,0,0,11
426002,0.0,0,0,34
426002,0.0,0,0,6
426002,0.0,0,0,21
426002,0.0,0,0,2
426002,0.0,0,0,0
426003,0.0,0,0,6
426003,0.0,0,0,33
426003,0.0,0,0,11
426003,0.0,0,0,5
426003,0.0,0,0,15
426003,0.0,0,0,32
426003,0.0,0,0,20
426004,0.0,0,0,0
426004,0.0,0,0,0
426004,0.0,0,0,0
426004,0.0,0,0,8
426004,0.0,0,0,28
426004,0.0,0,0,4
426004,0.0,0,0,96
426004,0.0,0,0,0
426004,0.0,0,0,7
426004,0.0,0,0,21
426005,0.0,0,0,3
426005,0.0,0,0,39
426005,0.0,0,0,6
426005,0.0,0,0,40
426005,0.0,0,0,0
426005,0.0,0,0,13
426005,0.0,0,0,0
426005,0.0,0,0,4
426005,0.0,0,0,7
426005,0.0,0,0,5
427001,0.0,0,0,0
427001,0.0,0,0,3
427001,0.0,0,0,1
427001,0.0,0,0,2
427001,0.0,0,0,9
427001,0.0,0,0,55
427001,0.0,0,0,4
427001,0.0,0,0,1
427001,0.0,0,0,2
427001,0.0,0,0,17
427001,0.0,0,0,1
427001,0.0,0,0,0
427001,0.0,0,0,2
427001,0.0,0,0,2
427001,0.0,0,0,25
427001,0.0,0,0,0
427001,0.0,0,0,11
427001,0.0,0,0,1
427001,0.0,0,0,9
427001,0.0,0,0,45
427002,0.0,0,0,2
427002,0.0,0,0,105
427002,0.0,0,0,27
427002,0.0,0,0,31
427002,0.0,0,0,7
427002,0.0,0,0,12
427002,0.0,0,0,4
427002,0.0,0,0,14
427002,0.0,0,0,11
427002,0.0,0,0,35
427002,0.0,0,0,0
427002,0.0,0,0,23
427002,0.0,0,0,16
427002,0.0,0,0,3
427002,0.0,0,0,0
427002,0.0,0,0,1
427002,0.0,0,0,35
427002,0.0,0,0,0
427003,0.0,0,0,21
427003,0.0,0,0,22
427003,0.0,0,0,6
427003,0.0,0,0,9
427003,0.0,0,0,50
427003,0.0,0,0,510
427003,0.0,0,0,1
427003,0.0,0,0,11
427003,0.0,0,0,2
427003,0.0,0,0,18
427003,0.0,0,0,10
427003,0.0,0,0,186
427003,0.0,0,0,6
427003,0.0,0,0,131
427003,0.0,0,0,15
428002,0.0,0,0,3
428001,0.0,0,0,31
428002,0.0,0,0,3
428002,0.0,0,0,0
428002,0.0030581039755351682,1,2,99
428002,0.0,0,0,72
428002,0.0,0,0,3
428002,0.0,0,0,8
428002,0.0,0,0,36
428002,0.0,0,0,227
428002,0.0014245014245014246,1,1,89
428002,0.0,0,0,99
428002,0.0,0,0,35
428002,0.0,0,0,58
428002,0.0,0,0,27
428002,0.0,0,0,67
428002,0.0009082652134423251,1,2,220
428001,0.0,0,0,31
428001,0.0,0,0,6
428001,0.0,0,0,58
428001,0.0,0,0,1
428001,0.0,0,0,16
428001,0.0,0,0,1
428001,0.0,0,0,7
428001,0.0,0,0,18
428001,0.0,0,0,2
428001,0.0,0,0,10
428001,0.0,0,0,28
428001,0.0,0,0,10
428001,0.0,0,0,2
428001,0.0,0,0,46
428001,0.0,0,0,62
428001,0.0,0,0,10
428001,0.0,0,0,22
428001,0.0,0,0,10
428001,0.0,0,0,0
428001,0.0,0,0,2
428001,0.0,0,0,0
428001,0.0,0,0,14
428001,0.0,0,0,20
428001,0.0,0,0,0
428002,0.0,0,0,1
428002,0.0,0,0,5
428002,0.0,0,0,1
428002,0.0,0,0,2
428002,0.0,0,0,17
428002,0.0,0,0,0
428002,0.0,0,0,12
428002,0.0,0,0,62
428002,0.0,0,0,47
428002,0.0,0,0,31
428002,0.0,0,0,9
428002,0.0,0,0,0
428002,0.0,0,0,1
428003,0.0,0,0,1
428003,0.0,0,0,2
428003,0.0,0,0,18
428003,0.0,0,0,7
428003,0.0,0,0,1
428003,0.0,0,0,0
428003,0.0,0,0,6
428003,0.0,0,0,4
428003,0.0,0,0,15
428003,0.0,0,0,11
428003,0.0,0,0,0
428003,0.0,0,0,0
428003,0.0,0,0,1
428003,0.0,0,0,0
428003,0.0,0,0,2
428003,0.0,0,0,6
428003,0.0,0,0,1
428003,0.0,0,0,5
428003,0.0,0,0,23
428003,0.0,0,0,19
428003,0.0,0,0,1
428003,0.0,0,0,1
428003,0.0,0,0,2
428003,0.0,0,0,36
428003,0.0,0,0,6
428003,0.0,0,0,26
428003,0.0,0,0,0
428003,0.0,0,0,1
428003,0.0,0,0,5
428003,0.0,0,0,5
428003,0.0,0,0,0
428003,0.0,0,0,0
428003,0.0,0,0,17
428003,0.0,0,0,1
429001,0.0,0,0,9
429001,0.0,0,0,2
429001,0.0,0,0,13
429001,0.0,0,0,11
429001,0.0,0,0,11
429001,0.0,0,0,0
429001,0.0,0,0,4
429001,0.0,0,0,4
429001,0.0,0,0,13
429001,0.0,0,0,0
429001,0.0,0,0,1
429001,0.0,0,0,2
429001,0.0,0,0,5
429001,0.0,0,0,4
429001,0.0,0,0,5
429001,0.0,0,0,0
429001,0.0,0,0,0
429001,0.0,0,0,62
429002,0.0,0,0,20
429002,0.0,0,0,4
429002,0.0,0,0,0
429002,0.0,0,0,1
429002,0.0,0,0,12
429002,0.0,0,0,11
429002,0.0,0,0,356
429002,0.0,0,0,21
429002,0.0,0,0,5
429002,0.0,0,0,0
429002,0.0,0,0,15
429002,0.0,0,0,8
429002,0.0,0,0,13
429002,0.0,0,0,1
429002,0.0,0,0,1
429002,0.0,0,0,6
429003,0.0,0,0,1
429003,0.0,0,0,2
429003,0.0,0,0,16
429003,0.0,0,0,0
429003,0.0,0,0,1
429003,0.0,0,0,6
429003,0.0,0,0,8
429003,0.0,0,0,3
429003,0.0,0,0,35
429003,0.0,0,0,2
429003,0.0,0,0,4
429003,0.0,0,0,3
429003,0.0,0,0,21
429003,0.0,0,0,3
429003,0.0,0,0,0
429003,0.0,0,0,0
429003,0.0,0,0,2
429003,0.0,0,0,1
429003,0.0,0,0,40
429003,0.0,0,0,10
429003,0.0,0,0,0
429003,0.0,0,0,0
429003,0.0,0,0,6
429004,0.0,0,0,94
429004,0.0,0,0,10
429004,0.0,0,0,6
429004,0.0,0,0,4
429004,0.0,0,0,32
429004,0.0,0,0,10
429004,0.0,0,0,3
429004,0.0,0,0,35
429004,0.0,0,0,1
429004,0.0,0,0,1
429004,0.0,0,0,4
429004,0.0,0,0,0
430001,0.0,0,0,0
430001,0.0,0,0,0
430001,0.0,0,0,12
430001,0.0,0,0,0
430001,0.0,0,0,18
430001,0.0,0,0,33
430002,0.0,0,0,7
430002,0.0,0,0,3
430002,0.0,0,0,58
430002,0.0,0,0,5
430002,0.0,0,0,5
430002,0.0,0,0,105
430002,0.0,0,0,12
430003,0.0,0,0,1
430003,0.0,0,0,2
430003,0.0,0,0,45
430003,0.0,0,0,0
430003,0.0,0,0,12
430003,0.0,0,0,0
430003,0.0,0,0,1
430003,0.0,0,0,21
430003,0.0,0,0,15
430003,0.0,0,0,14
430003,0.0,0,0,6
430003,0.0,0,0,3
430003,0.0,0,0,17
430003,0.0,0,0,4
430003,0.0,0,0,9
430003,0.0,0,0,4
430003,0.0,0,0,12
430003,0.0,0,0,126
430003,0.0,0,0,7
430003,0.0,0,0,9
430003,0.0,0,0,18
430003,0.0,0,0,6
430004,0.0,0,0,2
430004,0.0,0,0,2
430004,0.0,0,0,64
430004,0.0,0,0,13
430004,0.0,0,0,0
430004,0.0,0,0,35
430004,0.0,0,0,9
430004,0.0,0,0,1
430004,0.0,0,0,6
430004,0.0,0,0,4
430004,0.0,0,0,13
430004,0.0,0,0,6
430005,0.0,0,0,158
430005,0.0,0,0,4
430005,0.0,0,0,10
430005,0.0,0,0,3
430005,0.0,0,0,0
430005,0.0,0,0,3
430005,0.0,0,0,0
430005,0.0,0,0,0
430005,0.0,0,0,0
430005,0.0,0,0,0
430005,0.0,0,0,24
430005,0.0,0,0,1
430005,0.0,0,0,16
430005,0.0,0,0,9
430005,0.0,0,0,0
430005,0.0,0,0,1
430005,0.0,0,0,3
430005,0.0,0,0,3
430005,0.0,0,0,2
430005,0.0,0,0,17
431001,0.0,0,0,5
431001,0.0,0,0,1
431001,0.0,0,0,3
431001,0.0,0,0,1
431001,0.0,0,0,1
431001,0.0,0,0,5
431001,0.0,0,0,1
431001,0.0,0,0,0
431001,0.0,0,0,11
431001,0.0,0,0,9
431001,0.0,0,0,0
431001,0.0,0,0,3
431001,0.0,0,0,4
431001,0.0,0,0,4
431001,0.0,0,0,15
431001,0.0,0,0,4
431001,0.0,0,0,1
431001,0.0,0,0,10
431001,0.0,0,0,0
431001,0.0,0,0,23
431002,0.0,0,0,0
431002,0.0,0,0,5
431002,0.0,0,0,5
431002,0.0,0,0,0
431002,0.0,0,0,5
431002,0.0,0,0,2
431002,0.0,0,0,4
431002,0.0,0,0,0
431002,0.0,0,0,0
431002,0.0,0,0,0
431002,0.0,0,0,3
431002,0.0,0,0,12
431002,0.0,0,0,2
431002,0.004042153890573119,1,28,657
431002,0.0,0,0,1
431002,0.0,0,0,0
431002,0.0,0,0,1
431002,0.0,0,0,0
431002,0.0,0,0,2
431002,0.0,0,0,7
431002,0.0,0,0,4
431002,0.0,0,0,7
431002,0.0,0,0,2
431002,0.0,0,0,0
431003,0.0,0,0,26
431003,0.0,0,0,20
431003,0.0,0,0,0
431003,0.0,0,0,5
431003,0.0,0,0,0
431003,0.0,0,0,13
431003,0.0,0,0,3
431003,0.0,0,0,10
431003,0.0,0,0,3
431003,0.0,0,0,1
431003,0.0,0,0,5
431003,0.0,0,0,7
431003,0.0,0,0,3
431003,0.0,0,0,0
431003,0.0,0,0,6
431003,0.0,0,0,1
431003,0.0,0,0,0
431004,0.0,0,0,14
431004,0.0,0,0,0
431004,0.0,0,0,6
431004,0.0,0,0,1
431004,0.0,0,0,8
431004,0.0,0,0,0
431004,0.0,0,0,3
431004,0.0,0,0,11
431004,0.0,0,0,6
431004,0.0,0,0,13
431004,0.0,0,0,6
431004,0.0,0,0,8
431004,0.0,0,0,21
431004,0.0,0,0,36
431004,0.0,0,0,7
431004,0.0,0,0,6
431004,0.0,0,0,9
431005,0.0,0,0,6
431005,0.0,0,0,8
431005,0.0,0,0,5
431005,0.0,0,0,14
431005,0.0,0,0,0
431005,0.0,0,0,21
431005,0.0,0,0,11
431005,0.0,0,0,9
431005,0.0,0,0,24
431005,0.0,0,0,24
431005,0.0,0,0,10
431005,0.0,0,0,0
431005,0.0,0,0,12
432001,0.0,0,0,7
432001,0.0,0,0,1
432001,0.0,0,0,9
432001,0.0,0,0,3
432001,0.0,0,0,0
432001,0.0,0,0,2
432001,0.0,0,0,2
432001,0.0,0,0,55
432001,0.0,0,0,5
432001,0.0,0,0,0
432001,0.0,0,0,342
432001,0.0,0,0,13
432001,0.0,0,0,3
432001,0.0,0,0,0
432001,0.0,0,0,1
432001,0.0,0,0,4
432001,0.0,0,0,8
432001,0.0,0,0,5
432001,0.0,0,0,44
432001,0.0,0,0,0
432001,0.0,0,0,0
432001,0.0,0,0,3
432001,0.0,0,0,12
432001,0.0,0,0,41
432001,0.0,0,0,4
432002,0.0,0,0,5
432002,0.0,0,0,3
432002,0.0,0,0,133
432002,0.0,0,0,9
432002,0.0,0,0,0
432002,0.0,0,0,3
432002,0.0,0,0,0
432002,0.0,0,0,17
432002,0.0,0,0,2
432002,0.0,0,0,33
432002,0.0,0,0,23
432002,0.0,0,0,25
432002,0.0,0,0,5
432002,0.0,0,0,13
432002,0.0,0,0,8
432002,0.0,0,0,1
432002,0.0,0,0,2
432002,0.0,0,0,4
432002,0.0,0,0,10
432002,0.0,0,0,5
432002,0.0,0,0,1
432002,0.0,0,0,2
432002,0.0,0,0,1
432002,0.0,0,0,2
432002,0.0,0,0,2
432003,0.0,0,0,2
432003,0.0,0,0,1
432003,0.0,0,0,14
432003,0.0,0,0,0
432003,0.0,0,0,0
432003,0.0,0,0,4
432003,0.0,0,0,3
432003,0.0,0,0,7
432003,0.0,0,0,1
432003,0.0,0,0,15
432003,0.0,0,0,7
432003,0.0,0,0,10
432003,0.0,0,0,1
432003,0.0,0,0,163
432003,0.0,0,0,31
432003,0.0,0,0,3
432003,0.0,0,0,2
432003,0.0,0,0,4
432003,0.0,0,0,1
432003,0.0,0,0,61
432003,0.0,0,0,0
432003,0.0,0,0,0
432003,0.0,0,0,0
432003,0.0,0,0,2
432003,0.0,0,0,20
432003,0.0,0,0,4
432003,0.0,0,0,2
433001,0.0,0,0,17
433001,0.0,0,0,50
433001,0.0,0,0,2
433001,0.0,0,0,1
433001,0.0,0,0,0
433001,0.0,0,0,18
433001,0.0,0,0,184
433001,0.0,0,0,25
433001,0.0,0,0,16
433001,0.0019455252918287938,1,3,155
433001,0.0,0,0,0
433001,0.0,0,0,1
433001,0.0,0,0,7
433001,0.005307855626326964,1,5,58
433001,0.0,0,0,0
433001,0.0,0,0,4
433001,0.0,0,0,27
433002,0.0,0,0,18
433002,0.0,0,0,6
433002,0.0,0,0,21
433002,0.0,0,0,0
433002,0.0,0,0,3
433002,0.0,0,0,27
433002,0.0,0,0,34
433002,0.0,0,0,11
433002,0.0,0,0,3
433002,0.0,0,0,5
433002,0.0,0,0,3
433002,0.0,0,0,6
433002,0.0,0,0,0
433002,0.0,0,0,43
433002,0.0,0,0,9
433002,0.0,0,0,10
433002,0.0,0,0,9
433002,0.0,0,0,30
433002,0.0007722007722007722,1,1,73
433002,0.0,0,0,1
433003,0.0,0,0,74
433003,0.009976525821596244,1,17,206
433003,0.0006540222367560497,1,1,127
433003,0.0,0,0,15
433003,0.0,0,0,19
433003,0.0,0,0,25
433003,0.0,0,0,18
433003,0.0,0,0,4
433003,0.0,0,0,3
433003,0.0,0,0,13
433003,0.0,0,0,15
433003,0.0,0,0,6
433003,0.0,0,0,31
433003,0.0,0,0,16
434001,0.007518796992481203,1,6,40
434001,0.010706638115631691,1,20,90
434001,0.0262597586941093,1,37,114
434002,0.0,0,0,0
434002,0.0,0,0,27
434002,0.0,0,0,0
434002,0.0,0,0,0
434002,0.0,0,0,0
434002,0.0,0,0,19
434002,0.0,0,0,7
434002,0.0,0,0,4
434002,0.0,0,0,1
434002,0.003835091083413231,1,4,55
434002,0.0,0,0,5
434002,0.0,0,0,0
434002,0.0,0,0,1
434002,0.0,0,0,22
434003,0.0,0,0,28
434003,0.0,0,0,4
434003,0.0,0,0,1
434003,0.0,0,0,36
434003,0.0,0,0,1
434003,0.012598425196850394,1,8,58
434003,0.001890359168241966,1,1,20
434004,0.0,0,0,552
434004,0.0,0,0,48
434004,0.0,0,0,13
434004,0.0,0,0,1
434005,0.0,0,0,2
434005,0.0,0,0,1
434005,0.0,0,0,37
434005,0.0,0,0,9
434005,0.0,0,0,16
434005,0.0,0,0,0
434005,0.0,0,0,3
434005,0.0,0,0,8
434005,0.0,0,0,0
434005,0.0,0,0,7
434005,0.0,0,0,17
434005,0.0,0,0,14
434005,0.0,0,0,1
434005,0.0,0,0,16
434006,0.0,0,0,2
434006,0.0,0,0,0
434006,0.0,0,0,15
434006,0.0,0,0,6
434006,0.0,0,0,0
434006,0.0,0,0,4
434006,0.0,0,0,36
434006,0.0,0,0,20
434006,0.0,0,0,10
435000,0.0012043356081894822,1,3,252
435001,0.0,0,0,19
435001,0.0,0,0,53
435001,0.0,0,0,32
435001,0.0,0,0,15
435001,0.0,0,0,1
435001,0.0,0,0,13
435001,0.004597701149425287,1,2,22
435001,0.0,0,0,0
435001,0.0,0,0,2
435002,0.0,0,0,2
435002,0.0,0,0,4
435002,0.004748338081671415,1,10,212
435002,0.0,0,0,21
435002,0.0,0,0,13
435002,0.0,0,0,9
435002,0.0,0,0,2
435002,0.0,0,0,10
435002,0.0,0,0,22
435002,0.0,0,0,23
435002,0.0,0,0,4
435002,0.0,0,0,4
435003,0.0,0,0,4
435003,0.0,0,0,0
435003,0.0,0,0,3
435003,0.0,0,0,14
435003,0.0392156862745098,1,12,12
435003,0.008264462809917356,1,1,1
435003,0.0,0,0,7
435003,0.002472187886279357,1,2,44
435003,0.0,0,0,16
435003,0.013490725126475547,1,8,55
435003,0.004464285714285714,1,1,7
435004,0.0,0,0,9
435004,0.0,0,0,0
435004,0.0,0,0,12
435004,0.0,0,0,2
435004,0.0,0,0,5
435004,0.0,0,0,3
435004,0.0,0,0,20
435004,0.0,0,0,0
435004,0.03636363636363636,1,2,0
435004,0.0,0,0,19
435004,0.0,0,0,45
435004,0.0,0,0,3
435004,0.0,0,0,3
435004,0.0,0,0,13
435004,0.0,0,0,3
435004,0.0,0,0,0
435004,0.0008984725965858042,1,1,93
436001,0.0,0,0,0
436001,0.005749191519942508,1,32,390
436002,0.0012330456226880395,1,1,48
436002,0.0,0,0,38
436002,0.0056179775280898875,1,1,12
436002,0.0,0,0,21
436002,0.0,0,0,2
436002,0.0,0,0,6
436002,0.0,0,0,17
436002,0.0,0,0,0
436003,0.014285714285714285,1,12,54
436003,0.0,0,0,6
436003,0.0,0,0,0
436003,0.00949367088607595,1,6,36
436003,0.0,0,0,10
436003,0.0,0,0,2
436003,0.0,0,0,12
436003,0.0,0,0,15
436003,0.0,0,0,6
436004,0.0,0,0,45
436004,0.0,0,0,2
436004,0.0015698587127158557,1,1,58
436004,0.0,0,0,55
436004,0.0,0,0,10
436004,0.0,0,0,8
436004,0.002288329519450801,1,1,37
436004,0.0,0,0,22
436004,0.0019860973187686196,1,2,67
436004,0.0,0,0,0
437001,0.08929532006455083,1,166,272
437001,0.0,0,0,0
437001,0.004122011541632316,1,5,93
437002,0.030744336569579287,1,19,26
437002,0.0,0,0,3
437002,0.0,0,0,6
437002,0.01800327332242226,1,11,29
437002,0.0,0,0,13
437002,0.0125,1,5,22
437003,0.05324074074074074,1,23,36
437003,0.04864433811802233,1,61,51
437003,0.0034562211981566822,1,3,18
437003,0.013175230566534914,1,10,61
437004,0.0,0,0,0
437004,0.10764262648008611,1,100,93
437004,0.14786585365853658,1,97,106
437004,0.15941727367325703,1,766,673
437005,0.08656906429026098,1,816,1400
437006,0.05216426193118757,1,47,69
438001,0.014925373134328358,1,5,15
438001,0.0,0,0,20
438001,0.054204308547602505,1,78,106
438001,0.06093189964157706,1,85,131
438001,0.07156884137028148,1,328,396
438001,0.08316929133858268,1,169,150
438001,0.07405063291139241,1,117,156
438002,0.0,0,0,12
438002,0.10516467065868264,1,281,264
438002,0.06770130454340981,1,301,481
438002,0.02531645569620253,1,16,14
438002,0.0,0,0,8
438003,0.14387351778656127,1,910,1005
438003,0.12608695652173912,1,319,401
438003,0.0148975791433892,1,8,39
438004,0.0,0,0,6
438004,0.12217541171964764,1,319,322
438004,0.16772727272727272,1,369,305
438004,0.05304518664047151,1,27,19
438004,0.0,0,0,8
438005,0.1107548100641342,1,449,590
438005,0.225752508361204,1,270,186
438005,0.16019417475728157,1,132,103
438005,0.002840909090909091,1,1,15
438005,0.0,0,0,4
438005,0.0,0,0,21
438005,0.09948320413436693,1,77,84
438006,0.021645021645021644,1,5,6
438006,0.0749063670411985,1,40,76
438006,0.15082159624413147,1,257,287
438006,0.0,0,0,0
438006,0.0,0,0,0
438006,0.026200873362445413,1,12,18
438006,0.022099447513812154,1,4,5
438007,0.0,0,0,13
438007,0.04065040650406504,1,15,18
438007,0.0215633423180593,1,8,21
438007,0.0024691358024691358,1,1,27
438007,0.09491978609625669,1,71,50
438007,0.09173669467787114,1,131,136
438007,0.007575757575757576,1,1,2
438007,0.0,0,0,23
439000,0.14134203548847643,1,1386,1486
439001,0.1,1,8,13
439001,0.10594735131621709,1,326,397
439004,0.12149791955617198,1,438,641
440000,0.08243069579585093,1,449,914
440000,0.04432556362246848,1,232,871
440002,0.10212701383444195,1,4038,7848
440007,0.04565217391304348,1,21,36
441001,0.0,0,0,3
441001,0.033950617283950615,1,11,17
441001,0.02112676056338028,1,3,4
441001,0.1245674740484429,1,36,40
441001,0.08793969849246232,1,35,32
441001,0.007518796992481203,1,2,14
441001,0.0,0,0,20
441001,0.04247104247104247,1,22,50
441001,0.0,0,0,52
441001,0.009554140127388535,1,3,20
441001,0.0,0,0,2
441001,0.0835509138381201,1,32,30
441001,0.0,0,0,19
441001,0.0,0,0,1
441001,0.0,0,0,3
441001,0.01440922190201729,1,5,37
441001,0.0,0,0,5
441001,0.0,0,0,8
441001,0.10872313527180784,1,86,94
441001,0.01282051282051282,1,2,8
441001,0.0,0,0,4
441001,0.06426735218508997,1,50,74
441001,0.0,0,0,0
441001,0.0,0,0,3
441001,0.03664302600472813,1,124,272
441001,0.0,0,0,1
441001,0.0,0,0,14
441001,0.0,0,0,3
441001,0.0,0,0,1
441001,0.015197568389057751,1,5,17
441001,0.001876172607879925,1,1,21
441001,0.0,0,0,2
441002,0.0,0,0,5
441002,0.0,0,0,4
441002,0.0,0,0,14
441002,0.0,0,0,8
441002,0.0,0,0,10
441002,0.0,0,0,25
441002,0.0,0,0,0
441002,0.0,0,0,7
441002,0.0,0,0,33
441002,0.002702702702702703,1,2,31
441002,0.0,0,0,7
441002,0.0,0,0,3
441002,0.0,0,0,0
441002,0.0,0,0,3
441002,0.0,0,0,8
441002,0.0,0,0,21
441002,0.0,0,0,14
441002,0.0,0,0,4
441002,0.0,0,0,0
441002,0.002066115702479339,1,1,28
441002,0.0,0,0,5
441002,0.0,0,0,17
441002,0.0,0,0,48
441002,0.0,0,0,0
441002,0.0,0,0,11
441002,0.0,0,0,2
441002,0.0,0,0,2
441002,0.003992015968063872,1,4,57
441002,0.0,0,0,16
441002,0.0,0,0,20
441002,0.0,0,0,19
442001,0.0,0,0,18
442001,0.0,0,0,0
442001,0.0,0,0,14
442001,0.0029411764705882353,1,1,24
442001,0.0,0,0,59
442001,0.0041265474552957355,1,3,25
442001,0.0,0,0,5
442001,0.0,0,0,17
442001,0.0,0,0,0
442001,0.0,0,0,22
442001,0.0,0,0,1
442001,0.0,0,0,1
442001,0.0,0,0,11
442001,0.0,0,0,2
442001,0.0,0,0,3
442001,0.0,0,0,7
442002,0.0,0,0,6
442002,0.0,0,0,39
442002,0.0,0,0,16
442002,0.0,0,0,36
442002,0.0,0,0,17
442002,0.0,0,0,28
442002,0.0,0,0,2
442002,0.0,0,0,3
442002,0.0,0,0,1
442003,0.005441037982630533,1,52,1019
442004,0.0,0,0,8
442004,0.0,0,0,0
442004,0.0,0,0,0
442004,0.0024096385542168677,1,2,29
442004,0.0,0,0,49
442004,0.0,0,0,0
442004,0.007017543859649123,1,4,40
442004,0.0,0,0,23
442004,0.07364341085271318,1,19,16
442004,0.0,0,0,1
442004,0.0,0,0,3
442004,0.0,0,0,3
442004,0.0,0,0,7
442005,0.0,0,0,15
442005,0.0,0,0,44
442005,0.0017064846416382253,1,1,34
442005,0.0,0,0,14
442005,0.0,0,0,3
442005,0.0,0,0,27
442005,0.0,0,0,12
442005,0.0,0,0,16
442005,0.0,0,0,1
442005,0.0,0,0,1
442005,0.0,0,0,8
443001,0.0034602076124567475,1,1,8
443001,0.003367003367003367,1,1,16
443001,0.03049482163406214,1,53,158
443001,0.019189765458422176,1,18,70
443001,0.0,0,0,9
443001,0.0,0,0,1
443001,0.0,0,0,1
443001,0.0,0,0,33
443001,0.0,0,0,13
443001,0.0047169811320754715,1,1,6
443001,0.0,0,0,4
443001,0.0,0,0,3
443001,0.002277904328018223,1,1,21
443001,0.00819672131147541,1,2,10
443001,0.0,0,0,5
443001,0.022435897435897436,1,7,19
443001,0.0,0,0,2
443001,0.0,0,0,0
443001,0.0,0,0,2
443001,0.0,0,0,18
443002,0.0,0,0,0
443002,0.0,0,0,9
443002,0.009501187648456057,1,8,20
443002,0.0,0,0,17
443002,0.0,0,0,24
443002,0.0,0,0,1
443002,0.0,0,0,26
443002,0.0,0,0,4
443002,0.06521739130434782,1,36,36
443002,0.0,0,0,16
443002,0.005405405405405406,1,1,8
443002,0.0,0,0,3
443002,0.0,0,0,4
443002,0.005333333333333333,1,6,48
443002,0.0,0,0,0
443002,0.025510204081632654,1,15,27
443002,0.0,0,0,0
443002,0.0,0,0,3
443002,0.0,0,0,3
443002,0.0,0,0,3
444001,0.029226901319924576,1,93,334
444001,0.04712041884816754,1,36,54
444001,0.0,0,0,14
444001,0.0,0,0,0
444001,0.09148084619782733,1,160,263
444001,0.0,0,0,2
444001,0.0,0,0,0
444001,0.0,0,0,7
444001,0.02824858757062147,1,5,10
444002,0.0,0,0,19
444002,0.009066183136899365,1,10,48
444002,0.0,0,0,0
444002,0.0869187309865276,1,200,350
444002,0.0,0,0,4
444002,0.0,0,0,13
444002,0.0,0,0,0
444002,0.0,0,0,10
444003,0.002277904328018223,1,1,15
444003,0.0,0,0,26
444003,0.0,0,0,7
444003,0.0,0,0,11
444003,0.0019157088122605363,1,1,18
444003,0.03155339805825243,1,13,16
444003,0.003389830508474576,1,1,9
444003,0.0,0,0,3
444003,0.03666361136571952,1,40,58
444004,0.04092526690391459,1,23,51
444004,0.0794392523364486,1,51,85
444004,0.12556053811659193,1,112,116
444004,0.019656019656019656,1,8,7
444004,0.034666666666666665,1,26,40
444004,0.0,0,0,10
444004,0.006596306068601583,1,5,74
444004,0.0,0,0,67
444004,0.0,0,0,15
444004,0.09262883235485975,1,142,225
444004,0.054455445544554455,1,11,6
444005,0.04424778761061947,1,25,34
444005,0.04904051172707889,1,23,34
444005,0.11266294227188083,1,121,167
444005,0.036065573770491806,1,22,77
444005,0.054929577464788736,1,39,74
444005,0.0,0,0,0
444005,0.00980392156862745,1,1,2
444005,0.0740514075887393,1,121,194
444005,0.04607046070460705,1,68,134
444005,0.0,0,0,21
445001,0.05759162303664921,1,11,26
445001,0.1111111111111111,1,130,152
445001,0.02992584745762712,1,113,520
445001,0.04113924050632911,1,247,1016
445001,0.0,0,0,57
445002,0.03281622911694511,1,220,1160
445002,0.05856492384989794,1,373,927
445002,0.04844961240310078,1,25,44
446001,0.0499001996007984,1,25,30
446001,0.07853211009174312,1,214,380
446001,0.015384615384615385,1,6,12
446001,0.007462686567164179,1,1,3
446001,0.0108499095840868,1,6,28
446001,0.0,0,0,11
446001,0.0,0,0,7
446001,0.0,0,0,8
446001,0.02053388090349076,1,10,30
446001,0.0,0,0,0
446001,0.0,0,0,16
446001,0.0,0,0,9
446001,0.029411764705882353,1,6,11
446002,0.0,0,0,30
446002,0.16500711237553342,1,116,110
446002,0.1071932299012694,1,76,109
446002,0.1325115562403698,1,86,72
446002,0.08644067796610169,1,51,52
446002,0.018229166666666668,1,7,54
446002,0.007352941176470588,1,2,9
446002,0.10227272727272728,1,81,74
446003,0.11863117870722434,1,936,1229
446004,0.062411347517730496,1,132,196
446004,0.053116531165311655,1,98,138
446004,0.04389312977099236,1,23,13
446004,0.021532298447671506,1,43,161
446004,0.10174152153987168,1,111,106
446005,0.03075030750307503,1,175,326
446006,0.0,0,0,20
446006,0.0,0,0,2
446006,0.007407407407407408,1,5,50
446006,0.0,0,0,6
446006,0.0,0,0,2
446006,0.0035971223021582736,1,2,5
446006,0.014943655071043607,1,61,318
447001,0.0,0,0,0
447001,0.0,0,0,1
447001,0.0,0,0,0
447001,0.0,0,0,47
447001,0.0,0,0,11
447001,0.0,0,0,0
447001,0.0,0,0,18
447001,0.0,0,0,26
447001,0.0,0,0,0
447001,0.0,0,0,12
447001,0.0,0,0,12
447001,0.0,0,0,0
447001,0.0,0,0,6
447002,0.0,0,0,3
447002,0.014302741358760428,1,12,144
447002,0.0,0,0,20
447002,0.04381161007667032,1,40,108
447002,0.0,0,0,3
447002,0.0,0,0,3
447002,0.0,0,0,13
447002,0.0,0,0,18
447002,0.0,0,0,18
447003,0.0017809439002671415,1,4,408
447003,0.0,0,0,4
447003,0.0,0,0,8
447003,0.0,0,0,10
447003,0.0,0,0,7
447003,0.0,0,0,6
447003,0.003048780487804878,1,1,17
447003,0.0,0,0,16
447003,0.006920415224913495,1,4,20
447003,0.0,0,0,7
447004,0.0,0,0,31
447004,0.03571428571428571,1,11,31
447004,0.0,0,0,7
447004,0.0,0,0,5
447004,0.0,0,0,0
447004,0.0,0,0,3
447004,0.0,0,0,2
447004,0.0,0,0,0
447004,0.0,0,0,11
447004,0.0,0,0,0
447004,0.0,0,0,0
447004,0.0,0,0,9
447004,0.037037037037037035,1,17,24
447004,0.035555555555555556,1,16,39
447004,0.0,0,0,1
447005,0.0,0,0,0
447005,0.0,0,0,1
447005,0.0,0,0,11
447005,0.0,0,0,0
447005,0.0,0,0,34
447005,0.0,0,0,29
447006,0.03269961977186312,1,43,105
447006,0.0,0,0,5
447006,0.0,0,0,27
447006,0.0,0,0,1
447006,0.0,0,0,16
447006,0.0,0,0,13
447006,0.0,0,0,3
447006,0.0,0,0,4
447006,0.01155115511551155,1,7,40
447006,0.0,0,0,36
448001,0.013578274760383386,1,34,118
448001,0.030303030303030304,1,11,17
448001,0.014184397163120567,1,8,31
448001,0.06890756302521009,1,41,57
448001,0.007246376811594203,1,1,2
448001,0.0,0,0,20
448001,0.04862236628849271,1,30,60
448001,0.0,0,0,19
448001,0.1010752688172043,1,47,53
448001,0.004329004329004329,1,1,5
448002,0.014190317195325543,1,51,282
448002,0.0013175230566534915,1,1,33
448002,0.0,0,0,7
448002,0.022857142857142857,1,132,698
448002,0.0011248593925759281,1,1,39
448002,0.002631578947368421,1,3,24
448002,0.0,0,0,3
448002,0.0,0,0,14
448002,0.004975124378109453,1,1,10
448002,0.0021390374331550803,1,2,116
448002,0.0,0,0,27
448002,0.0,0,0,13
448002,0.0,0,0,13
448003,0.0037593984962406013,1,5,106
448003,0.020942408376963352,1,8,24
448003,0.0,0,0,26
448004,0.053444782168186426,1,211,410
448004,0.0,0,0,18
448004,0.008955223880597015,1,21,96
448005,0.0,0,0,38
448005,0.0,0,0,0
448005,0.006666666666666667,1,2,11
448005,0.04476709013914096,1,74,211
448005,0.018036072144288578,1,9,23
448005,0.006825938566552901,1,4,26
449001,0.07289002557544758,1,57,78
449001,0.01738672286617492,1,33,138
449001,0.005793742757821553,1,5,78
449001,0.0,0,0,21
449001,0.0,0,0,0
449001,0.034782608695652174,1,4,4
449001,0.021103896103896104,1,13,43
449001,0.0,0,0,17
449001,0.04774535809018567,1,18,32
449001,0.0,0,0,21
449001,0.0,0,0,4
449001,0.0,0,0,11
449001,0.0,0,0,0
449001,0.0,0,0,2
449001,0.019762845849802372,1,10,18
449001,0.0410958904109589,1,6,8
449001,0.0,0,0,16
449001,0.023178807947019868,1,7,19
449001,0.0,0,0,10
449001,0.0,0,0,7
449001,0.0,0,0,13
449001,0.0,0,0,2
449001,0.0,0,0,9
449001,0.0,0,0,1
449001,0.0,0,0,29
449001,0.0076726342710997444,1,3,12
449001,0.0031545741324921135,1,3,25
449002,0.0,0,0,0
449002,0.0,0,0,2
449002,0.054996127033307515,1,71,125
449002,0.00631911532385466,1,8,93
449002,0.0,0,0,17
449002,0.0,0,0,0
449002,0.0,0,0,0
449002,0.06652360515021459,1,217,410
449002,0.005917159763313609,1,3,35
449002,0.0,0,0,22
449002,0.0,0,0,61
449003,0.0,0,0,0
449003,0.0,0,0,1
449003,0.0,0,0,81
449003,0.003293084522502744,1,3,65
449003,0.0,0,0,3
449003,0.0,0,0,1
449003,0.0664819944598338,1,48,50
449003,0.0,0,0,0
449003,0.04838709677419355,1,3,5
449003,0.0,0,0,9
449003,0.005952380952380952,1,1,2
449003,0.10623556581986143,1,92,82
449003,0.0,0,0,0
449003,0.0,0,0,0
449003,0.0,0,0,6
449003,0.0,0,0,0
449003,0.0,0,0,34
449003,0.07662588538312942,1,119,214
449003,0.006711409395973154,1,1,6
449003,0.0,0,0,1
449003,0.0,0,0,7
450001,0.0,0,0,67
450001,0.0,0,0,19
450001,0.0,0,0,28
450002,0.0,0,0,6
450002,0.05042016806722689,1,12,14
450002,0.0009372071227741331,1,1,39
450002,0.0005599104143337066,1,1,197
450002,0.0,0,0,1
450002,0.001004016064257028,1,1,31
450002,0.021148036253776436,1,21,30
450002,0.0027247956403269754,1,1,30
450002,0.0,0,0,3
450002,0.0,0,0,13
450002,0.0,0,0,9
450002,0.009389671361502348,1,4,20
450002,0.0,0,0,19
450002,0.0,0,0,2
450002,0.0,0,0,0
450002,0.0,0,0,1
451001,0.09701492537313433,1,117,174
451001,0.04201680672268908,1,5,4
451001,0.1709741550695825,1,344,318
451001,0.11496062992125984,1,146,181
451001,0.07612456747404844,1,132,249
451001,0.15789473684210525,1,174,163
451001,0.09502262443438914,1,63,81
451001,0.11233480176211454,1,51,66
451001,0.13379469434832755,1,232,255
451002,0.07420494699646643,1,21,38
451002,0.09032891507118311,1,184,274
451002,0.08699633699633699,1,95,161
451002,0.028846153846153848,1,3,4
451002,0.10879067508499271,1,224,318
451002,0.08552631578947369,1,26,40
451002,0.08905109489051095,1,61,80
451002,0.06884377758164166,1,156,307
452000,0.10192783383721386,1,2596,4677
452001,0.10950804162724692,1,463,588
452001,0.05909558067831449,1,115,211
452001,0.05825242718446602,1,156,348
452001,0.17633410672853828,1,76,73
452001,0.07906976744186046,1,102,168
452002,0.06023588879528222,1,143,291
452002,0.10036394176931691,1,717,1167
452002,0.09474292316580012,1,328,546
452003,0.10135255383520199,1,1139,1713
452003,0.12674418604651164,1,109,113
452005,0.19764233759719088,1,788,760
452006,0.08559201141226819,1,60,92
452006,0.0,0,0,61
452007,0.0,0,0,165
452007,0.009359251259899209,1,13,188
452007,0.041728763040238454,1,28,58
452007,0.0,0,0,20
453000,0.09468632452764927,1,2190,4366
453001,0.010318949343339587,1,11,15
453001,0.050742574257425746,1,41,38
453001,0.0,0,0,0
453001,0.09302325581395349,1,36,29
453001,0.07777777777777778,1,7,10
453001,0.0,0,0,24
453001,0.07446808510638298,1,35,40
453001,0.015625,1,1,2
453001,0.07444168734491315,1,30,48
453001,0.0,0,0,13
453002,0.09124767225325885,1,245,422
453002,0.10898475510866039,1,336,416
453002,0.013513513513513514,1,3,7
453002,0.0029940119760479044,1,1,21
453002,0.11007025761124122,1,47,34
453003,0.0,0,0,27
453003,0.0,0,0,3
453003,0.008301051466519093,1,15,146
453003,0.0,0,0,0
453003,0.01240694789081886,1,5,12
453006,0.10365437158469945,1,607,998
453006,0.07142857142857142,1,34,42
453006,0.039735099337748346,1,18,33
453007,0.03685092127303183,1,22,38
453007,0.04,1,21,42
453007,0.0059031877213695395,1,5,24
453007,0.0,0,0,13
453007,0.0,0,0,11
453007,0.0,0,0,12
453007,0.0,0,0,18
453008,0.0,0,0,30
453008,0.0,0,0,13
453008,0.0,0,0,1
453008,0.0,0,0,3
453008,0.0,0,0,3
453008,0.0,0,0,41
453008,0.0,0,0,7
453008,0.03151862464183381,1,11,16
453008,0.0,0,0,28
453008,0.0,0,0,1
454001,0.09080717488789238,1,162,245
454001,0.07008086253369272,1,52,64
454001,0.07903780068728522,1,23,31
454001,0.020456333595594022,1,26,78
454001,0.0,0,0,29
454001,0.06868918145392101,1,120,181
454002,0.04911373707533235,1,133,77
454002,0.0,0,0,6
454002,0.0,0,0,17
454002,0.0,0,0,18
454002,0.0,0,0,14
454002,0.0,0,0,21
454002,0.0,0,0,40
454002,0.0,0,0,66
454002,0.0,0,0,12
454003,0.0,0,0,1
454003,0.004889975550122249,1,2,16
454003,0.0,0,0,0
454003,0.0,0,0,16
454003,0.0,0,0,56
454003,0.0,0,0,42
454003,0.0039045553145336228,1,9,188
454003,0.0,0,0,16
454003,0.0,0,0,32
454003,0.0,0,0,7
454004,0.02631578947368421,1,2,4
454004,0.0010626992561105207,1,3,452
454004,0.041474654377880185,1,9,19
454004,0.0,0,0,7
454004,0.0,0,0,10
454004,0.007067137809187279,1,2,10
454004,0.0,0,0,8
454004,0.0,0,0,21
454004,0.0,0,0,22
454004,0.0,0,0,12
454004,0.0,0,0,24
454004,0.0,0,0,2
454004,0.0,0,0,15
454004,0.0,0,0,3
454004,0.0,0,0,7
455001,0.0,0,0,20
455001,0.0,0,0,3
455001,0.0,0,0,42
455001,0.0,0,0,2
455001,0.0,0,0,185
455001,0.0,0,0,8
455001,0.0,0,0,20
455001,0.0,0,0,10
455001,0.0,0,0,6
455002,0.0,0,0,2
455002,0.0,0,0,6
455002,0.0,0,0,15
455002,0.0,0,0,20
455002,0.0,0,0,0
455002,0.0,0,0,10
455002,0.0,0,0,3
455002,0.0,0,0,10
455002,0.0,0,0,27
455002,0.0,0,0,10
455003,0.0,0,0,0
455003,0.018072289156626505,1,3,7
455003,0.0,0,0,0
455003,0.0,0,0,77
455003,0.0,0,0,7
455003,0.004369414101290963,1,22,903
455003,0.0,0,0,1
455003,0.0,0,0,11
455003,0.0,0,0,11
455004,0.0,0,0,6
455004,0.0,0,0,41
455004,0.0,0,0,120
455004,0.0,0,0,25
455004,0.0,0,0,29
455004,0.0,0,0,3
455004,0.0,0,0,26
455004,0.0,0,0,6
455004,0.0,0,0,32
456001,0.0,0,0,17
456001,0.0,0,0,128
456001,0.0,0,0,5
456001,0.0,0,0,24
456001,0.0,0,0,20
456001,0.0,0,0,4
456001,0.0,0,0,84
456001,0.0,0,0,22
456001,0.0,0,0,2
456001,0.0,0,0,0
456001,0.0,0,0,0
456001,0.0,0,0,58
456001,0.0,0,0,5
456002,0.0,0,0,16
456002,0.0856269113149847,1,28,45
456002,0.0,0,0,0
456002,0.0,0,0,37
456002,0.0,0,0,2
456002,0.0,0,0,12
456002,0.0,0,0,2
456002,0.007782101167315175,1,14,164
456002,0.0,0,0,42
456002,0.0,0,0,0
456002,0.04516129032258064,1,21,37
456002,0.0,0,0,121
456002,0.0,0,0,14
456002,0.0,0,0,1
456002,0.0,0,0,10
456002,0.0,0,0,16
456002,0.012362637362637362,1,36,303
456003,0.0,0,0,21
456003,0.0,0,0,0
456003,0.0,0,0,6
456003,0.0,0,0,0
456003,0.0,0,0,13
456003,0.00823045267489712,1,2,26
456003,0.0,0,0,0
456003,0.07420222991157248,1,193,114
456003,0.0,0,0,15
456003,0.0,0,0,29
456003,0.0,0,0,2
456004,0.0,0,0,7
456004,0.0,0,0,2
456004,0.0,0,0,2
456004,0.04116222760290557,1,17,30
456004,0.0,0,0,8
456004,0.0,0,0,28
456004,0.0,0,0,0
456004,0.0,0,0,169
456004,0.0,0,0,0
456004,0.0,0,0,0
456004,0.0,0,0,100
456004,0.0,0,0,3
456004,0.0,0,0,0
456004,0.013623978201634877,1,5,13
456004,0.0,0,0,2
456004,0.0,0,0,4
456004,0.0,0,0,3
456004,0.0,0,0,2
456004,0.0,0,0,1
456004,0.0,0,0,0
457001,0.0,0,0,4
457001,0.0,0,0,18
457001,0.0049261083743842365,1,2,17
457001,0.0,0,0,0
457001,0.0,0,0,15
457001,0.0,0,0,2
457001,0.0,0,0,1
457001,0.0,0,0,3
457001,0.0,0,0,4
457001,0.0,0,0,4
457002,0.0020130850528434826,1,4,101
457002,0.051269765213224724,1,107,248
457002,0.0718562874251497,1,672,1644
457002,0.0,0,0,1
457002,0.0,0,0,8
457002,0.030100334448160536,1,18,32
457002,0.0,0,0,0
457002,0.010101010101010102,1,3,7
457002,0.017857142857142856,1,2,4
457003,0.0,0,0,27
457003,0.0,0,0,4
457003,0.0,0,0,15
457003,0.0,0,0,6
457003,0.0,0,0,40
457003,0.0,0,0,21
457003,0.0,0,0,4
457003,0.0,0,0,9
457003,0.0,0,0,89
457003,0.05579514824797844,1,207,403
457003,0.0,0,0,22
457003,0.0,0,0,3
457003,0.020454545454545454,1,9,33
458001,0.0,0,0,1
458001,0.0,0,0,23
458001,0.0,0,0,2
458001,0.0,0,0,1
458001,0.0,0,0,8
458001,0.0,0,0,11
458001,0.0,0,0,2
458001,0.0,0,0,11
458001,0.0,0,0,4
458001,0.0,0,0,12
458001,0.0,0,0,0
458001,0.0038910505836575876,1,4,29
458001,0.0,0,0,12
458001,0.0,0,0,6
458001,0.0,0,0,6
458001,0.0,0,0,0
458001,0.0,0,0,0
458001,0.0,0,0,9
458001,0.0,0,0,10
458001,0.0,0,0,11
458001,0.0,0,0,18
458001,0.0,0,0,26
458001,0.0,0,0,6
458001,0.0,0,0,11
458001,0.0,0,0,18
458001,0.0,0,0,35
458002,0.0,0,0,12
458002,0.0,0,0,1
458002,0.0,0,0,9
458002,0.0,0,0,0
458002,0.0,0,0,1
458002,0.0,0,0,6
458002,0.0,0,0,21
458002,0.0,0,0,4
458002,0.0,0,0,2
458002,0.0,0,0,7
458002,0.0,0,0,23
458002,0.0,0,0,3
458002,0.0,0,0,6
458002,0.0,0,0,6
458002,0.0,0,0,10
458002,0.004911993450675399,1,24,667
458002,0.0,0,0,5
458002,0.0,0,0,11
458002,0.0,0,0,2
458002,0.0,0,0,27
458003,0.0,0,0,38
458003,0.0,0,0,23
458003,0.0,0,0,60
458003,0.0,0,0,19
458003,0.0,0,0,5
458003,0.0,0,0,32
458003,0.0,0,0,7
458003,0.0,0,0,23
458003,0.0,0,0,15
458003,0.0,0,0,1
458003,0.0,0,0,13
458003,0.0,0,0,27
458003,0.0,0,0,119
458003,0.0,0,0,10
458003,0.0,0,0,39
458003,0.0,0,0,14
458003,0.0,0,0,4
458003,0.0,0,0,17
458004,0.0,0,0,63
458004,0.0,0,0,8
458004,0.0,0,0,14
458004,0.0,0,0,15
458004,0.0,0,0,3
458004,0.0,0,0,16
458004,0.0,0,0,9
458004,0.0,0,0,7
458004,0.0,0,0,4
458004,0.0,0,0,17
458004,0.0,0,0,1
458004,0.0,0,0,9
458004,0.0,0,0,18
458004,0.0,0,0,2
458004,0.0,0,0,1
458004,0.0,0,0,15
458004,0.0,0,0,40
458004,0.0,0,0,40
458004,0.0,0,0,15
458004,0.0,0,0,7
458004,0.0,0,0,1
458004,0.0,0,0,29
458004,0.0,0,0,1
459002,0.0,0,0,0
459000,0.0,0,0,30
459000,0.0,0,0,16
459000,0.002677376171352075,1,2,67
459000,0.00927920463960232,1,56,783
459000,0.0,0,0,55
459000,0.0,0,0,316
459000,0.0,0,0,110
459000,0.0,0,0,70
459000,0.0003839508542906508,1,2,712
459000,0.0,0,0,144
459003,0.0,0,0,362
459001,0.0,0,0,8
459001,0.0,0,0,9
459001,0.0,0,0,6
459001,0.0,0,0,18
459001,0.0,0,0,5
459001,0.0,0,0,1
459001,0.0,0,0,2
459001,0.0,0,0,2
459001,0.0,0,0,9
459001,0.0,0,0,0
459001,0.0,0,0,0
459001,0.0,0,0,7
459001,0.0,0,0,7
459001,0.0,0,0,19
459001,0.0,0,0,4
459001,0.0,0,0,2
459001,0.0,0,0,0
459001,0.0,0,0,3
459001,0.0,0,0,8
459001,0.0,0,0,6
459001,0.0,0,0,0
459001,0.0,0,0,28
459001,0.0,0,0,12
459001,0.0,0,0,3
459001,0.0,0,0,1
459001,0.0,0,0,0
459001,0.0,0,0,11
459001,0.0,0,0,10
459001,0.0,0,0,2
459001,0.0,0,0,5
459001,0.0,0,0,5
459001,0.0,0,0,0
459001,0.0,0,0,2
459001,0.0,0,0,1
459001,0.0,0,0,0
459001,0.0,0,0,5
459001,0.0,0,0,2
459001,0.0,0,0,50
459001,0.0,0,0,20
459001,0.0,0,0,10
459001,0.0,0,0,0
459002,0.0,0,0,19
459002,0.0,0,0,12
459002,0.0,0,0,6
459002,0.0022222222222222222,1,2,56
459002,0.0,0,0,27
459002,0.0,0,0,0
459002,0.0,0,0,0
459002,0.0,0,0,2
459002,0.0,0,0,1
459002,0.0,0,0,1
459002,0.0,0,0,1
459002,0.0,0,0,48
459002,0.0,0,0,0
459002,0.0,0,0,1
459002,0.0,0,0,1
459002,0.0,0,0,66
459003,0.0,0,0,1
459003,0.0,0,0,3
459003,0.0,0,0,0
459003,0.0,0,0,5
459003,0.0,0,0,1
459003,0.0,0,0,0
459003,0.0,0,0,0
459003,0.0,0,0,0
459003,0.0,0,0,13
459003,0.0,0,0,7
459003,0.0,0,0,2
459003,0.0,0,0,5
459003,0.0,0,0,10
459003,0.0,0,0,2
459003,0.0,0,0,6
459003,0.0,0,0,1
459003,0.0,0,0,0
459003,0.0,0,0,0
459003,0.0,0,0,19
459003,0.0,0,0,2
459003,0.0,0,0,0
459003,0.0,0,0,0
459003,0.0,0,0,5
459003,0.0,0,0,1
459003,0.0,0,0,4
459003,0.0,0,0,5
459003,0.0,0,0,0
459003,0.0,0,0,4
459004,0.0,0,0,4
459004,0.0,0,0,0
459004,0.0,0,0,5
459004,0.0,0,0,0
459004,0.0025188916876574307,1,1,7
459004,0.0,0,0,2
459004,0.0,0,0,0
459004,0.0,0,0,5
459004,0.0,0,0,72
459004,0.0011173184357541898,1,1,110
459004,0.0022222222222222222,1,1,18
459004,0.0,0,0,1
459004,0.0,0,0,17
459004,0.0,0,0,1
459004,0.0,0,0,0
459004,0.0,0,0,4
459004,0.0,0,0,47
459004,0.0,0,0,3
459004,0.0,0,0,3
459004,0.0,0,0,4
459004,0.0,0,0,20
459004,0.0,0,0,1
459004,0.0,0,0,3
459004,0.0,0,0,5
459004,0.0,0,0,0
459004,0.0,0,0,3
459004,0.0,0,0,3
460001,0.0,0,0,8
460001,0.0,0,0,2
460001,0.0,0,0,7
460001,0.0,0,0,41
460001,0.0,0,0,1
460001,0.0,0,0,70
460001,0.0,0,0,141
460001,0.0,0,0,14
460001,0.0,0,0,5
460001,0.0,0,0,8
460001,0.0,0,0,4
460001,0.0,0,0,8
460002,0.0,0,0,29
460002,0.0,0,0,21
460002,0.0,0,0,4
460002,0.0,0,0,10
460002,0.0,0,0,10
460002,0.0,0,0,4
460002,0.0,0,0,0
460002,0.0,0,0,1
460002,0.0,0,0,0
460002,0.0,0,0,9
460002,0.0,0,0,6
460002,0.0,0,0,16
460002,0.0,0,0,14
460002,0.0,0,0,0
460002,0.0,0,0,5
460003,0.0,0,0,2
460003,0.0,0,0,1
460003,0.0,0,0,5
460003,0.0,0,0,4
460003,0.0,0,0,4
460003,0.0,0,0,3
460003,0.0,0,0,1
460003,0.0,0,0,6
460003,0.0,0,0,7
460003,0.0,0,0,6
460003,0.0,0,0,0
460003,0.0,0,0,3
460003,0.0,0,0,1
460003,0.0,0,0,5
460003,0.0,0,0,0
460003,0.0,0,0,1
460003,0.0,0,0,6
460003,0.0,0,0,0
460003,0.0,0,0,4
460003,0.0,0,0,3
460003,0.0,0,0,4
460003,0.0,0,0,3
460003,0.0,0,0,13
460003,0.0,0,0,11
460003,0.0,0,0,3
460004,0.0,0,0,65
460004,0.0024752475247524753,1,3,82
460004,0.0,0,0,34
460005,0.0,0,0,210
460005,0.0,0,0,112
461000,0.0020644770697744817,1,341,16967
462001,0.0007479120787800723,1,18,1914
462002,0.0006640106241699867,1,3,251
462002,0.0,0,0,82
462003,0.0,0,0,56
462003,0.0,0,0,8
462003,0.0,0,0,38
462003,0.0,0,0,74
462004,0.0,0,0,47
462004,0.0,0,0,9
462004,0.0,0,0,8
462004,0.0,0,0,8
462005,0.0,0,0,8
462005,0.0,0,0,42
462005,0.0,0,0,1
462005,0.0,0,0,5
462005,0.0,0,0,10
462005,0.0,0,0,15
462006,0.0,0,0,1
462006,0.002080515967960054,1,20,755
462007,0.0,0,0,4
462007,0.0,0,0,5
462007,0.0017436791630340018,1,2,85
462007,0.0,0,0,63
463000,0.04848112918073028,1,158,312
463001,0.0,0,0,58
463001,0.0,0,0,40
463001,0.0,0,0,4
463002,0.0,0,0,15
463002,0.0,0,0,93
463003,0.0,0,0,76
463003,0.0,0,0,27
463003,0.0,0,0,15
463003,0.0013245033112582781,1,1,17
463004,0.0,0,0,24
463004,0.0,0,0,29
463004,0.0407725321888412,1,19,38
463004,0.03121852970795569,1,62,182
463005,0.03006923837784372,1,152,540
463005,0.047128129602356406,1,32,74
463005,0.0006811989100817438,1,1,40
463006,0.0,0,0,268
463006,0.006618342262842736,1,21,197
463006,0.009613733905579399,1,56,463
463007,0.015834348355663823,1,26,131
464001,0.0,0,0,22
464001,0.0,0,0,25
464001,0.0,0,0,2
464002,0.008207934336525308,1,12,58
464002,0.0,0,0,28
464002,0.0,0,0,39
464003,0.0,0,0,17
464003,0.0,0,0,24
464004,0.0,0,0,17
464004,0.003861003861003861,1,2,10
464004,0.003048780487804878,1,4,43
464005,0.05592361652377241,1,287,422
464006,0.0,0,0,28
464006,0.0011507479861910242,1,1,19
464006,0.0,0,0,47
464007,0.0,0,0,71
464007,0.003925967470555244,1,7,60
464008,0.03952011291460833,1,168,694
464009,0.0,0,0,12
464009,0.0012224938875305623,1,4,63
464009,0.020710059171597635,1,14,44
465001,0.0,0,0,28
465001,0.0,0,0,16
465001,0.055670959700872456,1,134,237
465001,0.0,0,0,4
465001,0.0,0,0,167
465002,0.08076298701298701,1,199,241
465002,0.04978772674642995,1,129,263
465002,0.003147128245476003,1,4,177
465003,0.12409742947915664,1,2578,3164
465004,0.0,0,0,24
465004,0.07540983606557378,1,345,808
465004,0.10194429847609038,1,194,181
465005,0.0,0,0,295
465005,0.07436856875584659,1,318,649
465005,0.025991792065663474,1,19,70
465006,0.07505863956215794,1,96,178
465006,0.014792899408284023,1,10,75
465006,0.008547008547008548,1,4,20
465006,0.05361842105263158,1,163,273
465007,0.08694181326116374,1,514,707
466001,0.0021413276231263384,1,2,23
466001,0.025712949976624593,1,55,99
466002,0.055944055944055944,1,16,18
466002,0.0,0,0,193
466002,0.004975124378109453,1,3,31
466003,0.0,0,0,45
466003,0.006269592476489028,1,2,6
466003,0.0036496350364963502,1,2,33
466003,0.019538188277087035,1,11,27
466004,0.015170433262579597,1,243,2528
466005,0.0,0,0,15
466005,0.05124653739612189,1,111,229
466005,0.0,0,0,9
466006,0.007052186177715092,1,5,46
466006,0.0,0,0,48
466006,0.05536332179930796,1,32,38
467001,0.0,0,0,13
467001,0.09742120343839542,1,34,25
467001,0.16849199663016007,1,400,394
467002,0.15283842794759825,1,280,285
467002,0.1360544217687075,1,420,517
467002,0.1206552137435078,1,302,280
467003,0.10300157977883097,1,326,537
467003,0.15,1,417,444
467004,0.11982779239416408,1,501,745
467004,0.12167526796347757,1,613,591
468000,0.15739072052015973,1,4454,5239
468001,0.05635245901639344,1,165,303
468001,0.08502772643253234,1,230,274
468002,0.06943978530694397,1,207,536
468002,0.07708779443254818,1,72,60
468002,0.011152416356877323,1,6,5
468002,0.15378006872852235,1,179,130
468003,0.06777777777777778,1,305,730
468004,0.12723590955113062,1,377,405
468004,0.11126564673157163,1,80,67
468005,0.09938236945536216,1,354,519
468005,0.14356435643564355,1,87,72
468006,0.007797270955165692,1,8,164
468006,0.1596220785678767,1,321,271
468006,0.11949114039073148,1,263,326
468007,0.10219922380336352,1,79,105
468007,0.05027932960893855,1,9,11
468007,0.0721810378462739,1,185,304
468008,0.11992619926199262,1,260,274
468008,0.15691868758915833,1,110,105
468008,0.08244680851063829,1,31,23
468009,0.1533410583236771,1,397,373
468010,0.1319789081885856,1,1702,2049
468013,0.04647006255585344,1,52,96
468013,0.09262166405023547,1,59,93
468013,0.07216494845360824,1,161,313
469000,0.104799151531221,1,1581,2723
469001,0.1408405172413793,1,1307,1409
469003,0.0853587962962963,1,295,465
469004,0.07142857142857142,1,21,24
469004,0.07636363636363637,1,126,165
469004,0.04784734873909292,1,499,722
469005,0.12314225053078556,1,174,190
469005,0.08126410835214447,1,36,34
469008,0.15656565656565657,1,248,235
469008,0.14035520473606314,1,569,517
469009,0.1247438524590164,1,487,456
469010,0.14283118299109576,1,1572,1567
470001,0.0031323414252153485,1,4,35
470001,0.07539226942212017,1,591,745
470002,0.10984848484848485,1,986,1189
470003,0.09691313711414214,1,135,155
470003,0.0,0,0,207
470003,0.15864022662889518,1,112,98
471001,0.08481262327416174,1,43,55
471001,0.0,0,0,21
471001,0.04779756326148079,1,51,83
471001,0.03816793893129771,1,40,76
471002,0.04380883417813179,1,242,560
471002,0.13495996950057187,1,354,404
471002,0.07458563535911603,1,81,156
471002,0.09785202863961814,1,82,143
471002,0.06957328385899815,1,75,148
471003,0.09227478243959357,1,1898,3607
471004,0.05579800498753117,1,537,1641
471004,0.038461538461538464,1,8,19
472001,0.12724935732647816,1,198,179
472001,0.1010077059869591,1,852,1348
472002,0.03146633102580239,1,50,85
472003,0.08667189721963418,1,3535,7742
473000,0.0831326658499148,1,11807,23067
473006,0.14516129032258066,1,36,36
473006,0.0,0,0,12
473006,0.08384738405300433,1,367,342
473007,0.031055900621118012,1,125,406
473007,0.041001064962726305,1,77,246
473008,0.16853013362421598,1,618,713
473008,0.12032520325203253,1,74,82
473009,0.1771523178807947,1,535,416
473009,0.06047516198704104,1,28,43
473010,0.055248618784530384,1,10,16
473010,0.185473411154345,1,143,118
473010,0.13362801768106086,1,393,449
474000,0.0060719707116706845,1,204,6233
474003,0.11715620827770361,1,351,414
474004,0.13789398280802292,1,385,403
474004,0.11667810569663692,1,340,330
474005,0.0660377358490566,1,42,69
474005,0.09871602467900617,1,592,823
474006,0.007969484367549894,1,117,1446
474008,0.06289308176100629,1,30,52
474008,0.1159090909090909,1,204,289
474008,0.09841417910447761,1,211,332
474008,0.11593406593406594,1,211,236
474009,0.03816793893129771,1,10,23
474009,0.11885245901639344,1,290,277
475001,0.13582038849942868,1,4398,5333
475003,0.12819576333089847,1,702,850
475003,0.195,1,351,314
475004,0.08991825613079019,1,33,26
475004,0.15848181949876866,1,1094,1328
475005,0.12685774946921444,1,717,869
475005,0.09484536082474226,1,138,127
475006,0.16976013706453455,1,1189,1041
476000,0.11040783034257749,1,1692,2178
476001,0.17103399433427763,1,966,720
476003,0.11102085025724344,1,1230,1577
476007,0.10576923076923077,1,990,1686
476008,0.14006514657980457,1,946,1180
476009,0.17033878227908078,1,719,688
477001,0.13179643323183993,1,1212,1632
477002,0.12261329652634001,1,533,621
477002,0.09550045913682277,1,208,218
477002,0.13561553653719552,1,206,161
477003,0.16815597075548336,1,207,168
477003,0.10108864696734059,1,260,324
477004,0.12590020576131689,1,979,1163
477004,0.13861386138613863,1,28,30
477005,0.09959677419354838,1,494,586
477005,0.09070294784580499,1,120,136
478001,0.09743589743589744,1,171,257
478001,0.09852999602701629,1,744,1319
478001,0.0006257822277847309,1,1,76
478001,0.1956521739130435,1,9,7
478001,0.01100223482894963,1,64,571
478001,0.00641025641025641,1,3,12
478001,0.054878048780487805,1,9,12
478001,0.0,0,0,42
478002,0.021791767554479417,1,9,25
478002,0.051457975986277875,1,30,40
478002,0.03870967741935484,1,6,19
478002,0.002890173410404624,1,3,102
478002,0.09163346613545817,1,46,62
478002,0.10512893170869934,1,371,516
478002,0.08823529411764706,1,45,46
478002,0.07045454545454545,1,31,45
478003,0.11165970375996961,1,294,439
478003,0.11695544554455446,1,945,1389
478003,0.1311706629055007,1,186,235
478003,0.11618467782851344,1,229,239
478003,0.1024799416484318,1,281,292
478003,0.14616193480546794,1,417,430
478004,0.14992927864214992,1,106,124
478004,0.15203145478374835,1,116,141
478004,0.1638655462184874,1,78,85
478004,0.1380400421496312,1,131,139
478004,0.0,0,0,0
479001,0.07155025553662692,1,84,110
479001,0.0325,1,13,17
479001,0.0016474464579901153,1,1,33
479001,0.06,1,12,23
479001,0.03225806451612903,1,2,2
479001,0.08571428571428572,1,6,6
479001,0.0,0,0,6
479001,0.12981455064194009,1,91,99
479001,0.14625850340136054,1,86,39
479002,0.0,0,0,1
479002,0.0,0,0,5
479002,0.0,0,0,6
479002,0.0,0,0,22
479002,0.06086956521739131,1,56,98
479003,0.0707070707070707,1,140,159
479003,0.0,0,0,8
479003,0.044977511244377814,1,60,125
479003,0.050387596899224806,1,26,28
479004,0.0,0,0,11
479004,0.08812260536398467,1,46,74
479004,0.00676818950930626,1,4,50
479004,0.09207749856128908,1,480,806
479004,0.0038314176245210726,1,2,37
479004,0.007252946509519492,1,8,65
479004,0.0,0,0,0
479004,0.16666666666666666,1,37,17
479004,0.049679487179487176,1,31,70
479004,0.13953488372093023,1,18,17
479005,0.0,0,0,23
479005,0.0,0,0,2
479005,0.11037344398340249,1,133,148
479005,0.09296264118158123,1,107,150
479005,0.12430939226519337,1,90,95
480001,0.13131313131313133,1,143,146
480001,0.16143497757847533,1,36,26
480001,0.17321016166281755,1,75,53
480001,0.18991097922848665,1,64,51
480002,0.1492399815753109,1,324,328
480002,0.13054187192118227,1,318,332
480002,0.05278592375366569,1,18,31
480002,0.12840043525571274,1,118,98
480003,0.11854103343465046,1,78,56
480003,0.07441016333938294,1,41,49
480003,0.21052631578947367,1,436,373
480003,0.13753581661891118,1,48,44
480003,0.141747572815534,1,73,57
480004,0.12376804104684212,1,3353,4282
480005,0.09908069458631256,1,97,101
480005,0.08292352043411905,1,489,695
480006,0.12860892388451445,1,343,311
480006,0.17062937062937064,1,122,80
480006,0.11718301778542742,1,817,917
480006,0.15384615384615385,1,186,196
480007,0.14997202014549524,1,268,260
480007,0.15955766192733017,1,101,88
480007,0.17437722419928825,1,196,170
480007,0.166189111747851,1,174,196
481001,0.13157894736842105,1,205,184
481001,0.13466787989080983,1,296,334
481001,0.13890717577353523,1,211,204
481001,0.1334932054356515,1,167,159
481002,0.08747300215982722,1,81,111
481002,0.14358108108108109,1,85,84
481002,0.15117014547754587,1,239,173
481002,0.11927144535840188,1,406,403
481002,0.1344913151364764,1,271,300
481003,0.10258780036968576,1,111,136
481003,0.061224489795918366,1,21,35
481003,0.08928571428571429,1,15,16
481003,0.11890606420927467,1,100,94
481003,0.0893854748603352,1,48,38
481004,0.10463576158940398,1,79,73
481004,0.12960568842921785,1,1203,1274
481004,0.11894273127753303,1,108,95
481004,0.10328638497652583,1,22,21
481004,0.13118279569892474,1,61,36
481004,0.06802721088435375,1,10,15
481005,0.0,0,0,15
481005,0.08369098712446352,1,117,152
481005,0.0683311432325887,1,52,77
481005,0.06790123456790123,1,22,29
481005,0.0,0,0,59
481005,0.08582834331337326,1,43,49
482001,0.09672619047619048,1,65,60
482001,0.07936507936507936,1,15,9
482001,0.13020134228187918,1,97,99
482001,0.06818181818181818,1,9,10
482001,0.11888111888111888,1,85,52
482001,0.0,0,0,204
482001,0.12005649717514125,1,170,147
482002,0.07114624505928854,1,54,133
482002,0.08990698236288959,1,2977,5587
482003,0.07627118644067797,1,9,9
482003,0.12885010266940453,1,251,222
482003,0.12692907924397434,1,732,891
482004,0.0995260663507109,1,84,104
482004,0.002288329519450801,1,2,37
482004,0.14081632653061224,1,69,72
482004,0.0,0,0,0
482004,0.025806451612903226,1,8,12
482004,0.0,0,0,10
482004,0.09411764705882353,1,16,16
482004,0.13499205929062996,1,255,277
482005,0.030805687203791468,1,13,26
482005,0.020967741935483872,1,13,34
482005,0.078,1,39,36
482005,0.06019522776572668,1,111,144
482005,0.020833333333333332,1,4,9
482005,0.008733624454148471,1,6,24
482005,0.03380281690140845,1,24,23
482005,0.10354857475276323,1,178,188
483001,0.0975609756097561,1,16,12
483001,0.0,0,0,36
483001,0.013043478260869565,1,3,11
483001,0.07033639143730887,1,23,33
483001,0.07700770077007701,1,70,90
483001,0.029411764705882353,1,12,17
483001,0.09356014580801944,1,231,458
483001,0.0371900826446281,1,9,10
483001,0.06299212598425197,1,24,40
483001,0.09336099585062241,1,45,56
483001,0.04365079365079365,1,33,47
483001,0.03954802259887006,1,21,45
483001,0.023060796645702306,1,11,27
483001,0.033527696793002916,1,23,39
483002,0.003282994090610637,1,5,49
483003,0.0,0,0,10
483003,0.0,0,0,12
483003,0.0035629453681710215,1,3,14
483003,0.0,0,0,20
483003,0.041357370095440084,1,39,38
483003,0.0,0,0,43
483003,0.000975609756097561,1,1,74
483003,0.01603206412825651,1,8,32
484001,0.0,0,0,17
484001,0.00709849157054126,1,8,24
484001,0.0,0,0,13
484001,0.0,0,0,26
484002,0.010050251256281407,1,2,22
484002,0.009615384615384616,1,6,48
484002,0.023809523809523808,1,19,29
484002,0.00980392156862745,1,5,29
484002,0.0,0,0,19
484002,0.0,0,0,12
484003,0.0,0,0,27
484003,0.0,0,0,3
484003,0.0,0,0,14
484003,0.06345733041575492,1,29,35
484003,0.0344418052256532,1,29,24
484003,0.014285714285714285,1,2,8
484003,0.010574018126888218,1,7,37
484003,0.016146393972012917,1,15,148
484003,0.0,0,0,0
484003,0.0,0,0,23
484003,0.004310344827586207,1,1,2
484003,0.0,0,0,2
484003,0.04935064935064935,1,38,70
485001,0.0,0,0,19
485001,0.0027063599458728013,1,6,84
485001,0.0,0,0,16
485001,0.011467889908256881,1,10,50
485002,0.0,0,0,6
485002,0.0,0,0,5
485002,0.0,0,0,10
485002,0.0,0,0,2
485002,0.0,0,0,15
485002,0.001851851851851852,1,1,19
485002,0.0,0,0,7
485003,0.0,0,0,0
485003,0.0,0,0,4
485003,0.0,0,0,2
485003,0.03357314148681055,1,28,48
485003,0.012843891223340998,1,162,1055
485003,0.06642728904847396,1,37,28
485003,0.0014803849000740192,1,2,161
485003,0.0,0,0,10
485004,0.058319039451114926,1,68,97
485004,0.0,0,0,9
485004,0.019834710743801654,1,12,26
485005,0.011111111111111112,1,1,1
485005,0.010443864229765013,1,4,27
485005,0.0,0,0,10
485005,0.0,0,0,0
485005,0.012096774193548387,1,9,41
485005,0.0,0,0,10
485005,0.04607508532423208,1,27,50
485006,0.0,0,0,4
485006,0.0,0,0,3
485006,0.01834862385321101,1,2,5
485006,0.0,0,0,15
485006,0.0,0,0,7
485007,0.0,0,0,17
485007,0.0,0,0,6
485007,0.0,0,0,16
485008,0.004316546762589928,1,3,48
485008,0.0,0,0,7
485008,0.0,0,0,3
485008,0.0,0,0,8
485008,0.0,0,0,9
485008,0.0,0,0,30
485008,0.0,0,0,7
485008,0.025089605734767026,1,14,32
485008,0.06462585034013606,1,19,19
485008,0.022026431718061675,1,5,7
486001,0.0,0,0,39
486001,0.0,0,0,38
486001,0.0,0,0,19
486001,0.0,0,0,9
486001,0.0,0,0,56
486001,0.0,0,0,42
486001,0.0319634703196347,1,35,109
486001,0.0,0,0,14
486002,0.0,0,0,4
486002,0.055431131019036954,1,99,122
486002,0.013477088948787063,1,5,35
486002,0.004073319755600814,1,2,32
486002,0.0,0,0,4
486003,0.0,0,0,1
486003,0.05460750853242321,1,16,25
486003,0.0,0,0,9
486003,0.007793273174733388,1,38,425
486004,0.0,0,0,54
486004,0.0,0,0,106
486004,0.0,0,0,25
486004,0.0,0,0,10
486004,0.0,0,0,25
486004,0.0,0,0,15
486005,0.0014545454545454545,1,2,96
486005,0.0,0,0,2
486005,0.04736842105263158,1,9,4
486005,0.0,0,0,20
486005,0.0,0,0,21
486005,0.0,0,0,5
486006,0.0,0,0,45
486006,0.0,0,0,15
486006,0.0012547051442910915,1,1,51
486006,0.0,0,0,2
486006,0.0,0,0,19
486006,0.0,0,0,12
487001,0.014001806684733513,1,31,141
487002,0.0015220700152207,1,1,13
487003,0.042391304347826085,1,78,207
488001,0.07847636530518587,1,171,255
488001,0.015471167369901548,1,11,73
488001,0.0423728813559322,1,40,73
488001,0.006514657980456026,1,8,88
488001,0.024943310657596373,1,11,34
488002,0.0016286644951140066,1,1,51
488002,0.05384615384615385,1,42,77
488002,0.0,0,0,10
488002,0.07636363636363637,1,42,79
488002,0.0,0,0,4
488002,0.0,0,0,2
488002,0.032575291948371235,1,53,228
488002,0.0038022813688212928,1,1,21
488003,0.0,0,0,0
488003,0.096,1,24,24
488003,0.04579207920792079,1,37,90
488003,0.09302325581395349,1,4,5
488003,0.0,0,0,0
488003,0.05191873589164785,1,23,29
488004,0.0111731843575419,1,2,16
488004,0.0,0,0,3
488004,0.091324200913242,1,20,21
488004,0.0,0,0,0
488004,0.019305019305019305,1,5,10
488004,0.0,0,0,1
488004,0.021052631578947368,1,2,7
488005,0.004694835680751174,1,1,23
488005,0.0,0,0,0
488005,0.0,0,0,0
488005,0.0,0,0,5
489001,0.0,0,0,5
489001,0.0,0,0,9
489001,0.0,0,0,39
489002,0.0,0,0,1
489002,0.0,0,0,3
489002,0.08928571428571429,1,30,36
489002,0.0,0,0,1
489002,0.0,0,0,0
489002,0.03954802259887006,1,42,111
489002,0.0,0,0,7
489003,0.12425683709869204,1,209,225
489003,0.0,0,0,3
489003,0.06986899563318777,1,16,17
489003,0.06818181818181818,1,6,10
489003,0.0,0,0,12
489003,0.11862068965517242,1,86,98
489003,0.1188780053428317,1,267,335
489004,0.11889250814332247,1,73,92
489004,0.0035571365051133837,1,8,37
489004,0.003190810465858328,1,5,212
489004,0.12259371833839919,1,121,119
489004,0.031578947368421054,1,6,17
489005,0.056511056511056514,1,23,35
489005,0.09565217391304348,1,121,175
489005,0.08080808080808081,1,72,115
489005,0.0763888888888889,1,11,10
489005,0.0,0,0,2
489005,0.00765367137048553,1,32,412
489005,0.0,0,0,3
489006,0.14502065167508033,1,316,360
489006,0.009411764705882352,1,4,12
489006,0.004672897196261682,1,1,9
489006,0.0,0,0,3
489006,0.0,0,0,13
489006,0.0,0,0,4
489006,0.0,0,0,15
489006,0.0,0,0,9
489006,0.0,0,0,15
489006,0.0,0,0,66
489006,0.0782608695652174,1,9,5
489006,0.0,0,0,5
489006,0.0,0,0,21
489006,0.0,0,0,37
489006,0.0,0,0,11
489006,0.04245283018867924,1,9,13
490001,0.009685230024213076,1,4,15
490001,0.0,0,0,13
490001,0.0,0,0,10
490002,0.0015267175572519084,1,2,37
490002,0.04056246619794483,1,75,199
490003,0.0013477088948787063,1,1,74
490003,0.039473684210526314,1,12,17
490003,0.10815307820299501,1,65,53
490004,0.01862464183381089,1,13,28
490004,0.07635206786850478,1,72,77
490004,0.0,0,0,0
491001,0.0,0,0,2
491001,0.04513888888888889,1,26,47
491001,0.0,0,0,14
491001,0.034358047016274866,1,19,55
491001,0.0,0,0,1
491001,0.0,0,0,30
491001,0.0,0,0,10
491001,0.0,0,0,3
491001,0.0,0,0,0
491002,0.0030534351145038168,1,2,72
491002,0.0,0,0,2
491002,0.0,0,0,0
491002,0.0,0,0,0
491002,0.0,0,0,2
491002,0.0,0,0,7
491002,0.0,0,0,2
491002,0.0,0,0,0
491002,0.0,0,0,0
491002,0.0,0,0,546
491002,0.0,0,0,2
491002,0.0,0,0,31
491002,0.0,0,0,7
491002,0.006369426751592357,1,1,4
491002,0.0,0,0,0
491002,0.0,0,0,0
491002,0.0,0,0,11
491003,0.0028530670470756064,1,2,61
491003,0.0,0,0,0
491003,0.0,0,0,14
491003,0.0,0,0,25
491003,0.002512562814070352,1,2,59
491003,0.0,0,0,22
491003,0.0,0,0,23
491003,0.0,0,0,0
491003,0.007722007722007722,1,2,12
491004,0.0,0,0,12
491004,0.0,0,0,0
491004,0.0,0,0,20
491004,0.0,0,0,2
491004,0.0,0,0,0
491004,0.0,0,0,2
491004,0.0,0,0,0
491004,0.010101010101010102,1,7,39
491004,0.00510204081632653,1,1,15
491005,0.0,0,0,11
491005,0.0,0,0,4
491005,0.0,0,0,18
491005,0.0,0,0,1
491005,0.007194244604316547,1,1,5
491005,0.005291005291005291,1,1,6
491005,0.0,0,0,17
491005,0.0,0,0,5
491005,0.0,0,0,0
491005,0.0,0,0,7
491005,0.0,0,0,0
492001,0.0,0,0,33
492001,0.003157894736842105,1,3,171
492001,0.0,0,0,2
492001,0.0,0,0,3
492001,0.0,0,0,4
492001,0.002074688796680498,1,1,25
492001,0.0,0,0,23
492001,0.0,0,0,11
492001,0.0,0,0,14
492002,0.11378848728246319,1,85,66
492002,0.009900990099009901,1,4,20
492002,0.03133903133903134,1,11,28
492002,0.01834862385321101,1,6,25
492002,0.04719101123595506,1,21,46
492002,0.001422475106685633,1,4,163
492002,0.0,0,0,35
492002,0.0,0,0,24
492002,0.0,0,0,57
492002,0.0,0,0,16
492002,0.0,0,0,0
492003,0.0,0,0,9
492003,0.024193548387096774,1,6,14
492003,0.0,0,0,0
492003,0.0,0,0,4
492003,0.011834319526627219,1,2,9
492003,0.0,0,0,5
492003,0.0,0,0,4
492003,0.0,0,0,2
492003,0.09611027190332326,1,509,902
492003,0.0,0,0,2
492003,0.00904977375565611,1,2,8
492003,0.0,0,0,10
492003,0.08948685857321652,1,143,212
492003,0.0,0,0,1
492004,0.0,0,0,7
492004,0.0,0,0,9
492004,0.0,0,0,20
492004,0.003703703703703704,1,1,21
492004,0.0,0,0,0
492004,0.0,0,0,21
492004,0.0,0,0,31
492004,0.0,0,0,19
492004,0.0,0,0,0
492004,0.0,0,0,0
492004,0.0,0,0,31
492004,0.0,0,0,0
492005,0.0,0,0,1
492005,0.0,0,0,12
492005,0.0,0,0,13
492005,0.0,0,0,9
492005,0.0,0,0,9
492005,0.0,0,0,1
492005,0.0,0,0,1
492005,0.0,0,0,22
492005,0.0047169811320754715,1,1,23
492005,0.0032822757111597373,1,3,56
492005,0.0,0,0,0
492005,0.000757002271006813,1,1,124
493001,0.015647226173541962,1,11,40
493001,0.0,0,0,0
493001,0.0,0,0,11
493001,0.0,0,0,6
493001,0.0,0,0,8
493001,0.0,0,0,47
493001,0.0,0,0,9
493001,0.0,0,0,1
493001,0.003105590062111801,1,1,13
493001,0.0,0,0,4
493001,0.0,0,0,1
493002,0.0,0,0,4
493002,0.0,0,0,5
493002,0.08052708638360176,1,55,83
493002,0.0,0,0,0
493002,0.0,0,0,12
493002,0.0,0,0,0
493003,0.0,0,0,25
493003,0.0,0,0,16
493003,0.006906077348066298,1,10,95
493003,0.0,0,0,2
493003,0.0,0,0,6
493003,0.00723589001447178,1,5,51
493003,0.0,0,0,12
493003,0.0,0,0,2
493003,0.011560693641618497,1,4,43
493003,0.0,0,0,2
493003,0.0,0,0,2
493003,0.002530844669408415,1,8,369
493003,0.009523809523809525,1,3,40
493003,0.0,0,0,6
493003,0.0,0,0,4
493004,0.0,0,0,0
493004,0.13528678304239403,1,217,175
493004,0.1443850267379679,1,297,265
493004,0.14885910901847157,1,411,431
493005,0.1340341655716163,1,408,419
493005,0.054455445544554455,1,22,53
493005,0.009174311926605505,1,3,25
494001,0.03334992533598805,1,268,1124
494001,0.008203445447087777,1,10,40
494002,0.008410880458124553,1,94,1952
494002,0.07440336920917173,1,159,273
494002,0.0779976717112922,1,67,86
494002,0.0823937554206418,1,95,82
494003,0.07900599828620394,1,461,886
495000,0.12539336722343258,1,1036,1190
495001,0.13657527159855148,1,264,175
495001,0.16069512980047201,1,749,878
495001,0.1348595613697576,1,701,808
495002,0.09785202863961814,1,246,419
495002,0.11331351172778328,1,686,890
496002,0.16501939196797197,1,2638,2203
497000,0.16648106904231627,1,299,275
497000,0.14831697054698456,1,423,488
497000,0.17756073127973954,1,709,573
497001,0.1820580474934037,1,138,140
497001,0.1059190031152648,1,68,77
497001,0.12249705535924617,1,208,304
497001,0.19986168741355465,1,578,544
497002,0.10496014171833482,1,237,374
497002,0.13437727603787328,1,369,406
497003,0.14636303338492151,1,662,655
497003,0.14641434262948208,1,147,148
497004,0.2112676056338028,1,300,191
497004,0.18253968253968253,1,115,83
497004,0.125,1,206,208
497005,0.12396694214876033,1,195,220
497005,0.11228641171684296,1,138,166
497006,0.13305084745762713,1,157,141
497006,0.11935953420669577,1,164,167
497006,0.1509433962264151,1,400,350
497006,0.15769522365428354,1,208,180
497006,0.10750279955207166,1,96,106
497006,0.15482695810564662,1,170,126
497007,0.16694891335026812,1,1183,1142
497007,0.12249705535924617,1,104,77
497008,0.09411764705882353,1,288,420
497008,0.1397459165154265,1,385,277
497008,0.14759036144578314,1,490,385
497008,0.02711864406779661,1,24,31
497009,0.08904649330181245,1,1695,2847
497010,0.11742182514358647,1,368,495
497011,0.19980909958638243,1,628,581
497011,0.13356461405030357,1,308,333
497011,0.1350071056371388,1,285,375
497011,0.13157894736842105,1,120,136
498000,0.1189094107299912,1,676,791
498001,0.10057471264367816,1,35,33
498001,0.10162197947699438,1,307,514
498002,0.040697674418604654,1,98,246
498002,0.06288929073739201,1,313,464
498003,0.06207616066770996,1,357,746
498004,0.046417891041477054,1,714,2125
498004,0.09975369458128079,1,405,702
498005,0.07290909090909091,1,401,687
498005,0.017780704642739547,1,54,168
498006,0.09816753926701571,1,225,374
498006,0.13216145833333334,1,203,191
498006,0.13541376427974366,1,486,589
498007,0.11063040791100123,1,179,198
498007,0.14093232151153787,1,910,975
498008,0.012038190120381901,1,29,199
498009,0.14778491714575584,1,1311,1726
498010,0.12568735271013354,1,1280,1730
498010,0.11285386381025249,1,295,302
499000,0.06911251776256298,1,1605,3867
499001,0.07325896894784444,1,243,451
499001,0.09567198177676538,1,84,86
499001,0.09645464025026068,1,185,223
499002,0.030429594272076373,1,51,148
499002,0.05999032414126754,1,124,235
499003,0.04755996691480562,1,345,458
499004,0.09566968781470292,1,570,948
499007,0.12057132257466148,1,1300,1529
499007,0.12991021324354657,1,463,548
499008,0.16066234056835982,1,718,665
499008,0.1107573726541555,1,661,551
499009,0.17599538372763993,1,305,294
499009,0.18072824156305506,1,407,351
499010,0.1184573002754821,1,172,178
499010,0.09190031152647975,1,177,324
499011,0.10581222056631892,1,71,88
499011,0.1377431906614786,1,354,314
499011,0.1395864106351551,1,756,802
499012,0.1031475161167994,1,272,394
499013,0.12680965147453083,1,946,1036
500001,0.16902500484590036,1,872,858
500006,0.07424812030075188,1,158,216
500002,0.11720414831652223,1,825,1004
500003,0.004653567735263702,1,9,160
500001,0.12947831552482716,1,206,183
500002,0.09275136399064692,1,357,550
500006,0.10856378233719893,1,1217,1855
500007,0.09789630611230744,1,1182,2143
500003,0.013904982618771726,1,12,74
500001,0.18657469717362046,1,1109,1049
500001,0.13317191283292978,1,220,186
500002,0.07766423357664233,1,266,309
500003,0.0,0,0,9
500003,0.0,0,0,12
500004,0.0,0,0,1
500004,0.0010893246187363835,1,1,43
500004,0.0,0,0,18
500004,0.0013717421124828531,1,2,119
500004,0.0,0,0,0
500005,0.0,0,0,98
500005,0.0010245901639344263,1,1,20
500005,0.02122820318423048,1,56,131
500006,0.1104594330400782,1,113,113
501001,0.10327882059131556,1,1282,1826
501001,0.021514105946823625,1,106,546
501001,0.02441438469152095,1,74,377
501001,0.06138036383835578,1,884,1964
501001,0.049277471670651836,1,474,1518
501001,0.10544044095131162,1,1033,1584
501001,0.026966587740068403,1,205,437
501001,0.08535654298366163,1,559,1047
501001,0.021765787860208462,1,71,491
502001,0.11338046609059964,1,433,608
502002,0.13241065895476142,1,641,864
502003,0.007432541606075295,1,46,239
502004,0.15324024346580736,1,428,481
502004,0.099335232668566,1,523,822
502005,0.06419334975369458,1,417,691
502006,0.09344777562862669,1,773,1141
502007,0.1309431021044427,1,504,686
502008,0.1104225352112676,1,588,649
502009,0.035428089413749475,1,84,166
502009,0.10573122529644269,1,107,77
503001,0.0,0,0,22
503001,0.0,0,0,3
503001,0.06643598615916955,1,96,161
503001,0.007035175879396985,1,7,28
503001,0.02694136291600634,1,51,191
503002,0.0,0,0,16
503002,0.0,0,0,0
503002,0.0071090047393364926,1,9,122
503002,0.0,0,0,17
503002,0.0,0,0,0
503002,0.0,0,0,16
503002,0.0,0,0,75
503002,0.0,0,0,11
503002,0.0,0,0,3
503002,0.0,0,0,22
503002,0.0,0,0,49
503003,0.002179512581731722,1,11,307
503004,0.008502289077828646,1,104,1833
503005,0.10083333333333333,1,242,314
503006,0.049598682856554846,1,241,487
503007,0.0,0,0,27
503007,0.00896551724137931,1,13,75
503007,0.0,0,0,1
503008,0.0,0,0,156
504101,0.0026666666666666666,1,1,24
504101,0.0,0,0,26
504101,0.0,0,0,29
504101,0.0,0,0,142
504101,0.0,0,0,1
504101,0.0,0,0,2
504101,0.0,0,0,67
504101,0.0,0,0,8
504101,0.0,0,0,2
504101,0.0,0,0,20
504102,0.0,0,0,26
504102,0.0,0,0,0
504102,0.0,0,0,87
504102,0.0,0,0,3
504102,0.0,0,0,2
504102,0.0,0,0,3
504102,0.0,0,0,50
504102,0.0,0,0,14
504102,0.0,0,0,3
504102,0.0,0,0,14
504102,0.0,0,0,182
504102,0.0,0,0,37
504102,0.0,0,0,15
504102,0.0,0,0,1
504103,0.0,0,0,10
504103,0.0,0,0,4
504103,0.0,0,0,12
504103,0.0,0,0,12
504103,0.0,0,0,10
504103,0.0,0,0,9
504104,0.0,0,0,0
504104,0.0,0,0,6
504104,0.016652059596844872,1,19,99
504104,0.0,0,0,27
504104,0.0,0,0,15
504104,0.0,0,0,9
504104,0.0,0,0,33
504104,0.0,0,0,2
504104,0.0,0,0,17
504104,0.0,0,0,0
504104,0.0041390728476821195,1,20,510
504104,0.0,0,0,1
504104,0.0,0,0,30
504104,0.026143790849673203,1,8,10
504201,0.004819277108433735,1,8,79
504201,0.0,0,0,7
504201,0.0,0,0,29
504201,0.0,0,0,3
504201,0.0,0,0,23
504201,0.0,0,0,1
504201,0.0,0,0,2
504201,0.0,0,0,7
504201,0.0010672358591248667,1,1,72
504201,0.0,0,0,9
504201,0.0,0,0,6
504201,0.0,0,0,12
504201,0.0,0,0,3
504201,0.0,0,0,7
504201,0.0,0,0,19
504201,0.0,0,0,43
504201,0.0,0,0,14
504201,0.0,0,0,9
504201,0.0,0,0,1
504201,0.0,0,0,6
504201,0.0,0,0,13
504201,0.0,0,0,7
504201,0.0,0,0,1
504201,0.0,0,0,4
505001,0.0,0,0,11
505001,0.0,0,0,24
505001,0.10845839017735334,1,159,188
505001,0.00946372239747634,1,3,11
505001,0.01340033500837521,1,8,30
505001,0.0,0,0,28
505002,0.12439261418853255,1,128,131
505002,0.12439496611810262,1,1285,1315
505002,0.06871035940803383,1,65,75
505002,0.16571018651362984,1,231,186
505002,0.11450381679389313,1,135,170
505003,0.02304147465437788,1,5,10
505003,0.0019230769230769232,1,1,15
505003,0.03053892215568862,1,51,118
505003,0.0035885167464114833,1,3,41
505004,0.0,0,0,33
505004,0.1303698169592828,1,349,386
506001,0.004691689008042895,1,7,103
506001,0.09306569343065693,1,51,54
506001,0.005940594059405941,1,6,49
506001,0.0008718395815170009,1,1,54
506002,0.08793686583990981,1,78,126
506002,0.10424710424710425,1,135,120
506002,0.0,0,0,18
506003,0.0,0,0,1
506003,0.11898395721925134,1,89,51
506003,0.0,0,0,18
506003,0.08086253369272237,1,30,54
506003,0.003125,1,1,7
506003,0.0353356890459364,1,10,24
506003,0.02844950213371266,1,20,64
506003,0.05753595997498437,1,92,141
506004,0.0029498525073746312,1,2,48
506004,0.014161220043572984,1,13,67
506005,0.0831753254961446,1,658,1029
506006,0.0728561046511628,1,401,508
507001,0.13009875483039932,1,606,725
507002,0.020872865275142316,1,11,29
507002,0.11014492753623188,1,114,89
507002,0.02564102564102564,1,9,32
507003,0.022727272727272728,1,2,2
507003,0.035489410417859184,1,62,116
507004,0.13880523846207718,1,1982,2659
508004,0.13102641880327395,1,7732,9489
508005,0.09400089206066012,1,843,1343
508006,0.06655974338412189,1,249,429
508007,0.06030795551753636,1,141,279
509001,0.0017730496453900709,1,1,27
509001,0.04795918367346939,1,47,78
509001,0.0,0,0,5
509001,0.02040816326530612,1,4,8
509001,0.0,0,0,0
509001,0.0,0,0,21
509001,0.0,0,0,7
509002,0.0,0,0,1
509002,0.0,0,0,7
509002,0.012735733529267695,1,52,467
509002,0.0,0,0,12
509002,0.002157497303128371,1,2,36
509002,0.0,0,0,55
509003,0.004651162790697674,1,6,58
509003,0.02629620441577772,1,106,305
509003,0.0,0,0,204
509004,0.0,0,0,77
509004,0.051118210862619806,1,64,148
509004,0.024369016536118365,1,28,128
509004,0.013629842180774749,1,19,71
509005,0.0,0,0,13
509005,0.0,0,0,1
509005,0.0,0,0,9
509005,0.0,0,0,30
509005,0.0,0,0,35
509005,0.0,0,0,11
509005,0.0,0,0,15
510001,0.0,0,0,17
510001,0.017582417582417582,1,8,21
510001,0.02301410541945063,1,31,113
510001,0.0,0,0,1
510001,0.0,0,0,1
510001,0.0,0,0,2
510001,0.0,0,0,3
510001,0.0,0,0,1
510001,0.0,0,0,120
510001,0.0,0,0,35
510001,0.0,0,0,20
510002,0.0,0,0,5
510002,0.0,0,0,28
510002,0.0,0,0,0
510002,0.0,0,0,44
510002,0.0,0,0,17
510002,0.0,0,0,10
510002,0.0,0,0,15
510002,0.0,0,0,15
510002,0.0,0,0,20
510002,0.0,0,0,4
510002,0.0,0,0,2
510002,0.03333333333333333,1,38,103
510002,0.003105590062111801,1,1,13
510002,0.0,0,0,0
510002,0.0,0,0,8
510003,0.003703360799925933,1,40,1138
510004,0.0,0,0,14
510004,0.0,0,0,20
510004,0.0017482517482517483,1,2,42
510004,0.0,0,0,8
510004,0.0,0,0,6
510004,0.0,0,0,15
510004,0.0,0,0,10
510004,0.0,0,0,4
510004,0.0,0,0,0
510004,0.0,0,0,10
510004,0.0,0,0,41
510004,0.0,0,0,6
510004,0.0,0,0,7
510004,0.0,0,0,0
510004,0.0,0,0,5
510004,0.0,0,0,4
510005,0.0,0,0,13
510005,0.0,0,0,9
510005,0.0,0,0,6
510005,0.0,0,0,6
510005,0.0,0,0,32
510005,0.0017406440382941688,1,2,96
510005,0.0,0,0,4
510005,0.0,0,0,15
510005,0.0,0,0,15
510005,0.0,0,0,4
510005,0.0,0,0,28
510005,0.0,0,0,8
510005,0.0,0,0,19
511001,0.0,0,0,50
511001,0.0,0,0,84
511001,0.0,0,0,12
511002,0.001394700139470014,1,1,35
511002,0.0004655493482309125,1,1,80
511002,0.0,0,0,18
511002,0.0,0,0,30
511002,0.0005292405398253506,1,2,282
511003,0.0,0,0,12
511003,0.0,0,0,13
511003,0.0,0,0,100
511003,0.0,0,0,3
511003,0.0,0,0,17
512001,0.0045871559633027525,1,1,10
512001,0.0,0,0,3
512001,0.0,0,0,21
512001,0.0,0,0,0
512001,0.0,0,0,23
512001,0.0,0,0,5
512001,0.0,0,0,37
512001,0.0,0,0,37
512001,0.0,0,0,9
512002,0.0,0,0,21
512002,0.0,0,0,107
512002,0.0,0,0,44
512003,0.0010775862068965517,1,1,48
512003,0.0038461538461538464,1,1,8
512003,0.0,0,0,20
512003,0.004827586206896552,1,7,102
512003,0.0,0,0,94
513001,0.019230769230769232,1,5,10
513001,0.0,0,0,47
513001,0.0,0,0,23
513001,0.0,0,0,0
513001,0.0,0,0,4
513001,0.0,0,0,5
513001,0.0,0,0,6
513001,0.0,0,0,4
513002,0.0,0,0,2
513002,0.0,0,0,4
513002,0.0,0,0,3
513002,0.0,0,0,59
513002,0.0,0,0,2
513002,0.0,0,0,11
513002,0.0,0,0,26
513002,0.0,0,0,4
513002,0.007173913043478261,1,33,391
513002,0.0,0,0,0
513002,0.0,0,0,21
513003,0.0,0,0,15
513003,0.0,0,0,14
513003,0.0,0,0,11
513003,0.0,0,0,6
513003,0.0,0,0,12
513003,0.0,0,0,2
513003,0.0014184397163120568,1,1,28
513003,0.0,0,0,9
514000,0.0,0,0,2
514001,0.0,0,0,1
514001,0.0,0,0,24
514001,0.0,0,0,7
514001,0.0,0,0,2
514001,0.0,0,0,0
514002,0.0,0,0,39
514002,0.0,0,0,12
514002,0.0,0,0,47
514002,0.0,0,0,3
514002,0.0,0,0,0
514002,0.0,0,0,14
514002,0.0,0,0,28
514002,0.0,0,0,12
514002,0.0,0,0,18
514002,0.0017316017316017316,1,2,64
514002,0.0,0,0,0
514003,0.0,0,0,12
514003,0.0008084074373484236,1,1,69
514003,0.002572898799313894,1,3,74
514003,0.0,0,0,16
514003,0.0,0,0,18
514003,0.0,0,0,2
514003,0.0,0,0,7
514003,0.03233830845771144,1,26,63
514003,0.0,0,0,21
514003,0.0,0,0,0
514004,0.0,0,0,8
514004,0.0,0,0,0
514004,0.0013568521031207597,1,1,62
514004,0.0,0,0,3
514004,0.0,0,0,2
514004,0.0,0,0,0
514004,0.0,0,0,3
514004,0.0,0,0,0
514004,0.0,0,0,8
514004,0.0,0,0,6
514004,0.0029498525073746312,1,1,14
514004,0.0,0,0,172
514004,0.0,0,0,6
514005,0.0,0,0,8
514005,0.0,0,0,3
514005,0.0,0,0,17
514005,0.0,0,0,31
514005,0.0,0,0,8
514005,0.0,0,0,0
515000,0.009868421052631578,1,12,203
515000,0.0,0,0,74
515000,0.002457002457002457,1,1,60
515000,0.0,0,0,161
515000,0.0,0,0,14
515000,0.004201680672268907,1,1,52
515000,0.006864988558352402,1,6,79
515000,0.004098360655737705,1,4,144
515000,0.0,0,0,206
515000,0.0038022813688212928,1,4,75
515000,0.0,0,0,46
515000,0.002828854314002829,1,2,71
515000,0.0,0,0,125
515000,0.00141643059490085,1,1,139
515000,0.024368231046931407,1,27,116
515000,0.0,0,0,50
515000,0.0021598272138228943,1,2,121
515000,0.06626506024096386,1,55,147
515000,0.02127659574468085,1,22,141
515000,0.011945392491467578,1,7,80
515000,0.0,0,0,85
515000,0.014363885088919288,1,21,250
515000,0.011560693641618497,1,12,109
515000,0.007261410788381743,1,7,174
515000,0.0,0,0,67
515000,0.0022222222222222222,1,3,155
515000,0.0,0,0,119
515000,0.009708737864077669,1,1,9
515000,0.03631961259079903,1,15,88
515000,0.006329113924050633,1,4,69
515000,0.0,0,0,85
515000,0.0,0,0,193
515000,0.0036101083032490976,1,1,21
515001,0.0,0,0,0
515001,0.0,0,0,22
515001,0.0,0,0,0
515001,0.0,0,0,0
515001,0.0,0,0,21
515001,0.0,0,0,11
515001,0.0,0,0,19
515002,0.0,0,0,35
515002,0.0,0,0,2
515002,0.0,0,0,17
515002,0.0032,1,2,49
515002,0.0,0,0,0
515003,0.0,0,0,7
515003,0.0,0,0,49
515003,0.0,0,0,1
515003,0.0,0,0,13
515003,0.0,0,0,16
515003,0.0,0,0,14
515003,0.0,0,0,6
515003,0.0,0,0,11
515003,0.011764705882352941,1,2,5
515003,0.0,0,0,0
515003,0.0,0,0,0
515003,0.0,0,0,1
515003,0.0,0,0,0
515003,0.0,0,0,11
515003,0.0,0,0,7
515003,0.0,0,0,12
515003,0.0,0,0,8
515004,0.0,0,0,36
515004,0.0,0,0,0
515004,0.0,0,0,5
515004,0.0,0,0,9
515004,0.0,0,0,16
515004,0.0,0,0,7
515005,0.0,0,0,3
515005,0.0,0,0,24
515005,0.0,0,0,28
515005,0.0,0,0,18
515005,0.0,0,0,13
515005,0.0,0,0,14
515006,0.0,0,0,31
515006,0.0,0,0,24
515006,0.0,0,0,1
515006,0.0,0,0,19
515006,0.0,0,0,0
515006,0.0,0,0,4
515006,0.0,0,0,0
515006,0.0,0,0,0
515006,0.0,0,0,3
515006,0.0,0,0,4
515006,0.0,0,0,17
515006,0.0,0,0,0
515006,0.0,0,0,3
515007,0.0,0,0,1
515007,0.0,0,0,9
515007,0.0,0,0,8
515007,0.0,0,0,14
515007,0.0,0,0,6
515007,0.0,0,0,15
515007,0.0,0,0,5
515007,0.0,0,0,20
516001,0.0,0,0,24
516001,0.0,0,0,16
516001,0.0,0,0,7
516001,0.0,0,0,4
516001,0.0,0,0,4
516001,0.0,0,0,14
516001,0.0,0,0,4
516001,0.0,0,0,6
516001,0.0,0,0,5
516001,0.0,0,0,5
516001,0.0,0,0,5
516001,0.0,0,0,33
516001,0.0,0,0,15
516001,0.0,0,0,2
516001,0.0,0,0,26
516001,0.0,0,0,1
516002,0.0,0,0,4
516002,0.0,0,0,18
516002,0.0,0,0,2
516002,0.0,0,0,1
516002,0.0,0,0,18
516002,0.0,0,0,0
516002,0.0,0,0,1
516002,0.0,0,0,8
516002,0.0,0,0,0
516002,0.0,0,0,38
516002,0.0,0,0,0
516002,0.0,0,0,12
516002,0.0,0,0,3
516002,0.0,0,0,0
516002,0.0,0,0,199
516002,0.0,0,0,0
516002,0.0,0,0,5
516002,0.0,0,0,0
516002,0.0,0,0,15
516002,0.0,0,0,5
516003,0.0,0,0,10
516003,0.0,0,0,0
516003,0.0,0,0,1
516003,0.0,0,0,9
516003,0.0,0,0,5
516003,0.0,0,0,0
516003,0.0,0,0,5
516003,0.0,0,0,3
516003,0.0,0,0,13
516003,0.0,0,0,10
516003,0.0,0,0,14
516003,0.0,0,0,0
516003,0.0,0,0,143
517001,0.0,0,0,47
517002,0.0,0,0,8
517002,0.0,0,0,6
517002,0.0,0,0,40
517002,0.0,0,0,9
517002,0.0,0,0,3
517002,0.0,0,0,0
517002,0.0,0,0,2
517002,0.0,0,0,1
517002,0.0,0,0,10
517003,0.0,0,0,22
517003,0.0,0,0,1
517003,0.006342494714587738,1,3,42
517003,0.0,0,0,0
517003,0.0,0,0,0
517003,0.0,0,0,0
517003,0.0,0,0,0
517003,0.0,0,0,24
517003,0.0,0,0,23
517003,0.0,0,0,192
517003,0.0,0,0,26
517003,0.0,0,0,6
517003,0.0,0,0,20
517003,0.0,0,0,0
517003,0.0,0,0,0
517003,0.0,0,0,2
517003,0.0,0,0,0
517003,0.0,0,0,4
517003,0.0,0,0,3
517003,0.0,0,0,0
517003,0.0,0,0,6
517003,0.0,0,0,4
517004,0.0,0,0,4
517004,0.0,0,0,9
517004,0.0,0,0,2
517004,0.0,0,0,43
517004,0.0,0,0,1
517004,0.0,0,0,2
517004,0.0,0,0,11
517004,0.0,0,0,57
517004,0.0034965034965034965,1,1,20
517004,0.0,0,0,11
517004,0.0,0,0,39
517004,0.0,0,0,0
518003,0.0,0,0,2
518002,0.0,0,0,2
518002,0.0008998200359928015,1,3,268
518002,0.0026793688597796963,1,9,391
518002,0.0040595399188092015,1,3,49
518002,0.0,0,0,2
518002,0.0,0,0,2
518002,0.0,0,0,9
518002,0.0,0,0,0
518002,0.0,0,0,15
518001,0.0,0,0,8
518001,0.0,0,0,49
518001,0.0,0,0,6
518001,0.0,0,0,24
518001,0.0,0,0,27
518001,0.0,0,0,7
518001,0.0,0,0,10
518001,0.0,0,0,4
518002,0.0,0,0,15
518002,0.0022371364653243847,1,1,15
518002,0.0,0,0,0
518002,0.0,0,0,9
518002,0.0,0,0,13
518002,0.0,0,0,14
518003,0.0,0,0,1
518003,0.0,0,0,9
518003,0.0,0,0,7
518003,0.0,0,0,16
518003,0.0,0,0,2
518003,0.009216589861751152,1,2,11
518003,0.0,0,0,7
518003,0.0,0,0,8
518003,0.0,0,0,8
518003,0.0,0,0,14
518003,0.0,0,0,0
518004,0.0,0,0,29
518004,0.0,0,0,0
518004,0.0,0,0,1
518004,0.0,0,0,4
519001,0.0006844626967830253,1,3,380
519002,0.0011650485436893205,1,3,116
519002,0.0,0,0,6
519003,0.0,0,0,19
519003,0.0,0,0,2
519003,0.0,0,0,21
519003,0.0,0,0,0
519003,0.0,0,0,66
519004,0.0,0,0,20
519004,0.0,0,0,16
519004,0.0,0,0,2
519004,0.0017064846416382253,1,2,47
519005,0.0,0,0,109
519005,0.0,0,0,2
519005,0.0011862396204033216,1,1,50
519006,0.0005491488193300384,1,1,129
519006,0.0,0,0,31
519006,0.0,0,0,87
519007,0.0037867537867537866,1,51,1172
520001,0.001088929219600726,1,3,328
520001,0.0003629764065335753,1,1,297
520001,0.0005186721991701245,1,2,414
520001,0.005195899452324112,1,37,762
520001,0.0038634900193174502,1,30,671
520001,0.0008976660682226212,1,3,400
520001,0.0,0,0,190
520001,0.0,0,0,242
521001,0.0,0,0,6
521001,0.0,0,0,19
521001,0.0020876826722338203,1,1,27
521001,0.0,0,0,0
521001,0.0,0,0,7
521001,0.0,0,0,0
521001,0.0,0,0,12
521001,0.0,0,0,8
521001,0.0,0,0,25
521001,0.0,0,0,5
521001,0.0,0,0,21
521001,0.0,0,0,0
521001,0.0,0,0,0
521001,0.0,0,0,4
521001,0.0015408320493066256,1,2,95
521001,0.0021141649048625794,1,1,9
521001,0.0,0,0,2
521001,0.0,0,0,39
521001,0.0,0,0,10
521001,0.0,0,0,5
521001,0.0,0,0,2
521001,0.0,0,0,9
521001,0.0,0,0,4
521001,0.0,0,0,0
521001,0.0024937655860349127,1,1,17
521001,0.0,0,0,0
521001,0.0,0,0,5
522001,0.0,0,0,1
522001,0.0,0,0,5
522001,0.0,0,0,1
522001,0.0,0,0,0
522001,0.0,0,0,6
522001,0.0,0,0,6
522001,0.0,0,0,3
522001,0.0,0,0,26
522001,0.0,0,0,8
522001,0.0,0,0,0
522002,0.0,0,0,0
522002,0.0,0,0,3
522002,0.0,0,0,8
522002,0.0,0,0,7
522002,0.0,0,0,2
522002,0.0,0,0,6
522002,0.0,0,0,6
522002,0.0,0,0,16
522002,0.014285714285714285,1,3,10
522002,0.0,0,0,18
522002,0.0,0,0,0
522003,0.0012300123001230013,1,1,42
522003,0.0,0,0,1
522003,0.0,0,0,0
522003,0.0,0,0,2
522003,0.0,0,0,24
522004,0.0,0,0,6
522004,0.0,0,0,0
522004,0.0,0,0,5
522004,0.0,0,0,0
522004,0.0,0,0,75
522004,0.0,0,0,7
522004,0.0,0,0,13
522004,0.0,0,0,8
522005,0.0,0,0,0
522005,0.0017094017094017094,1,1,27
522005,0.0,0,0,0
522005,0.0,0,0,7
522005,0.0,0,0,0
522005,0.0,0,0,0
522005,0.0,0,0,0
522005,0.0,0,0,8
523001,0.0,0,0,31
523001,0.0,0,0,4
523001,0.0,0,0,20
523001,0.0,0,0,30
523001,0.0,0,0,2
523001,0.0,0,0,11
523001,0.0,0,0,2
523001,0.0,0,0,0
523001,0.0,0,0,5
523001,0.0,0,0,0
523001,0.0,0,0,4
523002,0.0007518796992481203,1,2,262
523002,0.0,0,0,10
523002,0.0,0,0,1
523002,0.0,0,0,47
523002,0.0,0,0,67
523002,0.0,0,0,4
523002,0.0,0,0,5
523002,0.0,0,0,1
523003,0.0,0,0,8
523003,0.0,0,0,0
523003,0.0,0,0,20
523003,0.0,0,0,0
523003,0.0,0,0,2
523003,0.0,0,0,12
523003,0.0,0,0,8
523003,0.0,0,0,22
523003,0.0,0,0,1
523003,0.0,0,0,0
523003,0.0,0,0,2
523003,0.0,0,0,4
523003,0.0,0,0,19
523004,0.0,0,0,1
523004,0.0,0,0,0
523004,0.0,0,0,0
523004,0.0,0,0,6
523004,0.0,0,0,2
523004,0.0,0,0,50
523004,0.0,0,0,10
523004,0.0,0,0,10
523004,0.0,0,0,5
523004,0.0,0,0,0
523004,0.0,0,0,14
524001,0.0,0,0,5
524001,0.0,0,0,12
524001,0.0,0,0,1
524001,0.0,0,0,1
524001,0.0,0,0,0
524001,0.0,0,0,1
524001,0.0,0,0,3
524001,0.0,0,0,21
524001,0.0,0,0,0
524001,0.0,0,0,2
524002,0.0,0,0,13
524002,0.0,0,0,0
524002,0.0,0,0,5
524002,0.0006260434056761269,1,3,376
524002,0.0,0,0,4
524002,0.0,0,0,7
524002,0.0,0,0,0
524002,0.0,0,0,37
524002,0.0,0,0,2
524002,0.0,0,0,8
524003,0.0,0,0,0
524003,0.0,0,0,14
524003,0.0,0,0,1
524003,0.0,0,0,68
524003,0.0,0,0,8
524003,0.0,0,0,16
524003,0.0,0,0,2
524003,0.0,0,0,8
524003,0.0,0,0,7
525001,0.0022271714922048997,1,1,19
525001,0.0,0,0,59
525001,0.0,0,0,14
525001,0.0,0,0,2
525001,0.0,0,0,7
525001,0.0,0,0,3
525001,0.0,0,0,18
525001,0.0,0,0,0
525002,0.0,0,0,14
525002,0.0,0,0,22
525002,0.0,0,0,8
525002,0.0,0,0,5
525002,0.0,0,0,4
525002,0.0,0,0,30
525002,0.0002389771776795316,1,2,733
525002,0.0,0,0,0
525002,0.0,0,0,0
525003,0.0,0,0,17
525003,0.0,0,0,6
525003,0.0,0,0,20
525003,0.0,0,0,2
525003,0.0,0,0,5
525003,0.007228915662650603,1,3,12
525003,0.0,0,0,2
525003,0.0,0,0,4
525003,0.0,0,0,11
525003,0.0,0,0,23
525003,0.0,0,0,2
525003,0.0,0,0,1
525003,0.0,0,0,20
525004,0.0,0,0,0
525004,0.0,0,0,6
525004,0.0,0,0,34
525004,0.0,0,0,8
525004,0.0,0,0,0
526001,0.0,0,0,7
526001,0.0,0,0,6
526001,0.0,0,0,4
526001,0.0,0,0,5
526001,0.0,0,0,2
526001,0.0,0,0,1
526001,0.0,0,0,26
526001,0.0,0,0,10
526001,0.0,0,0,10
526001,0.0,0,0,16
526001,0.0,0,0,0
526001,0.0,0,0,0
526001,0.0,0,0,12
526001,0.0,0,0,4
526002,0.0,0,0,17
526002,0.0,0,0,6
526002,0.0,0,0,8
526002,0.0,0,0,1
526002,0.0,0,0,0
526002,0.0,0,0,5
526002,0.0,0,0,3
526002,0.0,0,0,0
526002,0.0,0,0,19
526002,0.0,0,0,17
526002,0.0,0,0,3
526002,0.0,0,0,1
526002,0.0,0,0,0
526002,0.0,0,0,20
526002,0.0,0,0,3
526002,0.0,0,0,0
526003,0.0,0,0,10
526003,0.0,0,0,6
526003,0.0,0,0,0
526003,0.0,0,0,5
526003,0.0,0,0,1
526003,0.0,0,0,0
526003,0.0,0,0,14
526003,0.0,0,0,73
526003,0.002331908278274388,1,6,239
526003,0.0025,1,4,200
526003,0.0,0,0,109
526003,0.0,0,0,0
526003,0.0,0,0,10
526004,0.0,0,0,0
526004,0.0,0,0,4
526004,0.0,0,0,10
526004,0.0,0,0,0
526004,0.0,0,0,0
526004,0.0,0,0,43
526004,0.0,0,0,1
526004,0.0,0,0,31
526004,0.0,0,0,0
526004,0.0,0,0,2
526005,0.0,0,0,10
526005,0.0,0,0,18
526005,0.0,0,0,6
526005,0.0,0,0,0
526005,0.0,0,0,1
526005,0.0,0,0,3
526005,0.0,0,0,2
526005,0.0,0,0,1
526005,0.0,0,0,46
526005,0.0,0,0,0
526005,0.0,0,0,30
526005,0.0,0,0,11
526005,0.0,0,0,27
526005,0.0,0,0,10
527001,0.0,0,0,7
527001,0.0,0,0,2
527001,0.0,0,0,7
527001,0.0,0,0,16
527001,0.0,0,0,3
527001,0.0,0,0,32
527001,0.004056795131845842,1,2,15
527001,0.0,0,0,3
527002,0.0,0,0,4
527002,0.007228915662650603,1,3,22
527002,0.0,0,0,8
527002,0.0,0,0,33
527002,0.0036420395421436005,1,7,158
527002,0.0,0,0,1
527002,0.0,0,0,42
527002,0.0,0,0,4
527002,0.0,0,0,2
527002,0.0,0,0,28
527002,0.0,0,0,21
527002,0.0,0,0,16
527002,0.0,0,0,18
527002,0.0,0,0,0
527003,0.0,0,0,1
527003,0.0,0,0,11
527003,0.0,0,0,20
527003,0.0,0,0,20
527003,0.0,0,0,2
527003,0.0,0,0,7
527003,0.0,0,0,2
527003,0.0,0,0,0
527003,0.0,0,0,0
527003,0.0,0,0,4
528001,0.0,0,0,2
528001,0.0,0,0,1
528001,0.0,0,0,11
528001,0.0,0,0,1
528001,0.0,0,0,0
528001,0.0,0,0,15
528001,0.0,0,0,2
528001,0.0,0,0,35
528002,0.0,0,0,2
528002,0.0,0,0,0
528002,0.0,0,0,0
528002,0.0,0,0,7
528002,0.0,0,0,17
528002,0.0,0,0,11
528002,0.0,0,0,16
528002,0.0,0,0,3
528003,0.02768166089965398,1,8,10
528003,0.0,0,0,10
528003,0.0,0,0,15
528003,0.004878048780487805,1,1,12
528003,0.0,0,0,3
528003,0.0,0,0,5
528003,0.0291005291005291,1,22,53
528003,0.0007054673721340388,1,2,307
528004,0.0,0,0,1
528004,0.0,0,0,5
528004,0.0,0,0,0
528004,0.003048780487804878,1,1,31
528004,0.0,0,0,12
528004,0.0,0,0,4
528005,0.008771929824561403,1,3,6
528005,0.0,0,0,0
528005,0.0,0,0,4
528005,0.001968503937007874,1,1,23
528005,0.0,0,0,1
528005,0.0,0,0,5
528005,0.023809523809523808,1,8,25
528005,0.0,0,0,0
528005,0.04747774480712166,1,16,36
528005,0.0,0,0,2
528005,0.0,0,0,6
529001,0.0,0,0,2
529001,0.013245033112582781,1,2,7
529001,0.005270092226613966,1,4,23
529001,0.0,0,0,2
529001,0.0,0,0,3
529001,0.0,0,0,0
529001,0.0022471910112359553,1,1,20
529001,0.0036363636363636364,1,1,14
529001,0.006734006734006734,1,10,110
529001,0.0,0,0,3
529001,0.0,0,0,3
529001,0.0,0,0,9
529001,0.0,0,0,8
529001,0.0,0,0,2
529001,0.0,0,0,3
529002,0.0,0,0,0
529002,0.0,0,0,10
529002,0.0,0,0,14
529002,0.0,0,0,4
529002,0.0,0,0,5
529002,0.0,0,0,7
529002,0.0,0,0,1
529002,0.0,0,0,0
529002,0.010471204188481676,1,2,13
529002,0.0,0,0,5
529002,0.0,0,0,7
529003,0.0,0,0,15
529003,0.0,0,0,5
529003,0.0,0,0,0
529003,0.0,0,0,5
529003,0.0,0,0,7
529003,0.0,0,0,9
529003,0.0,0,0,16
529003,0.0,0,0,11
529003,0.0022197558268590455,1,4,170
529003,0.0,0,0,1
529003,0.0,0,0,20
529003,0.0,0,0,10
529003,0.0,0,0,2
529003,0.0,0,0,3
529003,0.0,0,0,6
529003,0.0,0,0,0
529003,0.0,0,0,25
529003,0.0,0,0,17
529003,0.0,0,0,3
529003,0.0,0,0,1
529003,0.0,0,0,0
529003,0.0,0,0,4
529003,0.0,0,0,6
530001,0.0,0,0,15
530001,0.007042253521126761,1,1,5
530001,0.0,0,0,14
530001,0.0,0,0,3
530001,0.0,0,0,13
530001,0.0,0,0,1
530002,0.0,0,0,5
530002,0.0,0,0,0
530002,0.0,0,0,0
530002,0.0,0,0,2
530002,0.0,0,0,10
530002,0.004739336492890996,1,1,15
530002,0.0035225048923679062,1,9,230
530002,0.0,0,0,11
530003,0.0,0,0,7
530003,0.0,0,0,8
530003,0.0,0,0,16
530003,0.0,0,0,14
530004,0.0,0,0,11
530004,0.0,0,0,15
530004,0.0,0,0,16
530004,0.0,0,0,37
530004,0.0,0,0,7
530005,0.0,0,0,2
530005,0.0,0,0,19
531001,0.0,0,0,36
531001,0.0,0,0,7
531001,0.0,0,0,88
531001,0.003067484662576687,1,1,9
531001,0.0,0,0,6
531001,0.0,0,0,16
531002,0.0,0,0,10
531002,0.0,0,0,193
531002,0.0015290519877675841,1,1,31
531002,0.005763688760806916,1,2,11
531002,0.011111111111111112,1,22,104
531002,0.010431423052157116,1,81,698
531003,0.0,0,0,3
531003,0.0,0,0,0
531003,0.0,0,0,2
531003,0.0,0,0,89
531003,0.0,0,0,0
531003,0.0035842293906810036,1,4,40
531003,0.0,0,0,7
531003,0.0,0,0,0
531003,0.0,0,0,6
531003,0.0,0,0,14
532001,0.0,0,0,7
532001,0.0,0,0,2
532001,0.012552301255230125,1,3,11
532001,0.0,0,0,45
532001,0.0029585798816568047,1,1,20
532001,0.031746031746031744,1,2,3
532002,0.0,0,0,18
532002,0.0,0,0,31
532002,0.0,0,0,34
532002,0.0,0,0,42
532002,0.0,0,0,1
532002,0.011320754716981131,1,3,15
532003,0.0,0,0,24
532003,0.0,0,0,20
532003,0.0,0,0,6
532003,0.004962779156327543,1,2,29
532003,0.0,0,0,24
532004,0.0,0,0,133
532004,0.0,0,0,0
532004,0.0,0,0,0
532004,0.006756756756756757,1,1,6
532004,0.0,0,0,2
532004,0.0,0,0,2
532005,0.0,0,0,0
532005,0.0035919540229885057,1,5,61
532005,0.0,0,0,6
533001,0.0,0,0,72
533001,0.0,0,0,0
533001,0.0,0,0,3
533001,0.06968641114982578,1,20,41
533001,0.009433962264150943,1,1,0
533001,0.0078125,1,2,13
533001,0.0,0,0,4
533001,0.006993006993006993,1,1,8
533001,0.0,0,0,0
533001,0.0,0,0,0
533001,0.0,0,0,7
533001,0.0,0,0,9
533001,0.0,0,0,12
533001,0.0,0,0,5
533001,0.0,0,0,21
533001,0.006578947368421052,1,1,2
533001,0.0,0,0,3
533001,0.0,0,0,12
533001,0.02631578947368421,1,1,1
533001,0.0010167768174885613,1,2,181
533002,0.0,0,0,25
533002,0.01644736842105263,1,5,15
533002,0.11976630963972736,1,123,137
533002,0.0,0,0,2
533002,0.0053475935828877,1,1,9
533002,0.0,0,0,7
533002,0.024691358024691357,1,2,6
533002,0.0,0,0,0
533002,0.017094017094017096,1,10,43
534001,0.13200723327305605,1,73,71
534001,0.0,0,0,0
534001,0.0106951871657754,1,4,27
534001,0.0,0,0,3
534001,0.0,0,0,4
534001,0.01834862385321101,1,8,25
534001,0.0,0,0,0
534001,0.0,0,0,16
534001,0.0,0,0,3
534001,0.010416666666666666,1,2,7
534001,0.0,0,0,19
534001,0.0,0,0,2
534001,0.004291845493562232,1,1,10
534002,0.006622516556291391,1,2,17
534002,0.07142857142857142,1,25,36
534002,0.12119205298013246,1,183,213
534002,0.0,0,0,0
534002,0.0058309037900874635,1,2,16
534002,0.012658227848101266,1,1,3
534002,0.03968253968253968,1,5,12
534002,0.0,0,0,2
534002,0.0,0,0,0
534002,0.015037593984962405,1,2,9
534002,0.0,0,0,1
534002,0.0,0,0,0
534002,0.0,0,0,18
534002,0.015978695073235686,1,48,261
534002,0.05703771849126035,1,62,157
534002,0.0,0,0,1
534002,0.018461538461538463,1,6,14
534002,0.0,0,0,0
534002,0.0,0,0,10
534002,0.0,0,0,1
534002,0.0,0,0,0
534002,0.0,0,0,6
534002,0.0,0,0,3
534002,0.0136986301369863,1,3,5
534002,0.0,0,0,1
534002,0.0,0,0,2
534002,0.0,0,0,2
534002,0.0,0,0,4
535001,0.0,0,0,0
535001,0.0017064846416382253,1,1,38
535001,0.00315955766192733,1,4,108
535001,0.005847953216374269,1,2,18
535001,0.0,0,0,21
535001,0.006896551724137931,1,4,44
535001,0.0,0,0,48
535001,0.0,0,0,1
535001,0.0,0,0,9
535001,0.0,0,0,0
535001,0.0,0,0,25
535001,0.0,0,0,17
535001,0.0,0,0,11
535001,0.0,0,0,29
535001,0.0,0,0,0
535001,0.0,0,0,1
535002,0.0,0,0,5
535002,0.0,0,0,153
535002,0.0,0,0,67
535002,0.0,0,0,10
535002,0.0,0,0,10
535002,0.029556650246305417,1,12,25
536001,0.0,0,0,3
536001,0.0,0,0,5
536001,0.0,0,0,10
536001,0.0,0,0,16
536001,0.0,0,0,10
536001,0.0,0,0,7
536001,0.0,0,0,13
536001,0.0,0,0,17
536001,0.0,0,0,4
536001,0.0,0,0,98
536001,0.0,0,0,5
536001,0.0,0,0,29
536001,0.0,0,0,0
536001,0.0,0,0,53
536002,0.0,0,0,0
536002,0.0,0,0,0
536002,0.0,0,0,8
536002,0.0,0,0,12
536002,0.0,0,0,0
536002,0.0,0,0,9
536002,0.0,0,0,6
536002,0.0,0,0,5
536002,0.08267716535433071,1,21,22
536002,0.0,0,0,0
536002,0.0,0,0,3
536002,0.0,0,0,0
536002,0.0,0,0,9
536002,0.0,0,0,0
536002,0.0,0,0,2
536002,0.0,0,0,34
536002,0.0,0,0,0
536002,0.0,0,0,102
536002,0.0,0,0,15
536002,0.0,0,0,14
536002,0.0,0,0,25
536002,0.0,0,0,2
536002,0.0,0,0,12
536002,0.0,0,0,1
536002,0.0,0,0,7
536002,0.017361111111111112,1,5,5
537001,0.010854816824966078,1,8,76
537001,0.0030120481927710845,1,1,35
537001,0.0,0,0,24
537001,0.0,0,0,0
537001,0.0,0,0,34
537001,0.0,0,0,10
537001,0.0,0,0,4
537001,0.0,0,0,17
537001,0.0,0,0,3
537002,0.0,0,0,0
537002,0.0,0,0,4
537002,0.0,0,0,62
538001,0.0006872852233676976,1,1,45
538001,0.0,0,0,34
538002,0.0,0,0,22
538002,0.0,0,0,2
538002,0.0,0,0,15
538002,0.0,0,0,6
538002,0.0,0,0,90
539001,0.0,0,0,0
539001,0.003246753246753247,1,1,15
539001,0.0,0,0,7
539001,0.0,0,0,0
539001,0.0011123470522803114,1,1,56
539001,0.006825938566552901,1,2,12
539001,0.0,0,0,3
539001,0.0,0,0,5
539001,0.0,0,0,10
539001,0.0,0,0,43
539001,0.0,0,0,22
539001,0.0017948717948717949,1,7,394
539001,0.0,0,0,11
539001,0.0,0,0,2
539001,0.0,0,0,0
539001,0.0,0,0,4
539002,0.0,0,0,30
539002,0.0,0,0,5
539002,0.0,0,0,3
539002,0.0,0,0,3
539002,0.0,0,0,28
539002,0.0,0,0,9
539002,0.0,0,0,1
539002,0.0,0,0,51
539002,0.0,0,0,4
539002,0.011363636363636364,1,3,19
539002,0.0,0,0,2
539002,0.014563106796116505,1,3,15
539002,0.010869565217391304,1,1,3
539002,0.0,0,0,5
539002,0.0,0,0,1
539002,0.0019455252918287938,1,1,23
539002,0.0,0,0,8
539002,0.0018315018315018315,1,1,20
539002,0.0,0,0,28
539002,0.0,0,0,1
539002,0.0,0,0,10
539002,0.0,0,0,1
539003,0.0,0,0,10
539003,0.0,0,0,2
539004,0.0,0,0,0
540001,0.0,0,0,31
540001,0.0,0,0,6
540001,0.006172839506172839,1,1,5
540001,0.0,0,0,5
540001,0.0,0,0,37
540001,0.0,0,0,5
540001,0.0,0,0,19
540001,0.0,0,0,4
540001,0.03918824352694192,1,336,1277
540001,0.0,0,0,0
540001,0.005917159763313609,1,1,3
540001,0.0,0,0,2
540001,0.0,0,0,2
540001,0.07374631268436578,1,75,113
540001,0.002364066193853428,1,1,12
540001,0.006688963210702341,1,2,20
540001,0.0513595166163142,1,17,28
540001,0.0,0,0,0
540001,0.0,0,0,18
540001,0.0,0,0,4
540001,0.0,0,0,1
540002,0.0,0,0,0
540002,0.025613660618996798,1,24,65
540002,0.0,0,0,2
540002,0.0,0,0,16
540002,0.0,0,0,2
540002,0.0,0,0,1
540002,0.045714285714285714,1,8,9
540002,0.10344827586206896,1,54,61
540002,0.0,0,0,7
540002,0.056338028169014086,1,40,70
540002,0.02216427640156454,1,17,61
540002,0.0,0,0,6
540002,0.0,0,0,4
540002,0.0,0,0,2
540002,0.0,0,0,12
540002,0.0,0,0,40
540002,0.0,0,0,0
540002,0.0,0,0,11
540002,0.0,0,0,6
540002,0.0,0,0,2
541001,0.0,0,0,1
541001,0.0,0,0,2
541001,0.0,0,0,7
541001,0.0,0,0,1
541001,0.0,0,0,30
541001,0.0,0,0,2
541001,0.0,0,0,9
541001,0.0,0,0,11
541001,0.0,0,0,10
541001,0.0,0,0,6
541001,0.0,0,0,7
541001,0.0,0,0,5
541001,0.0,0,0,0
541001,0.0,0,0,12
541001,0.03488372093023256,1,3,2
541001,0.0,0,0,1
541001,0.01107011070110701,1,3,20
541001,0.0,0,0,0
541001,0.0,0,0,6
541001,0.0,0,0,8
541001,0.006112469437652812,1,10,174
541002,0.0,0,0,7
541002,0.0,0,0,28
541002,0.0,0,0,0
541002,0.013525698827772768,1,105,822
541002,0.08970099667774087,1,27,26
541003,0.0,0,0,23
541003,0.0,0,0,0
541003,0.0,0,0,0
541003,0.0,0,0,5
541003,0.0,0,0,1
541003,0.0,0,0,1
541003,0.0,0,0,15
541003,0.0,0,0,37
541003,0.0,0,0,11
541003,0.0,0,0,70
541003,0.0,0,0,2
541003,0.0,0,0,17
541003,0.0,0,0,25
541003,0.0,0,0,0
541003,0.0,0,0,0
541003,0.0,0,0,31
541004,0.0,0,0,23
541004,0.0,0,0,20
541004,0.0,0,0,3
541004,0.0,0,0,0
541004,0.0,0,0,3
541004,0.0,0,0,16
541004,0.0,0,0,1
541004,0.0,0,0,0
541004,0.0,0,0,31
541004,0.014150943396226415,1,3,10
541004,0.0,0,0,0
541004,0.0,0,0,0
541004,0.0,0,0,0
541004,0.0,0,0,3
541004,0.0,0,0,0
541004,0.0,0,0,4
541004,0.0,0,0,92
541004,0.0,0,0,4
541004,0.0,0,0,2
541004,0.0,0,0,0
541004,0.0,0,0,0
541004,0.0,0,0,11
541004,0.0,0,0,5
542001,0.0,0,0,12
542001,0.0,0,0,11
542001,0.0,0,0,0
542001,0.0,0,0,325
542001,0.0,0,0,5
542001,0.0,0,0,0
542001,0.0,0,0,14
542001,0.0,0,0,3
542001,0.0,0,0,8
542001,0.0,0,0,1
542001,0.0,0,0,11
542001,0.0,0,0,27
542001,0.0,0,0,3
542001,0.0,0,0,2
542001,0.0,0,0,11
542001,0.0,0,0,0
542001,0.0,0,0,6
542001,0.0,0,0,0
542001,0.014492753623188406,1,2,9
542001,0.01384083044982699,1,12,34
542001,0.0,0,0,0
542001,0.0,0,0,0
542001,0.0,0,0,2
542001,0.0,0,0,8
542002,0.0,0,0,110
542002,0.0,0,0,44
542002,0.0,0,0,23
542002,0.0,0,0,9
542002,0.0,0,0,10
542002,0.0,0,0,8
542002,0.0,0,0,30
542002,0.0,0,0,21
542002,0.0,0,0,69
543001,0.0,0,0,0
543001,0.0,0,0,2
543001,0.005063291139240506,1,4,37
543001,0.0,0,0,40
543001,0.0,0,0,2
543001,0.0,0,0,4
543001,0.0,0,0,34
543001,0.0,0,0,5
543001,0.0,0,0,3
543001,0.0,0,0,0
543001,0.0,0,0,0
543001,0.0,0,0,98
543001,0.0,0,0,1
543001,0.0030581039755351682,1,1,11
543001,0.0,0,0,6
543002,0.1,1,443,662
543002,0.0,0,0,16
543002,0.0,0,0,5
543002,0.0033370411568409346,1,3,31
543002,0.0,0,0,4
543002,0.0,0,0,0
543002,0.0,0,0,1
543002,0.0,0,0,13
543002,0.0,0,0,12
543002,0.005,1,1,7
543002,0.0,0,0,10
543002,0.0,0,0,6
543002,0.0,0,0,2
543002,0.007911392405063292,1,5,81
543002,0.0,0,0,14
543002,0.0,0,0,1
543002,0.0,0,0,25
543002,0.0,0,0,6
543003,0.003169572107765452,1,2,26
543003,0.04654895666131621,1,29,40
543003,0.0,0,0,10
543003,0.0,0,0,1
543003,0.013468013468013467,1,4,5
543003,0.0,0,0,5
543003,0.014,1,7,30
543003,0.0010964912280701754,1,2,95
543003,0.0,0,0,12
543003,0.0,0,0,38
544001,0.0,0,0,56
544001,0.0,0,0,24
544002,0.0,0,0,6
544002,0.0,0,0,1
544002,0.0,0,0,16
544002,0.0,0,0,46
544003,0.012505582849486378,1,28,170
545000,0.0,0,0,6
545000,0.0,0,0,0
545000,0.011404133998574484,1,16,172
545000,0.0,0,0,8
545000,0.006097560975609756,1,16,254
545000,0.020202020202020204,1,32,154
545000,0.01644479248238058,1,21,248
545000,0.0,0,0,23
545000,0.0,0,0,0
545000,0.011479028697571744,1,26,321
545000,0.0,0,0,10
545001,0.0,0,0,52
545001,0.0,0,0,17
545001,0.0,0,0,11
545001,0.0,0,0,28
545002,0.0,0,0,82
545002,0.0,0,0,0
545002,0.0,0,0,2
545002,0.0,0,0,8
545002,0.0,0,0,4
545002,0.0,0,0,11
545002,0.0,0,0,22
545002,0.0,0,0,25
545002,0.0,0,0,6
545002,0.0,0,0,0
545002,0.0,0,0,4
545002,0.0,0,0,6
545002,0.0,0,0,13
545002,0.0,0,0,31
545002,0.0,0,0,0
545002,0.0,0,0,16
545002,0.0,0,0,4
545002,0.0,0,0,10
545003,0.0,0,0,11
545003,0.0,0,0,38
545003,0.0,0,0,3
545003,0.0,0,0,0
545003,0.0,0,0,1
545003,0.0,0,0,15
545003,0.0,0,0,17
545004,0.014492753623188406,1,1,1
545004,0.0,0,0,6
545004,0.0,0,0,23
545004,0.0,0,0,1
545004,0.0,0,0,20
545004,0.0,0,0,1
545004,0.0,0,0,19
545004,0.0,0,0,19
545004,0.0,0,0,0
546001,0.0,0,0,12
546001,0.0,0,0,16
546001,0.0,0,0,2
546001,0.0,0,0,126
546001,0.0,0,0,84
546001,0.0,0,0,2
546001,0.0,0,0,5
546001,0.0,0,0,3
546001,0.0,0,0,0
546001,0.0,0,0,5
546001,0.0,0,0,2
546001,0.0,0,0,7
546001,0.0,0,0,4
546001,0.0,0,0,0
546001,0.0,0,0,2
546001,0.0,0,0,4
546001,0.0,0,0,5
546001,0.0,0,0,8
546001,0.0,0,0,2
546001,0.0,0,0,2
547001,0.0,0,0,19
547001,0.0,0,0,11
547001,0.0,0,0,256
547001,0.0,0,0,10
547001,0.0,0,0,100
547001,0.0,0,0,8
547001,0.0,0,0,96
547001,0.0,0,0,3
547001,0.0,0,0,1
547002,0.0,0,0,3
547002,0.0,0,0,0
547002,0.0,0,0,186
547002,0.0,0,0,0
547002,0.0,0,0,18
547002,0.0,0,0,64
547002,0.0,0,0,27
548001,0.0,0,0,14
548001,0.01812366737739872,1,17,20
548001,0.0031413612565445027,1,6,208
548001,0.0,0,0,0
548001,0.0,0,0,2
548001,0.01171875,1,3,3
548001,0.0,0,0,53
548001,0.0,0,0,31
548001,0.0,0,0,24
548001,0.0,0,0,15
548001,0.0,0,0,33
548001,0.0,0,0,3
548001,0.0,0,0,26
548002,0.0547945205479452,1,4,4
548002,0.02763157894736842,1,42,43
548002,0.0027637033625057578,1,6,63
548002,0.0,0,0,0
548002,0.0,0,0,10
548002,0.0,0,0,70
548002,0.0,0,0,46
548002,0.0,0,0,4
548002,0.0,0,0,12
548002,0.0,0,0,30
549000,0.0009378663540445487,1,16,1382
549001,0.030303030303030304,1,11,83
549001,0.009818835569077583,1,142,1881
549001,0.04939626783754116,1,45,100
549002,0.0,0,0,14
549002,0.0,0,0,0
549005,0.0,0,0,4
549005,0.0,0,0,37
549005,0.0003305238803503553,1,2,640
549005,0.0,0,0,102
549005,0.05149884704073789,1,67,121
550001,0.0,0,0,45
550001,0.0,0,0,6
550001,0.007436480066102045,1,72,549
550001,0.0,0,0,41
550002,0.014452473596442469,1,52,153
550002,0.011902137976636544,1,108,956
551001,0.01364306784660767,1,74,399
551002,0.028859458390986362,1,438,1591
551003,0.0,0,0,18
551003,0.0,0,0,49
551003,0.0,0,0,70
551003,0.0,0,0,44
551004,0.0,0,0,14
551004,0.0,0,0,12
551004,0.0031545741324921135,1,3,26
551004,0.0,0,0,11
551004,0.0,0,0,30
551004,0.0,0,0,380
552004,0.009963078005040146,1,170,1508
552002,0.002273522210563134,1,26,1470
552003,0.007744314689612784,1,63,1089
552003,0.02562846882141691,1,157,894
552001,0.0,0,0,53
552001,0.0063532401524777635,1,5,15
552001,0.0,0,0,8
552001,0.0003337783711615487,1,1,260
552005,0.04134466769706337,1,214,517
552005,0.0,0,0,24
552005,0.0014357501794687725,1,2,28
553001,0.0003629764065335753,1,2,153
553002,0.004423889000603257,1,22,56
553002,0.0,0,0,14
553002,0.00784313725490196,1,6,33
553002,0.001631079478054567,1,11,237
553003,0.0,0,0,6
553003,0.0,0,0,17
553003,0.0,0,0,901
553003,0.0,0,0,7
553004,0.00695599576591562,1,46,245
553005,0.0,0,0,14
553005,0.0,0,0,1
553005,0.0,0,0,5
553005,0.025405405405405406,1,47,104
553005,0.0041841004184100415,1,2,9
553005,0.0,0,0,13
553005,0.0,0,0,28
553006,0.0,0,0,10
553006,0.0009610764055742432,1,2,70
553006,0.0,0,0,16
553006,0.0,0,0,0
553006,0.0,0,0,0
553006,0.0,0,0,2
553006,0.011305822498586773,1,20,88
554001,0.0,0,0,17
554001,0.0,0,0,3
554001,0.0,0,0,2
554001,0.0,0,0,0
554001,0.0,0,0,2
554001,0.0,0,0,0
554001,0.0,0,0,0
554001,0.0,0,0,0
554001,0.0,0,0,6
554001,0.022058823529411766,1,3,7
554001,0.0,0,0,0
554001,0.0,0,0,0
554001,0.0,0,0,7
554001,0.0,0,0,0
554001,0.005649717514124294,1,2,21
554001,0.03333333333333333,1,20,31
554001,0.0,0,0,7
554001,0.0,0,0,0
554001,0.0,0,0,1
554001,0.02531645569620253,1,6,5
554001,0.0,0,0,2
554001,0.0,0,0,0
554001,0.0,0,0,0
554001,0.0,0,0,13
554001,0.0,0,0,4
554001,0.007462686567164179,1,1,5
554001,0.0,0,0,1
554001,0.0,0,0,3
554001,0.0,0,0,1
554001,0.0,0,0,4
554001,0.002932551319648094,1,1,14
554001,0.0026246719160104987,1,1,26
554001,0.0,0,0,11
554001,0.0,0,0,0
554001,0.009900990099009901,1,1,2
554001,0.0,0,0,0
554001,0.0,0,0,0
554001,0.0,0,0,1
554001,0.0,0,0,21
554001,0.0,0,0,0
554002,0.0,0,0,1
554002,0.0,0,0,13
554002,0.015625,1,1,2
554002,0.0,0,0,0
554002,0.0,0,0,8
554002,0.0,0,0,2
554002,0.0,0,0,3
554002,0.0019083969465648854,1,1,39
554002,0.002197802197802198,1,1,11
554002,0.0,0,0,3
554002,0.0,0,0,1
554002,0.008849557522123894,1,1,6
554002,0.0125,1,1,2
554002,0.006711409395973154,1,1,9
554002,0.0,0,0,17
554002,0.007832898172323759,1,3,39
554002,0.0,0,0,0
554002,0.0,0,0,0
554002,0.0,0,0,43
554002,0.0,0,0,2
554002,0.012396694214876033,1,3,11
554002,0.0,0,0,0
554002,0.0,0,0,5
554002,0.0,0,0,7
554002,0.0,0,0,19
554002,0.0,0,0,0
554002,0.0,0,0,0
554002,0.0440251572327044,1,28,43
554002,0.004140786749482402,1,4,47
554002,0.0,0,0,0
554002,0.0,0,0,0
554002,0.0,0,0,3
554002,0.0,0,0,0
554002,0.0,0,0,2
554002,0.19607843137254902,1,50,43
554002,0.0,0,0,10
554002,0.0,0,0,22
554002,0.0,0,0,0
554002,0.0,0,0,2
554002,0.0,0,0,2
555001,0.0,0,0,0
555001,0.0,0,0,1
555001,0.0,0,0,2
555001,0.006607929515418502,1,3,22
555001,0.0,0,0,10
555001,0.0,0,0,7
555001,0.0,0,0,14
555001,0.0,0,0,0
555001,0.0,0,0,4
555001,0.0,0,0,7
555001,0.0,0,0,4
555001,0.0,0,0,1
555001,0.0,0,0,10
555001,0.0,0,0,2
555001,0.006825938566552901,1,2,18
555001,0.0,0,0,16
555001,0.0,0,0,0
555001,0.0,0,0,2
555001,0.0,0,0,15
555001,0.011904761904761904,1,1,4
555001,0.04504504504504504,1,5,11
555001,0.0,0,0,25
555001,0.008849557522123894,1,3,24
555001,0.0,0,0,2
555001,0.0,0,0,14
555001,0.0,0,0,6
555001,0.0,0,0,30
555001,0.0,0,0,0
555001,0.0,0,0,0
555001,0.0,0,0,0
555001,0.0,0,0,0
555001,0.0,0,0,1
555001,0.0,0,0,1
555001,0.0,0,0,3
555001,0.002254791431792559,1,2,18
555002,0.0,0,0,0
555002,0.0,0,0,10
555002,0.0,0,0,0
555002,0.0,0,0,1
555002,0.0,0,0,1
555002,0.0015479876160990713,1,2,83
555002,0.0,0,0,5
555002,0.03571428571428571,1,2,5
555002,0.0,0,0,2
555002,0.01601164483260553,1,22,151
555002,0.002442002442002442,1,2,97
555002,0.0035149384885764497,1,4,125
555002,0.000749063670411985,1,1,183
555002,0.0,0,0,5
555002,0.003676470588235294,1,2,14
555002,0.0,0,0,16
555002,0.0,0,0,8
555002,0.0,0,0,0
555002,0.0,0,0,4
555002,0.022727272727272728,1,14,33
555002,0.0,0,0,0
555002,0.0,0,0,4
555002,0.009569377990430622,1,2,12
555002,0.0,0,0,0
555003,0.001624548736462094,1,9,115
555003,0.0,0,0,3
555003,0.0,0,0,31
555003,0.0,0,0,3
555003,0.008576329331046312,1,5,40
555004,0.0,0,0,26
555004,0.0,0,0,9
555004,0.0,0,0,1
555004,0.0,0,0,0
555004,0.0,0,0,2
555004,0.010638297872340425,1,2,3
555004,0.0072992700729927005,1,3,21
555004,0.0,0,0,0
555004,0.0,0,0,20
555004,0.016666666666666666,1,2,4
555004,0.0,0,0,10
555004,0.0,0,0,23
555004,0.0,0,0,5
555004,0.005,1,3,19
555004,0.0,0,0,26
555004,0.0,0,0,36
556001,0.025,1,3,6
556001,0.0,0,0,15
556001,0.0,0,0,3
556001,0.0,0,0,7
556001,0.012770137524557957,1,13,95
556001,0.0,0,0,3
556001,0.006462035541195477,1,4,31
556001,0.006472491909385114,1,2,7
556001,0.0017667844522968198,1,1,10
556001,0.0,0,0,7
556001,0.0,0,0,8
556001,0.0,0,0,1
556001,0.0,0,0,6
556001,0.009146341463414634,1,3,9
556001,0.011406844106463879,1,3,25
556001,0.0,0,0,0
556001,0.0,0,0,11
557001,0.017241379310344827,1,8,58
557001,0.0,0,0,5
557001,0.02127659574468085,1,4,11
557001,0.0,0,0,0
557001,0.005194805194805195,1,2,20
557001,0.004016064257028112,1,1,1
557001,0.0,0,0,0
557001,0.004282655246252677,1,2,12
557001,0.005780346820809248,1,1,5
557001,0.0,0,0,8
557001,0.0,0,0,3
557001,0.0,0,0,6
557001,0.0,0,0,1
557001,0.003676470588235294,1,1,6
557002,0.0,0,0,5
557002,0.0,0,0,5
557002,0.006711409395973154,1,3,23
557002,0.0,0,0,0
557002,0.0,0,0,0
557002,0.0,0,0,0
557002,0.0,0,0,10
557002,0.0,0,0,0
557002,0.0,0,0,0
557002,0.0,0,0,0
557002,0.01818181818181818,1,1,4
557002,0.0,0,0,0
557002,0.0,0,0,3
557002,0.007692307692307693,1,2,24
557002,0.0,0,0,5
557002,0.0,0,0,1
557002,0.0,0,0,1
557002,0.034482758620689655,1,2,3
557002,0.0,0,0,1
557002,0.0,0,0,0
557002,0.011990407673860911,1,5,37
557002,0.0,0,0,1
557002,0.0,0,0,1
558001,0.015625,1,1,3
558001,0.0,0,0,0
558001,0.0,0,0,0
558001,0.0,0,0,10
558001,0.0,0,0,10
558001,0.0,0,0,11
558001,0.0,0,0,12
558001,0.0,0,0,4
558001,0.0,0,0,0
558001,0.0,0,0,0
558001,0.0,0,0,0
558001,0.0,0,0,1
558001,0.0,0,0,9
558001,0.0,0,0,2
558001,0.0,0,0,0
558001,0.0,0,0,4
558001,0.0,0,0,1
558001,0.0,0,0,0
558001,0.0,0,0,6
558001,0.0,0,0,4
558001,0.0,0,0,9
558001,0.0,0,0,0
558001,0.0,0,0,8
558001,0.0,0,0,1
558001,0.0007712082262210797,1,3,353
558001,0.0425531914893617,1,14,12
558001,0.008264462809917356,1,1,3
558001,0.0,0,0,0
558001,0.0,0,0,4
558001,0.0,0,0,0
558001,0.0,0,0,0
558001,0.0,0,0,10
558001,0.0,0,0,1
558001,0.0,0,0,0
558001,0.0,0,0,2
558001,0.0,0,0,2
558001,0.0,0,0,1
558001,0.0,0,0,3
558001,0.0,0,0,0
558001,0.0,0,0,0
558001,0.0,0,0,10
558001,0.0,0,0,0
558001,0.0,0,0,1
558002,0.0,0,0,0
558002,0.04575471698113207,1,97,169
558002,0.0,0,0,0
558002,0.0,0,0,4
558002,0.0,0,0,0
558002,0.0,0,0,2
558002,0.0,0,0,0
558002,0.0,0,0,0
558002,0.0,0,0,13
558002,0.0,0,0,0
558002,0.0,0,0,6
558002,0.0,0,0,12
558002,0.0,0,0,1
558002,0.0,0,0,1
558002,0.0,0,0,5
558002,0.0,0,0,0
558002,0.0,0,0,3
558002,0.0,0,0,0
558002,0.009259259259259259,1,2,11
558002,0.0,0,0,27
558002,0.0,0,0,1
558002,0.0,0,0,4
558002,0.0,0,0,6
558002,0.0,0,0,18
558002,0.0,0,0,2
558002,0.005571030640668524,1,2,12
558002,0.0,0,0,19
558002,0.0,0,0,0
558002,0.0064516129032258064,1,1,6
559001,0.056074766355140186,1,6,6
559001,0.014035087719298246,1,4,14
559001,0.0,0,0,4
559001,0.0,0,0,16
559001,0.016194331983805668,1,4,14
559001,0.0,0,0,5
559001,0.0,0,0,0
559001,0.0,0,0,3
559001,0.0,0,0,3
559001,0.0,0,0,0
559001,0.0,0,0,76
559001,0.0,0,0,0
559001,0.0,0,0,0
559001,0.0,0,0,16
559001,0.0,0,0,6
559001,0.0,0,0,1
559001,0.0017825311942959,1,1,21
559001,0.0,0,0,3
559001,0.0037735849056603774,1,1,35
559001,0.0017953321364452424,1,1,15
559001,0.0,0,0,1
559001,0.0,0,0,10
559001,0.0,0,0,4
559001,0.0,0,0,0
559001,0.0016286644951140066,1,1,70
559001,0.0,0,0,4
559001,0.0,0,0,0
559002,0.0016205067766647025,1,11,591
559003,0.0,0,0,1
559003,0.0,0,0,2
559003,0.0,0,0,1
559003,0.0,0,0,2
559003,0.0,0,0,0
559003,0.0,0,0,1
559003,0.0,0,0,0
559003,0.0,0,0,9
559003,0.0,0,0,7
559003,0.0,0,0,22
559003,0.0,0,0,0
559003,0.0,0,0,0
559003,0.0,0,0,2
559003,0.0,0,0,6
559003,0.006329113924050633,1,1,5
559003,0.0,0,0,11
559003,0.0020325203252032522,1,1,28
559003,0.0,0,0,3
559003,0.0018726591760299626,1,1,47
559003,0.0,0,0,0
559003,0.0,0,0,0
559003,0.0,0,0,0
559003,0.0,0,0,4
559003,0.0,0,0,0
559003,0.0,0,0,6
559003,0.006382978723404255,1,3,22
559003,0.0,0,0,6
559003,0.0,0,0,7
559003,0.009708737864077669,1,2,6
559003,0.0,0,0,0
559003,0.0,0,0,3
559003,0.0,0,0,0
559003,0.0,0,0,1
560001,0.0,0,0,7
560001,0.0,0,0,3
560001,0.0,0,0,51
560001,0.0,0,0,12
560001,0.005908419497784343,1,8,131
560001,0.0,0,0,0
560001,0.0,0,0,3
560001,0.0,0,0,1
560001,0.0,0,0,0
560001,0.0,0,0,3
560001,0.0,0,0,1
560001,0.09852216748768473,1,20,24
560001,0.0,0,0,0
560001,0.0,0,0,7
560001,0.0,0,0,0
560001,0.0,0,0,3
560001,0.0,0,0,0
560001,0.0,0,0,0
560001,0.007518796992481203,1,2,9
560001,0.0,0,0,0
560001,0.0,0,0,0
560001,0.0,0,0,30
560001,0.0,0,0,2
560001,0.0,0,0,0
560001,0.0,0,0,3
560001,0.0,0,0,0
560001,0.0,0,0,0
560001,0.0,0,0,1
560001,0.0,0,0,7
560001,0.0,0,0,50
560001,0.0,0,0,0
560001,0.0,0,0,0
560001,0.0,0,0,1
560001,0.0,0,0,0
561001,0.000722543352601156,1,1,22
561001,0.0,0,0,23
561001,0.0,0,0,20
561002,0.004932735426008968,1,44,885
561002,0.0016093341380004024,1,8,313
561003,0.00784313725490196,1,6,35
561003,0.0,0,0,5
561003,0.0,0,0,1
561003,0.0,0,0,0
561003,0.0,0,0,13
561003,0.0,0,0,1
561003,0.009523809523809525,1,1,0
561003,0.0,0,0,0
561003,0.01221001221001221,1,10,73
561003,0.0,0,0,6
561003,0.0,0,0,4
561003,0.0,0,0,12
562001,0.0,0,0,6
562001,0.002555366269165247,1,3,23
562001,0.0,0,0,0
562001,0.0,0,0,2
562001,0.0,0,0,0
562001,0.0014218009478672985,1,3,86
562001,0.0,0,0,0
562001,0.0,0,0,0
562001,0.0,0,0,4
562001,0.0,0,0,4
562001,0.013157894736842105,1,1,1
562001,0.0,0,0,1
562001,0.002145922746781116,1,4,52
562001,0.0,0,0,13
562001,0.0,0,0,2
562001,0.0,0,0,2
562001,0.0,0,0,0
562002,0.0,0,0,3
562002,0.009433962264150943,1,1,0
562002,0.0,0,0,3
562002,0.0,0,0,2
562002,0.0,0,0,2
562002,0.0,0,0,46
562002,0.0,0,0,3
562002,0.009389671361502348,1,4,21
562002,0.0,0,0,1
562002,0.0,0,0,2
562002,0.0,0,0,2
562002,0.0,0,0,0
562002,0.0,0,0,11
562002,0.0,0,0,1
562002,0.0,0,0,0
562002,0.010526315789473684,1,1,2
562002,0.0,0,0,0
562002,0.0,0,0,1
562002,0.0,0,0,10
562002,0.0,0,0,0
562002,0.0,0,0,0
562002,0.0,0,0,1
562002,0.0,0,0,0
562002,0.0,0,0,2
562002,0.0,0,0,0
562002,0.0,0,0,0
562002,0.0,0,0,153
562002,0.0,0,0,4
563001,0.0,0,0,3
563001,0.0,0,0,0
563001,0.0,0,0,2
563001,0.0,0,0,2
563001,0.0,0,0,0
563001,0.023255813953488372,1,1,1
563001,0.0,0,0,7
563001,0.0,0,0,0
563001,0.0,0,0,0
563001,0.0,0,0,0
563001,0.0,0,0,0
563001,0.0,0,0,0
563001,0.0,0,0,0
563001,0.0,0,0,0
563001,0.0,0,0,0
563001,0.0,0,0,0
563001,0.0,0,0,0
563001,0.0,0,0,0
563001,0.0,0,0,3
563001,0.0,0,0,2
563001,0.0,0,0,1
563001,0.0,0,0,4
563001,0.0,0,0,23
563001,0.0,0,0,0
563001,0.0,0,0,3
563001,0.0,0,0,3
563001,0.0,0,0,3
563001,0.0,0,0,1
563001,0.0,0,0,0
563001,0.0,0,0,2
563001,0.0,0,0,1
563001,0.04081632653061224,1,2,3
563001,0.017241379310344827,1,1,3
563001,0.0,0,0,0
563001,0.01282051282051282,1,13,95
563001,0.0,0,0,8
563001,0.0,0,0,0
563001,0.0,0,0,0
563001,0.0,0,0,1
563001,0.006060606060606061,1,1,7
563001,0.0,0,0,21
563001,0.0,0,0,0
563001,0.0,0,0,12
563001,0.0,0,0,0
563001,0.0,0,0,2
563001,0.0,0,0,0
563001,0.0,0,0,1
563001,0.0,0,0,15
563001,0.0,0,0,4
563001,0.0,0,0,6
563002,0.011764705882352941,1,1,3
563002,0.0,0,0,1
563002,0.0,0,0,0
563002,0.0,0,0,5
563002,0.0,0,0,0
563002,0.0,0,0,0
563002,0.0,0,0,15
563002,0.0,0,0,0
563002,0.0,0,0,1
563002,0.008064516129032258,1,1,8
563002,0.012121212121212121,1,2,14
563002,0.0,0,0,1
563002,0.0,0,0,10
563002,0.0,0,0,0
563002,0.0,0,0,0
563002,0.0,0,0,0
563002,0.0,0,0,2
563002,0.0,0,0,1
563002,0.0,0,0,2
563002,0.007633587786259542,1,1,1
563002,0.0,0,0,0
564001,0.004958047292143402,1,26,157
564001,0.0,0,0,17
565001,0.0,0,0,2
565001,0.0,0,0,11
565001,0.0,0,0,34
565001,0.0,0,0,8
565001,0.0,0,0,6
565001,0.0,0,0,13
565001,0.0,0,0,21
565001,0.0,0,0,3
565001,0.003436426116838488,1,1,10
565001,0.012543323980854927,1,76,628
565001,0.0,0,0,11
565001,0.0,0,0,15
565002,0.0,0,0,2
565002,0.0,0,0,2
565002,0.02531645569620253,1,6,4
565002,0.0,0,0,15
565002,0.0,0,0,10
565002,0.0,0,0,6
565002,0.0,0,0,0
565002,0.005291005291005291,1,1,5
565002,0.0,0,0,14
565002,0.0,0,0,2
565002,0.0,0,0,7
565002,0.0,0,0,5
565002,0.0,0,0,3
565002,0.0,0,0,5
565002,0.0,0,0,3
565002,0.0,0,0,3
565002,0.0,0,0,22
565002,0.0,0,0,7
565002,0.0,0,0,7
565002,0.0,0,0,1
565002,0.0,0,0,11
565002,0.0,0,0,17
565002,0.0,0,0,9
565003,0.0,0,0,36
565003,0.0,0,0,5
565003,0.0,0,0,21
565003,0.0,0,0,14
565003,0.0,0,0,7
565003,0.0,0,0,49
565003,0.0,0,0,8
565003,0.0,0,0,4
565003,0.0026041666666666665,1,2,49
565003,0.003676470588235294,1,2,30
565003,0.0,0,0,16
565003,0.0,0,0,1
565003,0.0,0,0,33
565003,0.0,0,0,17
565003,0.0,0,0,3
565003,0.0,0,0,7
566001,0.0,0,0,0
566001,0.0,0,0,15
566001,0.08945686900958466,1,28,45
566001,0.006944444444444444,1,1,5
566001,0.0,0,0,0
566001,0.006172839506172839,1,2,13
566001,0.006006006006006006,1,2,16
566001,0.0,0,0,28
566001,0.0,0,0,3
566001,0.0026595744680851063,1,1,13
566002,0.04257565095003519,1,121,338
566002,0.0,0,0,9
566002,0.0,0,0,2
566002,0.0,0,0,1
566002,0.0,0,0,26
566002,0.056790123456790124,1,23,22
566002,0.0,0,0,3
566002,0.0,0,0,9
566003,0.0,0,0,11
566003,0.0,0,0,6
566003,0.0,0,0,7
566003,0.0,0,0,10
566003,0.0,0,0,10
566003,0.0069605568445475635,1,3,10
566003,0.00909090909090909,1,1,2
566003,0.0,0,0,17
566003,0.0,0,0,2
566003,0.0,0,0,11
567001,0.0,0,0,12
567001,0.0,0,0,30
567001,0.0,0,0,2
567001,0.0,0,0,6
567001,0.0,0,0,13
567001,0.0,0,0,9
567001,0.0,0,0,12
567001,0.0,0,0,12
567001,0.011834319526627219,1,2,4
567002,0.0,0,0,18
567002,0.0,0,0,5
567002,0.0,0,0,31
567002,0.0,0,0,25
567002,0.0,0,0,17
567002,0.0,0,0,2
567002,0.05807711078574915,1,119,230
567002,0.0,0,0,16
567002,0.0,0,0,7
567002,0.0,0,0,6
567002,0.030206677265500796,1,19,26
567002,0.0,0,0,12
568000,0.0449438202247191,1,56,142
568000,0.11776015380918048,1,490,611
568000,0.0,0,0,0
568000,0.009836065573770493,1,3,19
568000,0.1304858934169279,1,666,799
568000,0.023833167825223437,1,24,151
568000,0.08196721311475409,1,40,33
568000,0.030214683275907765,1,114,549
568000,0.01580135440180587,1,7,54
568000,0.013121546961325966,1,19,236
568000,0.015368309485956544,1,29,292
568001,0.0,0,0,3
568001,0.009259259259259259,1,1,2
568001,0.053696498054474705,1,69,156
568001,0.0,0,0,7
568001,0.0,0,0,12
568001,0.0,0,0,12
568001,0.0,0,0,21
568001,0.0,0,0,0
568001,0.007518796992481203,1,2,21
568001,0.0,0,0,14
568002,0.007462686567164179,1,2,5
568002,0.02666666666666667,1,4,13
568002,0.0,0,0,11
568002,0.015151515151515152,1,1,3
568002,0.15012722646310434,1,59,50
568002,0.0,0,0,4
568004,0.02066115702479339,1,5,19
568004,0.0,0,0,2
568004,0.0026041666666666665,1,1,18
568004,0.12206572769953052,1,52,41
568004,0.008771929824561403,1,2,10
568004,0.0,0,0,1
568004,0.03317535545023697,1,14,29
568004,0.04967602591792657,1,23,36
568004,0.0,0,0,2
568004,0.0,0,0,40
568004,0.0,0,0,10
568005,0.0,0,0,17
568005,0.015873015873015872,1,1,1
568005,0.03938730853391685,1,18,19
568005,0.0,0,0,6
568005,0.0,0,0,5
568005,0.0,0,0,4
568005,0.032490974729241874,1,9,21
568006,0.01702127659574468,1,4,6
568006,0.12574850299401197,1,84,95
568006,0.0,0,0,22
568006,0.05590622182146077,1,62,177
568006,0.00234192037470726,1,1,26
568006,0.0,0,0,12
568006,0.0,0,0,13
568006,0.0,0,0,23
569001,0.034482758620689655,1,9,12
569001,0.0,0,0,6
569001,0.0,0,0,17
569001,0.0,0,0,12
569001,0.0,0,0,13
569001,0.0,0,0,2
569001,0.0,0,0,19
569001,0.0,0,0,19
569001,0.0,0,0,8
569001,0.0,0,0,4
569001,0.0,0,0,21
569001,0.0,0,0,5
569001,0.0,0,0,37
569001,0.011764705882352941,1,1,5
569001,0.013404825737265416,1,5,14
569001,0.0,0,0,2
569001,0.0,0,0,12
569001,0.011428571428571429,1,2,3
569001,0.05649948822927329,1,276,656
569001,0.0,0,0,100
569002,0.0,0,0,49
569002,0.0,0,0,9
569002,0.01277139208173691,1,10,41
569002,0.005256241787122208,1,4,50
569002,0.0,0,0,9
569002,0.0,0,0,8
569002,0.0,0,0,16
569002,0.0,0,0,15
569002,0.0,0,0,5
569002,0.0,0,0,17
569002,0.0,0,0,22
569002,0.0,0,0,11
569002,0.0,0,0,18
569002,0.0,0,0,10
569003,0.0,0,0,8
569003,0.0022396416573348264,1,2,30
569003,0.0,0,0,15
569003,0.013961605584642234,1,8,38
569003,0.0,0,0,5
569003,0.02168021680216802,1,16,63
569003,0.0,0,0,1
569003,0.0,0,0,21
569003,0.006153846153846154,1,4,33
569003,0.004048582995951417,1,2,23
569003,0.0,0,0,14
569003,0.0,0,0,10
570001,0.0,0,0,19
570001,0.0,0,0,0
570001,0.0,0,0,9
570001,0.036734693877551024,1,9,13
570001,0.02766798418972332,1,7,10
570001,0.0,0,0,17
570001,0.0,0,0,16
570001,0.04585456229735989,1,99,225
570001,0.0,0,0,1
570001,0.034482758620689655,1,6,2
570001,0.06708595387840671,1,32,39
570001,0.0,0,0,3
570002,0.0,0,0,0
570002,0.0,0,0,9
570002,0.0,0,0,7
570002,0.0,0,0,4
570002,0.003976143141153081,1,2,20
570002,0.0,0,0,22
570002,0.0,0,0,5
570002,0.0,0,0,1
570002,0.052248677248677246,1,237,623
570002,0.014598540145985401,1,6,33
570002,0.0,0,0,0
570002,0.007731958762886598,1,3,20
570002,0.0,0,0,10
570002,0.02127659574468085,1,2,2
570002,0.026030368763557483,1,12,48
570002,0.0,0,0,4
570002,0.0,0,0,3
570002,0.0,0,0,3
570003,0.0,0,0,11
570003,0.0,0,0,0
570003,0.0,0,0,22
570003,0.0,0,0,9
570003,0.0,0,0,7
570003,0.014414414414414415,1,8,20
570003,0.0,0,0,1
570003,0.0,0,0,50
570003,0.0,0,0,9
570003,0.0,0,0,15
570003,0.0,0,0,2
570003,0.002182385035074045,1,14,473
570004,0.0,0,0,2
570004,0.0,0,0,22
570004,0.005076142131979695,1,1,11
570004,0.0,0,0,1
570004,0.0,0,0,26
570004,0.0,0,0,16
570004,0.0,0,0,34
570004,0.0,0,0,9
570004,0.0,0,0,16
570004,0.006448284756254836,1,25,330
570004,0.005249343832020997,1,2,10
570004,0.0,0,0,37
570004,0.0,0,0,15
571001,0.0,0,0,14
571001,0.0,0,0,64
571001,0.0,0,0,8
571001,0.0,0,0,94
571001,0.0,0,0,6
571001,0.0,0,0,13
571001,0.0,0,0,5
571001,0.0,0,0,25
571001,0.0,0,0,1
571001,0.01818181818181818,1,1,1
571002,0.008513999824453613,1,97,788
571003,0.0,0,0,31
571003,0.005341880341880342,1,5,47
571003,0.0,0,0,4
571003,0.0013879250520471894,1,6,177
571003,0.0,0,0,0
571003,0.0,0,0,7
571004,0.0,0,0,19
571004,0.0,0,0,30
571004,0.0017231476163124641,1,3,173
571004,0.0,0,0,66
571004,0.0,0,0,7
571004,0.0,0,0,10
571004,0.0,0,0,5
571004,0.0,0,0,1
572001,0.0,0,0,2
572001,0.0,0,0,13
572001,0.0,0,0,13
572001,0.0,0,0,28
572001,0.0,0,0,11
572001,0.0,0,0,4
572002,0.0,0,0,32
572002,0.0,0,0,9
572002,0.0,0,0,6
572002,0.0,0,0,24
572002,0.0,0,0,32
572002,0.0,0,0,11
572002,0.0,0,0,8
572002,0.0,0,0,10
572002,0.0,0,0,3
573001,0.004700352526439483,1,4,109
573001,0.004651162790697674,1,3,33
573001,0.0,0,0,5
573001,0.006756756756756757,1,1,7
573001,0.0,0,0,2
573001,0.0,0,0,2
573001,0.0,0,0,19
573001,0.02572347266881029,1,8,9
573001,0.0,0,0,2
573001,0.023504273504273504,1,11,31
573001,0.0,0,0,22
573001,0.0,0,0,10
573001,0.0,0,0,3
573001,0.0,0,0,9
573001,0.0,0,0,4
573001,0.0,0,0,13
573001,0.0,0,0,32
573002,0.0,0,0,3
573002,0.0,0,0,100
573002,0.014218009478672985,1,3,7
573002,0.0,0,0,4
573002,0.037037037037037035,1,2,3
573002,0.0,0,0,2
573002,0.0,0,0,130
573002,0.0,0,0,9
573002,0.0,0,0,0
573002,0.0,0,0,0
573002,0.0,0,0,11
573002,0.0,0,0,2
573002,0.0,0,0,10
573002,0.0,0,0,14
573002,0.0,0,0,0
573002,0.0,0,0,28
573002,0.0,0,0,3
573002,0.0,0,0,16
573003,0.0045871559633027525,1,2,17
573003,0.006662225183211193,1,10,46
573003,0.0,0,0,33
574000,0.0,0,0,0
574001,0.0,0,0,24
574001,0.013100436681222707,1,3,12
574001,0.0021551724137931034,1,2,28
574001,0.0,0,0,4
574001,0.0,0,0,0
574001,0.007228915662650603,1,3,31
574001,0.006666666666666667,1,2,8
574001,0.0,0,0,50
574001,0.0,0,0,14
574001,0.0,0,0,7
574001,0.0,0,0,3
574001,0.0,0,0,0
574002,0.005063291139240506,1,2,32
574002,0.0,0,0,25
574002,0.0,0,0,18
574002,0.0,0,0,1
574002,0.0,0,0,14
574002,0.0,0,0,13
574002,0.005208333333333333,1,1,11
574002,0.0,0,0,0
574002,0.0,0,0,50
574002,0.0,0,0,6
574002,0.0,0,0,9
574002,0.01834862385321101,1,6,22
575001,0.0,0,0,73
575001,0.027972027972027972,1,12,15
575001,0.028455284552845527,1,7,11
575001,0.0,0,0,8
575001,0.10626702997275204,1,39,22
575001,0.0,0,0,6
575001,0.03503184713375796,1,11,26
575001,0.010526315789473684,1,2,7
575001,0.06796116504854369,1,28,44
575001,0.0,0,0,12
575001,0.0057306590257879654,1,2,20
575001,0.0,0,0,7
575001,0.002789400278940028,1,2,55
575002,0.0,0,0,2
575002,0.021052631578947368,1,2,4
575002,0.01639344262295082,1,1,3
575002,0.0,0,0,1
575002,0.008264462809917356,1,2,8
575002,0.005681818181818182,1,1,2
575002,0.0,0,0,3
575002,0.0,0,0,7
575002,0.002331002331002331,1,1,18
575002,0.0,0,0,2
575002,0.02894736842105263,1,11,25
575002,0.0,0,0,5
575002,0.015209125475285171,1,4,9
575002,0.05828220858895705,1,19,23
575002,0.015544041450777202,1,6,21
575002,0.004672897196261682,1,1,3
575003,0.0,0,0,19
575003,0.02455661664392906,1,18,70
575003,0.0033112582781456954,1,1,11
575003,0.0,0,0,1
575003,0.0,0,0,3
575003,0.06779661016949153,1,44,67
575003,0.0,0,0,20
575003,0.0,0,0,6
575003,0.010676156583629894,1,18,163
575003,0.0,0,0,14
575003,0.0,0,0,2
575003,0.01048951048951049,1,3,5
575003,0.0023923444976076554,1,1,12
575003,0.0,0,0,13
575004,0.05621567648527209,1,563,1538
575004,0.068,1,85,230
575004,0.0,0,0,10
575004,0.09294871794871795,1,29,33
575005,0.0035087719298245615,1,3,37
575005,0.0,0,0,34
575005,0.0,0,0,9
575005,0.010135135135135136,1,3,6
575005,0.0,0,0,2
575005,0.0,0,0,30
575005,0.0,0,0,0
575005,0.025182239893969515,1,38,126
575005,0.07352941176470588,1,15,20
575005,0.07731958762886598,1,30,32
575005,0.011406844106463879,1,6,17
575005,0.006147540983606557,1,3,13
576001,0.0,0,0,0
576001,0.0,0,0,18
576001,0.0,0,0,7
576001,0.0,0,0,5
576001,0.0,0,0,0
576001,0.0,0,0,0
576001,0.0,0,0,0
576001,0.0,0,0,3
576001,0.0,0,0,6
576001,0.0,0,0,8
576001,0.0,0,0,1
576001,0.0,0,0,0
576001,0.0,0,0,0
576001,0.0,0,0,6
576001,0.0,0,0,7
576001,0.0,0,0,6
576001,0.0,0,0,7
576001,0.0,0,0,12
576001,0.0,0,0,2
576001,0.0,0,0,32
576001,0.0,0,0,12
576001,0.0,0,0,13
576001,0.0,0,0,9
576002,0.0,0,0,27
576002,0.1016949152542373,1,60,72
576002,0.0,0,0,750
576002,0.0,0,0,15
576002,0.0,0,0,6
576002,0.0,0,0,1
576002,0.0,0,0,1
576002,0.0,0,0,0
576002,0.0,0,0,44
576002,0.012779552715654952,1,4,16
576002,0.0,0,0,8
576003,0.0,0,0,13
576003,0.0,0,0,24
576003,0.0,0,0,30
576003,0.0,0,0,13
576003,0.0,0,0,72
576003,0.0,0,0,38
577001,0.02508361204013378,1,15,35
577001,0.015267175572519083,1,6,54
577001,0.0,0,0,62
577001,0.0027359781121751026,1,6,303
577001,0.06231454005934718,1,42,77
577001,0.0,0,0,3
577001,0.0005810575246949448,1,1,92
577001,0.0,0,0,53
577002,0.0,0,0,6
577002,0.0,0,0,10
577002,0.0,0,0,29
577002,0.0,0,0,39
577002,0.0,0,0,5
577002,0.0,0,0,10
577002,0.0,0,0,4
577002,0.0,0,0,0
577002,0.0,0,0,8
577002,0.0,0,0,18
577002,0.0,0,0,7
577002,0.0,0,0,29
577002,0.0,0,0,8
577002,0.0,0,0,10
577002,0.00125,1,1,47
577002,0.0,0,0,1
577002,0.0,0,0,12
577002,0.0,0,0,49
577003,0.0,0,0,20
577003,0.0,0,0,2
577003,0.01627339300244101,1,80,615
577004,0.0,0,0,10
577004,0.0,0,0,21
577004,0.0,0,0,42
577004,0.0,0,0,2
577004,0.0,0,0,11
577004,0.0,0,0,17
577004,0.0,0,0,0
577004,0.0,0,0,33
577004,0.0,0,0,30
577004,0.0,0,0,6
578000,0.001122334455667789,1,1,17
578001,0.0,0,0,5
578001,0.0,0,0,14
578001,0.0,0,0,6
578001,0.0,0,0,15
578001,0.0,0,0,15
578001,0.0,0,0,5
578001,0.0,0,0,4
578001,0.0,0,0,0
578002,0.0,0,0,3
578002,0.004,1,1,13
578002,0.0,0,0,6
578002,0.0,0,0,8
578002,0.0,0,0,4
578002,0.0,0,0,8
578002,0.0,0,0,24
578002,0.0,0,0,4
578002,0.0,0,0,2
578002,0.0,0,0,2
578002,0.0,0,0,0
578003,0.0005076142131979696,1,2,527
578003,0.0,0,0,3
578003,0.010752688172043012,1,4,22
578003,0.0,0,0,4
578003,0.0028735632183908046,1,1,8
578003,0.0,0,0,9
578003,0.0,0,0,4
578003,0.0,0,0,3
578003,0.0,0,0,25
578004,0.21565315315315314,1,383,286
578004,0.04294478527607362,1,84,68
578005,0.041555407209612816,1,249,342
578006,0.0006234413965087282,1,2,332
578006,0.0020526217577906325,1,11,944
578007,0.0,0,0,117
579001,0.0,0,0,16
579001,0.0,0,0,3
579001,0.0,0,0,10
579001,0.05808080808080808,1,92,143
579001,0.20116731517509728,1,2068,1703
579002,0.0,0,0,3
579002,0.0,0,0,18
579002,0.0,0,0,4
579002,0.0,0,0,3
579002,0.09875141884222474,1,87,108
579002,0.04195804195804196,1,12,26
579003,0.0,0,0,24
579003,0.0,0,0,6
579003,0.0,0,0,1
579003,0.0,0,0,4
579003,0.0,0,0,7
579003,0.0,0,0,3
579003,0.0,0,0,0
579003,0.0,0,0,9
579003,0.0,0,0,6
579003,0.0,0,0,7
579003,0.0034482758620689655,1,4,86
580001,0.0,0,0,4
580001,0.014939309056956116,1,16,146
580001,0.0,0,0,36
580001,0.0,0,0,12
580001,0.0,0,0,1
580001,0.0,0,0,0
580001,0.048109965635738834,1,14,22
580001,0.0,0,0,15
580001,0.0,0,0,3
580001,0.0,0,0,9
580001,0.0061162079510703364,1,2,10
580001,0.0,0,0,1
580001,0.0,0,0,19
580001,0.0,0,0,3
580001,0.0,0,0,10
580001,0.0,0,0,3
580001,0.0,0,0,7
580001,0.0,0,0,0
580001,0.0,0,0,4
580002,0.0,0,0,757
580003,0.0,0,0,1
580003,0.0,0,0,9
580003,0.0,0,0,53
580003,0.0,0,0,1
580003,0.0,0,0,3
580003,0.012048192771084338,1,7,19
580003,0.0,0,0,6
580003,0.0,0,0,18
580003,0.0,0,0,8
580003,0.0,0,0,14
580003,0.0,0,0,21
580003,0.0,0,0,9
580003,0.0,0,0,0
580003,0.0,0,0,41
580003,0.034482758620689655,1,30,63
580004,0.0,0,0,17
580004,0.0,0,0,18
580004,0.002861230329041488,1,2,31
580004,0.0,0,0,15
580004,0.08067940552016985,1,76,42
580004,0.0,0,0,37
580004,0.03804347826086957,1,7,14
581001,0.02828054298642534,1,25,108
581001,0.023622047244094488,1,15,78
581001,0.0,0,0,13
581001,0.0,0,0,6
581001,0.0,0,0,2
581001,0.0,0,0,10
581001,0.0,0,0,2
581001,0.0,0,0,21
581001,0.0,0,0,6
581001,0.0,0,0,0
581001,0.07601351351351351,1,90,146
581002,0.0,0,0,0
581002,0.00307095522870535,1,19,671
581002,0.0,0,0,0
581002,0.0,0,0,21
581002,0.0,0,0,1
581002,0.0,0,0,0
581002,0.008928571428571428,1,1,4
581002,0.0007698229407236335,1,1,70
581002,0.0,0,0,29
581002,0.0,0,0,1
581002,0.0,0,0,1
581002,0.0,0,0,2
581002,0.0,0,0,7
581002,0.0,0,0,15
581003,0.002109704641350211,1,1,27
581003,0.0,0,0,2
581003,0.004048582995951417,1,1,10
581003,0.0,0,0,18
581003,0.0,0,0,6
581003,0.0,0,0,10
581003,0.004866180048661801,1,2,14
581003,0.0,0,0,11
581003,0.009708737864077669,1,1,4
581003,0.0,0,0,1
581003,0.0,0,0,2
581003,0.0,0,0,22
581003,0.0,0,0,15
581003,0.0,0,0,0
581003,0.0,0,0,5
581003,0.0,0,0,4
581003,0.0,0,0,16
581004,0.0,0,0,5
581004,0.0,0,0,7
581004,0.0035855145213338113,1,10,136
581004,0.011097410604192354,1,9,71
581004,0.0,0,0,8
581004,0.04427645788336933,1,41,100
581004,0.0,0,0,2
582000,0.06077072861477154,1,1342,1944
582001,0.0,0,0,20
582001,0.009505703422053232,1,5,18
582001,0.0,0,0,3
582001,0.0,0,0,27
582001,0.0,0,0,18
582001,0.0,0,0,6
582001,0.0029455081001472753,1,2,32
582001,0.0,0,0,14
582001,0.0,0,0,3
582002,0.15194805194805194,1,234,310
582002,0.0,0,0,6
582002,0.0,0,0,13
582004,0.003281999495077001,1,13,153
582004,0.0979020979020979,1,112,200
582004,0.0,0,0,3
582004,0.0,0,0,14
582004,0.0,0,0,12
582004,0.0,0,0,7
583001,0.0,0,0,18
583001,0.0,0,0,25
583001,0.0,0,0,1
583001,0.01056338028169014,1,3,16
583001,0.0,0,0,39
583001,0.0,0,0,10
583001,0.0,0,0,3
583001,0.003194888178913738,1,1,12
583001,0.0,0,0,4
583001,0.012084592145015106,1,4,19
583001,0.011976047904191617,1,2,5
583001,0.0,0,0,8
583001,0.0,0,0,1
583001,0.0,0,0,3
583002,0.0,0,0,16
583002,0.0029585798816568047,1,1,14
583002,0.0,0,0,135
583002,0.0,0,0,5
583002,0.0,0,0,0
583002,0.0,0,0,2
583002,0.0,0,0,3
583002,0.0,0,0,8
583002,0.0,0,0,14
583002,0.008955223880597015,1,6,22
583002,0.0,0,0,3
583002,0.0038314176245210726,1,1,14
583002,0.0,0,0,16
583002,0.0,0,0,4
583002,0.0,0,0,1
583002,0.0,0,0,9
583002,0.0,0,0,1
583002,0.0009293680297397769,1,1,58
583002,0.0,0,0,6
583002,0.0,0,0,2
583002,0.0,0,0,7
583002,0.0,0,0,1
583002,0.0,0,0,0
583002,0.0028653295128939827,1,1,13
583002,0.0,0,0,8
583003,0.0,0,0,0
583003,0.0,0,0,23
583003,0.008385744234800839,1,4,16
583003,0.002575107296137339,1,3,112
583003,0.0,0,0,11
583003,0.0036231884057971015,1,1,20
583003,0.0,0,0,2
583003,0.012605042016806723,1,3,14
583003,0.0,0,0,1
583003,0.0,0,0,3
583003,0.003278688524590164,1,1,9
583003,0.003418803418803419,1,2,42
583003,0.0,0,0,28
583003,0.002105263157894737,1,1,33
583003,0.0,0,0,11
583003,0.0,0,0,15
583003,0.0,0,0,2
583003,0.0028653295128939827,1,1,29
584001,0.05235602094240838,1,30,76
584001,0.0,0,0,5
584001,0.03962784286698828,1,115,109
584001,0.058007566204287514,1,46,108
584001,0.01556420233463035,1,4,10
584002,0.0,0,0,8
584002,0.0,0,0,1
584002,0.0,0,0,0
584002,0.001375515818431912,1,1,24
584002,0.005681818181818182,1,2,27
584002,0.002968093000247341,1,12,334
584002,0.0,0,0,12
584003,0.0,0,0,5
584003,0.0,0,0,1
584003,0.0,0,0,20
584003,0.0,0,0,2
584003,0.006482982171799027,1,4,35
584003,0.0,0,0,20
584003,0.0,0,0,6
584004,0.002165674066053059,1,4,66
584004,0.0006097560975609756,1,1,25
584004,0.0,0,0,18
584005,0.001943634596695821,1,2,85
584005,0.0,0,0,15
584005,0.050213675213675216,1,47,53
584005,0.0,0,0,5
584005,0.0,0,0,16
584005,0.0,0,0,14
584005,0.0,0,0,1
584005,0.0,0,0,0
584006,0.0,0,0,36
584006,0.0037896731406916154,1,8,356
585001,0.005044136191677175,1,4,47
585001,0.009456264775413711,1,4,19
585001,0.0,0,0,0
585001,0.004819277108433735,1,2,19
585001,0.0,0,0,34
585001,0.003968253968253968,1,1,3
585001,0.03389830508474576,1,30,56
585001,0.006521739130434782,1,3,26
585002,0.003766478342749529,1,2,23
585002,0.006586685485768054,1,28,741
585002,0.0,0,0,16
585002,0.0,0,0,40
585002,0.0,0,0,38
585003,0.0,0,0,22
585003,0.0006035003017501509,1,8,1277
585003,0.0,0,0,12
585004,0.0,0,0,20
585004,0.0,0,0,8
585004,0.0,0,0,14
585004,0.024,1,3,10
585004,0.0,0,0,0
585004,0.010899182561307902,1,4,25
585004,0.008333333333333333,1,2,10
585004,0.007281553398058253,1,3,17
585004,0.0,0,0,0
585004,0.0,0,0,9
585004,0.0,0,0,45
585004,0.0,0,0,4
585004,0.0,0,0,12
585004,0.0027624309392265192,1,1,13
585004,0.0,0,0,11
585004,0.0,0,0,15
585004,0.0,0,0,10
586001,0.0,0,0,16
586001,0.0,0,0,23
586001,0.0030075187969924814,1,2,43
586001,0.0,0,0,10
586002,0.00253592561284869,1,3,26
586002,0.005751258087706686,1,24,236
586002,0.0,0,0,19
586003,0.0,0,0,3
586003,0.0020905923344947735,1,3,123
586003,0.0011342155009451795,1,3,97
586004,0.00130718954248366,1,1,22
586004,0.0025284450063211127,1,4,45
586004,0.0,0,0,21
587001,0.008946322067594433,1,9,33
587002,0.0,0,0,62
587002,0.004830917874396135,1,4,49
587002,0.005917159763313609,1,5,39
587003,0.014285714285714285,1,8,14
587003,0.0017730496453900709,1,1,23
587003,0.0106544901065449,1,7,33
587004,0.0,0,0,31
587004,0.005454545454545455,1,3,31
587005,0.0,0,0,10
587005,0.003963759909399773,1,7,288
587005,0.003703703703703704,1,1,4
587005,0.0,0,0,2
587006,0.0,0,0,16
587006,0.0,0,0,13
587006,0.002105263157894737,1,1,14
587006,0.003436426116838488,1,1,9
587007,0.0,0,0,7
587007,0.0,0,0,2
587007,0.009146341463414634,1,3,17
587008,0.002805049088359046,1,2,22
587008,0.006493506493506494,1,6,53
587009,0.0025367833587011668,1,5,67
588000,0.0079155672823219,1,3,18
588000,0.00881057268722467,1,2,13
588000,0.00558659217877095,1,1,3
588000,0.0007886435331230284,1,1,157
588000,0.0024875621890547263,1,1,14
588000,0.0,0,0,33
588000,0.006191950464396285,1,2,18
588000,0.0,0,0,20
588000,0.0,0,0,5
588000,0.0,0,0,6
588000,0.002652519893899204,1,1,11
588000,0.002688172043010753,1,1,20
588000,0.0,0,0,31
588001,0.0029296875,1,3,39
588001,0.0,0,0,10
588001,0.0,0,0,27
588002,0.0,0,0,4
588002,0.0,0,0,3
588002,0.0,0,0,62
588003,0.0,0,0,61
588003,0.004507888805409466,1,6,56
588003,0.00338409475465313,1,4,57
588004,0.0,0,0,15
588005,0.0,0,0,61
588005,0.003113879003558719,1,7,80
588005,0.0021953896816684962,1,2,56
589000,0.005505308690523005,1,14,392
589000,0.0,0,0,265
589000,0.0,0,0,137
589000,0.00047192071731949034,1,1,62
589000,0.0,0,0,143
589001,0.0,0,0,1
589001,0.00211864406779661,1,2,56
589001,0.0,0,0,5
589001,0.0032626427406199023,1,6,68
589001,0.0009643201542912247,1,1,30
589001,0.0,0,0,24
589001,0.003316749585406302,1,8,99
589001,0.0,0,0,11
589001,0.0022727272727272726,1,1,18
589002,0.0018467220683287165,1,2,85
589002,0.0,0,0,61
589002,0.0016750418760469012,1,1,11
589002,0.0,0,0,0
589002,0.0,0,0,3
589002,0.004761904761904762,1,2,18
589002,0.0,0,0,12
589002,0.0,0,0,40
589002,0.0,0,0,4
589002,0.0,0,0,42
589002,0.0023148148148148147,1,2,29
589003,0.00411214953271028,1,11,135
589003,0.002364066193853428,1,1,5
589004,0.0015060240963855422,1,1,12
589004,0.0038314176245210726,1,6,59
589004,0.0018248175182481751,1,1,24
589004,0.003896103896103896,1,3,27
589004,0.004796163069544364,1,2,26
589004,0.0,0,0,29
589004,0.0,0,0,3
589004,0.002034587995930824,1,2,31
589004,0.0,0,0,37
589004,0.0038338658146964857,1,6,48
590001,0.0,0,0,6
590001,0.001996007984031936,1,1,29
590001,0.0,0,0,20
590001,0.0017809439002671415,1,2,62
590001,0.0,0,0,20
590001,0.0,0,0,33
590001,0.0,0,0,3
590001,0.008385744234800839,1,4,14
590002,0.0,0,0,5
590002,0.0,0,0,3
590002,0.0,0,0,5
590002,0.0,0,0,0
590002,0.0,0,0,3
590002,0.003215434083601286,1,1,14
590002,0.0,0,0,24
590002,0.0031847133757961785,1,2,16
590002,0.0025188916876574307,1,1,20
590002,0.0,0,0,4
590002,0.0,0,0,34
590002,0.0,0,0,14
590002,0.05128205128205128,1,2,2
590003,0.0110062893081761,1,7,24
590003,0.0,0,0,16
590003,0.002680965147453083,1,1,9
590003,0.0,0,0,4
590003,0.0,0,0,7
590003,0.004225352112676056,1,3,21
590003,0.043478260869565216,1,1,1
590003,0.0,0,0,8
590003,0.0,0,0,6
590003,0.00546448087431694,1,1,10
590004,0.0,0,0,1
590004,0.0,0,0,6
590004,0.0,0,0,0
590004,0.0040650406504065045,1,4,42
590004,0.0029806259314456036,1,2,27
590004,0.0005399568034557236,1,1,150
590005,0.0,0,0,4
590005,0.0015220700152207,1,1,52
590005,0.0,0,0,28
590005,0.0,0,0,4
590005,0.0,0,0,2
590005,0.004070556309362279,1,3,55
590005,0.0,0,0,2
590005,0.0023752969121140144,1,1,41
590005,0.0,0,0,10
590006,0.0019011406844106464,1,1,15
590006,0.0007898894154818325,1,1,31
590006,0.001639344262295082,1,1,32
590006,0.0,0,0,3
590006,0.0,0,0,1
590006,0.0,0,0,9
590006,0.0,0,0,2
591002,0.0,0,0,455
591001,0.0,0,0,144
591002,0.0,0,0,47
591001,0.0029411764705882353,1,3,30
591001,0.0,0,0,31
591001,0.0,0,0,25
591001,0.0,0,0,3
591001,0.0,0,0,1
591001,0.0045871559633027525,1,2,24
591001,0.002369668246445498,1,1,25
591001,0.001718213058419244,1,1,32
591001,0.0,0,0,2
591001,0.0,0,0,6
591001,0.0,0,0,3
591001,0.0,0,0,347
591001,0.0,0,0,8
591001,0.0,0,0,0
591002,0.0,0,0,15
591002,0.0,0,0,1
591002,0.0,0,0,11
591002,0.0,0,0,1
591002,0.0,0,0,5
591002,0.0,0,0,3
591002,0.0,0,0,13
591002,0.0,0,0,4
591002,0.0,0,0,5
591003,0.0,0,0,34
591003,0.0,0,0,22
591003,0.0,0,0,18
592000,0.0,0,0,0
592000,0.0,0,0,32
592000,0.002411575562700965,1,3,152
592000,0.0,0,0,279
592000,0.0,0,0,2
592000,0.0010787486515641855,1,1,82
592001,0.0,0,0,2
592001,0.0,0,0,12
592001,0.0,0,0,16
592001,0.0,0,0,2
592001,0.0,0,0,12
592001,0.0,0,0,98
592001,0.0,0,0,22
592001,0.0,0,0,4
592001,0.0,0,0,48
592001,0.0,0,0,16
592001,0.0,0,0,3
592001,0.0,0,0,132
592001,0.0,0,0,10
592001,0.0,0,0,19
592001,0.003215434083601286,1,1,8
592002,0.0,0,0,4
592002,0.0,0,0,35
592002,0.0,0,0,13
592002,0.0,0,0,4
592002,0.0,0,0,9
592002,0.0,0,0,4
592002,0.0023584905660377358,1,3,137
592002,0.0,0,0,30
592002,0.001610305958132045,1,1,17
592002,0.0,0,0,5
592002,0.013333333333333334,1,7,46
592002,0.0,0,0,21
592003,0.00390625,1,3,20
592003,0.011142061281337047,1,4,18
592003,0.0,0,0,2
592003,0.0020325203252032522,1,1,11
592003,0.011707317073170732,1,12,59
592003,0.0,0,0,1
592003,0.0,0,0,0
592003,0.0,0,0,4
592003,0.010899182561307902,1,4,10
592003,0.0,0,0,3
592003,0.0,0,0,3
592003,0.0,0,0,0
592003,0.002805049088359046,1,2,39
592003,0.0,0,0,0
592003,0.0069767441860465115,1,6,29
592003,0.0,0,0,48
592004,0.005226480836236934,1,3,19
592004,0.0035211267605633804,1,1,5
592004,0.0038910505836575876,1,2,12
592004,0.001507537688442211,1,3,154
592004,0.0035460992907801418,1,1,5
592004,0.0,0,0,4
592004,0.0,0,0,18
592004,0.0,0,0,4
592004,0.0,0,0,7
592004,0.0,0,0,6
592004,0.0009560229445506692,1,1,27
592004,0.0,0,0,3
592004,0.00909090909090909,1,2,6
592004,0.004975124378109453,1,1,3
592004,0.00909090909090909,1,3,22
592004,0.0031746031746031746,1,1,7
592004,0.0,0,0,2
592004,0.0,0,0,11
592004,0.0,0,0,22
592004,0.0,0,0,3
593001,0.0,0,0,7
593001,0.001349527665317139,1,1,17
593001,0.0017761989342806395,1,1,26
593001,0.004219409282700422,1,1,7
593001,0.0,0,0,5
593001,0.01016260162601626,1,5,25
593001,0.0,0,0,41
593001,0.00389321468298109,1,7,130
593001,0.002652519893899204,1,1,15
593002,0.0,0,0,23
593002,0.0025044722719141325,1,7,213
593002,0.0,0,0,70
593002,0.0,0,0,50
593002,0.0039447731755424065,1,4,39
593002,0.0,0,0,7
593002,0.0,0,0,2
593002,0.0,0,0,1
593002,0.0,0,0,12
593002,0.0,0,0,11
593003,0.0,0,0,15
593003,0.0,0,0,15
593003,0.0017683465959328027,1,2,31
593003,0.0,0,0,7
593003,0.0,0,0,31
593003,0.004705882352941176,1,4,44
593003,0.0,0,0,4
594001,0.0,0,0,7
594001,0.007692307692307693,1,1,3
594001,0.0,0,0,74
594001,0.008875739644970414,1,6,41
594001,0.0,0,0,9
594001,0.005268703898840885,1,5,51
594001,0.010507880910683012,1,18,139
594001,0.0,0,0,168
594001,0.011772853185595568,1,17,59
594001,0.0045662100456621,1,1,4
594002,0.007772020725388601,1,3,11
594002,0.005050505050505051,1,2,27
594002,0.00468384074941452,1,4,77
594002,0.016129032258064516,1,2,7
594002,0.004343105320304018,1,4,36
594002,0.0017311021350259665,1,3,65
594002,0.0,0,0,31
594002,0.001658374792703151,1,1,37
594003,0.0,0,0,7
594003,0.0,0,0,10
594003,0.003669724770642202,1,4,44
594003,0.0,0,0,22
594003,0.004658385093167702,1,3,26
594003,0.0024479804161566705,1,4,59
594003,0.003954522985664854,1,8,85
595001,0.01455604075691412,1,10,49
595001,0.008,1,3,21
595001,0.009433962264150943,1,8,41
595001,0.0029282576866764276,1,2,22
595002,0.0,0,0,6
595002,0.004301075268817204,1,2,36
595002,0.0,0,0,12
595002,0.006756756756756757,1,1,3
595002,0.003395585738539898,1,4,40
595003,0.0,0,0,8
595003,0.001670843776106934,1,2,84
595003,0.01090909090909091,1,3,20
595003,0.009174311926605505,1,3,18
595003,0.008333333333333333,1,1,3
595003,0.0,0,0,5
595004,0.0,0,0,46
595004,0.0,0,0,12
596001,0.003389830508474576,1,1,6
596001,0.0,0,0,10
596001,0.007692307692307693,1,11,56
596001,0.008438818565400843,1,4,23
596001,0.0025466893039049238,1,3,46
596001,0.0036749693752552064,1,9,85
596002,0.007194244604316547,1,5,57
596002,0.0,0,0,43
596002,0.0,0,0,12
596002,0.0,0,0,2
596002,0.0050916496945010185,1,5,54
596002,0.0,0,0,67
596002,0.0,0,0,9
596002,0.0,0,0,1
596002,0.0,0,0,48
596002,0.0,0,0,46
596002,0.0016339869281045752,1,1,22
597001,0.0,0,0,65
597001,0.0,0,0,7
597001,0.005628517823639775,1,3,29
597001,0.01171875,1,6,17
597001,0.006224066390041493,1,3,17
597001,0.008108108108108109,1,6,37
597001,0.006578947368421052,1,1,3
597002,0.001695736434108527,1,7,387
597002,0.006944444444444444,1,1,13
597002,0.0,0,0,24
597002,0.0,0,0,24
597002,0.005611672278338945,1,5,39
597002,0.011527377521613832,1,4,30
597002,0.0,0,0,0
597002,0.0,0,0,8
597002,0.029850746268656716,1,10,36
597003,0.026359143327841845,1,16,26
597003,0.002072538860103627,1,2,30
597003,0.006289308176100629,1,4,20
597003,0.0,0,0,2
597003,0.020161290322580645,1,10,23
597003,0.004842615012106538,1,4,54
597003,0.0,0,0,3
597004,0.004622496147919877,1,3,13
597004,0.0,0,0,12
597004,0.004037685060565276,1,3,21
597004,0.0,0,0,44
597004,0.0019474196689386564,1,2,87
597004,0.009009009009009009,1,5,28
597004,0.002012072434607646,1,1,10
597004,0.008064516129032258,1,4,18
598001,0.014989293361884369,1,7,14
598001,0.0,0,0,12
598001,0.004098360655737705,1,3,36
598001,0.008316008316008316,1,4,17
598001,0.0,0,0,5
598001,0.00211864406779661,1,1,23
598002,0.015748031496062992,1,6,20
598002,0.003683241252302026,1,2,39
598002,0.006329113924050633,1,2,14
598002,0.0,0,0,15
598002,0.005305039787798408,1,2,14
598002,0.007168458781362007,1,4,27
598002,0.0058309037900874635,1,4,29
598003,0.0030534351145038168,1,2,38
598003,0.013157894736842105,1,4,8
598003,0.0,0,0,1
598003,0.0,0,0,21
598003,0.0,0,0,12
598003,0.0,0,0,2
598003,0.0,0,0,0
598003,0.0,0,0,2
598003,0.009009009009009009,1,1,4
598003,0.009836065573770493,1,6,54
598003,0.0,0,0,1
598003,0.0,0,0,1
598003,0.0,0,0,2
598003,0.018518518518518517,1,3,5
599001,0.0,0,0,2
599001,0.0,0,0,9
599001,0.0,0,0,7
599001,0.0,0,0,11
599001,0.0,0,0,5
599001,0.0,0,0,0
599001,0.0,0,0,4
599001,0.002898550724637681,1,1,4
599001,0.0,0,0,7
599001,0.016286644951140065,1,10,39
599001,0.0,0,0,6
599002,0.0,0,0,13
599002,0.0,0,0,2
599002,0.0,0,0,2
599002,0.0,0,0,17
599002,0.0,0,0,6
599002,0.0,0,0,4
599002,0.0,0,0,4
599002,0.0,0,0,4
599002,0.0,0,0,4
599002,0.0,0,0,12
599003,0.0,0,0,0
599003,0.0,0,0,16
599003,0.0,0,0,11
599003,0.0,0,0,9
599003,0.0,0,0,7
599003,0.0,0,0,4
599003,0.0009671179883945841,1,1,153
599003,0.00558659217877095,1,1,4
599003,0.0,0,0,1
599003,0.0,0,0,6
599003,0.0,0,0,8
599003,0.0,0,0,1
599003,0.011320754716981131,1,3,9
599003,0.0,0,0,2
600003,0.0,0,0,1
600003,0.0,0,0,13
600003,0.003430531732418525,1,4,153
600003,0.0005030181086519115,1,1,240
600003,0.0,0,0,202
600001,0.0,0,0,6
600001,0.0,0,0,5
600001,0.0,0,0,2
600001,0.0,0,0,0
600001,0.005319148936170213,1,1,8
600001,0.005681818181818182,1,3,18
600001,0.0,0,0,4
600001,0.0,0,0,4
600002,0.011235955056179775,1,1,4
600002,0.0,0,0,26
600002,0.005698005698005698,1,2,11
600002,0.0,0,0,16
600002,0.0,0,0,53
600002,0.0,0,0,7
600002,0.0,0,0,13
600002,0.001422475106685633,1,1,21
600002,0.006309148264984227,1,4,31
600002,0.013812154696132596,1,5,14
600003,0.0,0,0,4
600003,0.0,0,0,2
600003,0.0,0,0,2
600003,0.0064516129032258064,1,1,3
600003,0.0,0,0,6
600003,0.0,0,0,9
600003,0.0,0,0,8
600003,0.0,0,0,0
600003,0.0,0,0,1
600003,0.0,0,0,1
600003,0.0,0,0,8
600003,0.0,0,0,3
600004,0.0,0,0,0
600004,0.0,0,0,9
600004,0.0,0,0,8
600004,0.0,0,0,17
600004,0.0,0,0,11
600005,0.0,0,0,4
600005,0.0,0,0,0
600005,0.0,0,0,10
600005,0.0,0,0,11
600005,0.0,0,0,4
600005,0.0,0,0,1
600005,0.0,0,0,21
600005,0.0,0,0,18
600005,0.0,0,0,13
600005,0.0,0,0,10
600005,0.014492753623188406,1,2,4
600005,0.0,0,0,8
601001,0.0,0,0,8
601001,0.00851063829787234,1,2,19
601001,0.0,0,0,17
601001,0.0031446540880503146,1,1,17
601002,0.0032119914346895075,1,3,20
601002,0.001976284584980237,1,1,28
601003,0.0,0,0,48
601004,0.031180400890868598,1,126,207
601005,0.001885014137606032,1,2,109
601005,0.0,0,0,0
601005,0.0,0,0,1
601005,0.002785515320334262,1,1,16
601005,0.007334963325183374,1,3,24
601005,0.0,0,0,1
602001,0.0,0,0,7
602001,0.0,0,0,31
602001,0.0,0,0,2
602001,0.0,0,0,14
602001,0.0,0,0,2
602001,0.0,0,0,26
602001,0.0,0,0,2
602001,0.0,0,0,6
602001,0.002699055330634278,1,2,41
602001,0.0,0,0,13
602002,0.0,0,0,6
602002,0.0,0,0,6
602002,0.0,0,0,11
602002,0.0,0,0,35
602002,0.0,0,0,60
602002,0.0,0,0,6
602002,0.0,0,0,2
602002,0.0,0,0,13
602002,0.007462686567164179,1,2,12
602003,0.0,0,0,22
602003,0.0,0,0,17
602003,0.0,0,0,11
602003,0.0,0,0,16
602003,0.0,0,0,6
602003,0.0,0,0,0
602003,0.0,0,0,9
602003,0.010532475131655939,1,18,269
602003,0.0020920502092050207,1,1,15
602003,0.0,0,0,16
602003,0.0,0,0,13
603000,0.0,0,0,25
603000,0.0,0,0,23
603004,0.0,0,0,2
603000,0.0,0,0,0
603000,0.0,0,0,15
603000,0.008130081300813009,1,2,13
603000,0.0,0,0,4
603000,0.0,0,0,4
603000,0.0,0,0,8
603000,0.0,0,0,6
603001,0.0,0,0,19
603001,0.0,0,0,56
603001,0.0,0,0,11
603001,0.0,0,0,9
603001,0.0,0,0,4
603002,0.0,0,0,3
603002,0.0,0,0,16
603001,0.0,0,0,0
603001,0.0,0,0,6
603002,0.0,0,0,2
603002,0.0,0,0,4
603002,0.0,0,0,19
603002,0.0078125,1,1,5
603002,0.0,0,0,16
603003,0.0,0,0,26
603003,0.0,0,0,0
603003,0.0,0,0,19
603003,0.0027945971122496508,1,6,228
603003,0.0,0,0,23
603003,0.0,0,0,55
603003,0.0,0,0,19
603003,0.0,0,0,14
603004,0.0,0,0,3
603004,0.0,0,0,3
603004,0.02586206896551724,1,3,6
603004,0.0,0,0,59
603004,0.0,0,0,49
603004,0.0,0,0,1
603004,0.0,0,0,4
603004,0.0,0,0,11
603004,0.0,0,0,2
603004,0.0,0,0,8
603004,0.0,0,0,0
603004,0.0,0,0,5
603004,0.0,0,0,8
603004,0.0,0,0,4
603004,0.0,0,0,2
604001,0.0,0,0,13
604001,0.0,0,0,6
604001,0.00338409475465313,1,2,11
604001,0.002570694087403599,1,1,11
604001,0.0,0,0,3
604001,0.0,0,0,6
604001,0.0,0,0,18
604001,0.0,0,0,2
604001,0.0,0,0,7
604001,0.0106951871657754,1,2,12
604001,0.0,0,0,129
604001,0.0017667844522968198,1,1,13
604001,0.0,0,0,1
604001,0.0,0,0,8
604001,0.0,0,0,7
604002,0.0022123893805309734,1,1,27
604002,0.0,0,0,9
604002,0.0,0,0,8
604002,0.0,0,0,11
604002,0.0,0,0,7
604002,0.0038948393378773127,1,4,27
604002,0.0,0,0,4
604002,0.0,0,0,3
604002,0.0,0,0,7
604002,0.0,0,0,6
605001,0.0,0,0,4
605001,0.0,0,0,12
605001,0.00273224043715847,1,1,7
605001,0.0,0,0,6
605001,0.008241758241758242,1,3,10
605001,0.0,0,0,4
605001,0.0,0,0,7
605001,0.0,0,0,3
605001,0.03139013452914798,1,21,96
605002,0.0,0,0,9
605002,0.0,0,0,8
605002,0.0,0,0,7
605002,0.0,0,0,12
605002,0.0,0,0,3
605002,0.0,0,0,33
605002,0.0,0,0,0
605002,0.0,0,0,4
606001,0.02368421052631579,1,9,12
606001,0.0,0,0,5
606001,0.004224502112251056,1,7,196
606001,0.005706134094151213,1,4,50
606001,0.011210762331838564,1,5,12
606001,0.05421686746987952,1,18,11
606002,0.006234413965087282,1,5,29
606002,0.019305019305019305,1,10,29
606002,0.003875968992248062,1,1,3
606002,0.008908685968819599,1,24,146
606003,0.010126582278481013,1,4,14
606003,0.004210526315789474,1,2,5
606003,0.01532567049808429,1,8,21
606003,0.0565262076053443,1,55,55
606003,0.05060918462980318,1,54,84
606003,0.018518518518518517,1,9,24
607000,0.19852489244007376,1,323,89
607000,0.0,0,0,322
607001,0.024363833243096916,1,45,70
607002,0.03956043956043956,1,72,117
607003,0.0,0,0,26
607003,0.016831683168316833,1,17,42
607003,0.01487603305785124,1,27,69
607003,0.023616236162361623,1,32,93
607003,0.0,0,0,5
607004,0.00045475216007276033,1,1,66
607004,0.014705882352941176,1,8,29
607005,0.08977556109725686,1,180,221
607005,0.12065934065934066,1,549,707
607006,0.011235955056179775,1,10,30
607006,0.0332409972299169,1,12,16
607006,0.0,0,0,10
607006,0.015483870967741935,1,12,37
607006,0.006756756756756757,1,5,34
608001,0.0,0,0,0
608001,0.011115685467270481,1,27,100
608001,0.0,0,0,4
608001,0.0,0,0,4
608001,0.0039603960396039604,1,4,39
608001,0.0087527352297593,1,8,46
608001,0.01990049751243781,1,4,4
608001,0.0008417508417508417,1,1,106
608001,0.0,0,0,4
608002,0.0006345177664974619,1,1,69
608002,0.0011682242990654205,1,1,26
608002,0.0,0,0,1
608002,0.0,0,0,2
608002,0.005240174672489083,1,12,72
608003,0.0,0,0,19
608003,0.0,0,0,5
608003,0.0,0,0,2
608003,0.00043047783039173483,1,1,87
608003,0.0,0,0,5
608003,0.0,0,0,5
608003,0.0,0,0,5
608003,0.017336485421591805,1,44,375
608003,0.0,0,0,10
608003,0.0,0,0,8
608003,0.018912529550827423,1,24,93
608003,0.0,0,0,27
609001,0.005847953216374269,1,2,5
609001,0.0,0,0,53
609001,0.008187569780424266,1,22,162
609001,0.006066734074823054,1,6,39
609001,0.0011037527593818985,1,1,18
609001,0.0014814814814814814,1,1,25
609001,0.0026867275658248252,1,5,80
609002,0.0,0,0,12
609002,0.0,0,0,0
609002,0.0,0,0,5
609002,0.0,0,0,22
609002,0.0,0,0,17
609002,0.0,0,0,30
609002,0.0,0,0,41
609002,0.004357298474945534,1,8,149
609002,0.0,0,0,29
609002,0.0,0,0,3
609002,0.0,0,0,0
609003,0.0034482758620689655,1,1,4
609003,0.0,0,0,4
609003,0.012195121951219513,1,2,4
609003,0.002004008016032064,1,1,19
609003,0.0034129692832764505,1,8,95
609003,0.0074850299401197605,1,5,16
609003,0.005069708491761723,1,4,27
610001,0.0040609137055837565,1,4,74
610001,0.0,0,0,2
610001,0.0,0,0,71
610001,0.0,0,0,45
610001,0.0,0,0,42
610002,0.028988738989853942,1,260,869
610002,0.0,0,0,12
610002,0.0,0,0,0
610002,0.001075268817204301,1,2,46
610003,0.0,0,0,9
610003,0.0,0,0,130
610003,0.0,0,0,7
610003,0.0,0,0,36
610003,0.0,0,0,3
610003,0.0,0,0,1
610003,0.0,0,0,0
610003,0.0023148148148148147,1,2,60
610003,0.0,0,0,13
610003,0.0,0,0,8
610004,0.010362694300518135,1,4,12
610004,0.006711409395973154,1,4,26
610004,0.04436860068259386,1,52,43
610004,0.009259259259259259,1,2,4
610004,0.0,0,0,4
610004,0.007575757575757576,1,7,12
610004,0.045454545454545456,1,18,22
610004,0.013333333333333334,1,2,2
610004,0.006666666666666667,1,2,3
610004,0.01188707280832095,1,8,13
610004,0.025,1,3,3
610004,0.0,0,0,13
610004,0.011627906976744186,1,1,2
610004,0.0,0,0,0
610004,0.0,0,0,5
610004,0.0,0,0,3
610004,0.0729464002537266,1,230,282
610004,0.0,0,0,9
610004,0.0,0,0,2
611001,0.0,0,0,48
611001,0.0,0,0,42
611001,0.0,0,0,12
611001,0.0,0,0,34
611001,0.0,0,0,67
611001,0.0025482344375682563,1,7,210
611001,0.0,0,0,31
611001,0.0,0,0,31
611001,0.0,0,0,32
611002,0.0,0,0,0
611002,0.0,0,0,31
611002,0.0,0,0,2
611002,0.0,0,0,0
611002,0.0,0,0,8
611002,0.0,0,0,11
611002,0.0,0,0,0
611002,0.0,0,0,8
611002,0.0,0,0,0
611002,0.0,0,0,7
611002,0.0,0,0,54
611002,0.0,0,0,82
611002,0.0,0,0,3
611002,0.0,0,0,1
611002,0.0,0,0,4
611002,0.0,0,0,4
611002,0.0,0,0,2
611002,0.0,0,0,0
611002,0.0,0,0,0
611002,0.0,0,0,4
611002,0.0,0,0,6
611002,0.0,0,0,6
611002,0.0,0,0,6
611002,0.0,0,0,0
611002,0.0,0,0,2
611002,0.0,0,0,47
611002,0.0,0,0,0
611002,0.0,0,0,8
611002,0.0,0,0,17
611003,0.0005608524957936063,1,2,329
611003,0.0,0,0,10
611003,0.0,0,0,19
611003,0.00033818058843422386,1,1,99
611003,0.0,0,0,121
611004,0.0,0,0,9
611004,0.004672897196261682,1,1,4
611004,0.0,0,0,3
611004,0.0,0,0,3
611004,0.01129032258064516,1,14,67
611004,0.0,0,0,0
611004,0.0,0,0,0
611004,0.0,0,0,34
611004,0.0,0,0,0
611004,0.0,0,0,10
611004,0.0,0,0,4
611004,0.0035087719298245615,1,2,23
611004,0.0,0,0,0
611004,0.0,0,0,8
611004,0.0,0,0,1
611004,0.0,0,0,280
611004,0.0002906131938390003,1,1,446
612001,0.0,0,0,4
612001,0.0,0,0,37
612001,0.005291005291005291,1,2,25
612001,0.0,0,0,20
612002,0.0,0,0,13
612002,0.0,0,0,10
612002,0.0,0,0,6
612002,0.0015961691939345571,1,2,111
612002,0.0,0,0,6
612002,0.0014705882352941176,1,1,50
612002,0.0,0,0,5
612002,0.001448225923244026,1,2,166
612002,0.0,0,0,0
612003,0.0038314176245210726,1,2,16
612003,0.0,0,0,11
612003,0.0032310177705977385,1,4,44
612004,0.0,0,0,0
612004,0.003003003003003003,1,1,6
612004,0.0047169811320754715,1,3,24
612004,0.0,0,0,32
612005,0.0,0,0,44
612005,0.0,0,0,0
612005,0.0,0,0,16
612006,0.0,0,0,11
612006,0.0,0,0,18
612006,0.007575757575757576,1,2,5
612006,0.0019880715705765406,1,1,17
613001,0.002583979328165375,1,1,14
613001,0.006787330316742082,1,3,11
613001,0.0,0,0,10
613001,0.0,0,0,34
613001,0.004166666666666667,1,3,9
613001,0.0,0,0,99
613001,0.0,0,0,132
613002,0.0019952114924181963,1,5,119
613002,0.006578947368421052,1,6,32
613002,0.0,0,0,15
613002,0.0,0,0,7
613002,0.0,0,0,5
613002,0.002803738317757009,1,3,44
613003,0.0002641310089804543,1,1,400
613003,0.0007399186089530152,1,2,104
613003,0.0,0,0,31
613003,0.004424778761061947,1,5,37
614001,0.0,0,0,39
614001,0.0021598272138228943,1,1,15
614001,0.0,0,0,3
614001,0.0,0,0,41
614001,0.006387114690363788,1,23,255
614001,0.0,0,0,4
614002,0.0,0,0,12
614002,0.0,0,0,5
614002,0.0,0,0,2
614002,0.004842615012106538,1,2,10
614003,0.0,0,0,5
614003,0.0410958904109589,1,3,3
614003,0.0,0,0,35
614003,0.0,0,0,29
614003,0.0,0,0,3
614003,0.0,0,0,10
615000,0.0,0,0,33
615000,0.0027210884353741495,1,2,57
615001,0.0,0,0,21
615001,0.0,0,0,33
615001,0.0,0,0,36
615001,0.004424778761061947,1,2,11
615001,0.0,0,0,6
615001,0.0009891196834817012,1,1,6
615002,0.0,0,0,15
615002,0.0,0,0,101
615002,0.014976958525345621,1,13,41
615002,0.09576427255985268,1,52,57
615002,0.0,0,0,3
615002,0.0,0,0,11
615002,0.00831353919239905,1,7,30
615002,0.011570247933884297,1,42,219
616001,0.006276150627615063,1,6,42
616001,0.003430531732418525,1,6,35
616001,0.0,0,0,31
616001,0.0048543689320388345,1,2,6
616001,0.0,0,0,151
617001,0.005689900426742532,1,4,20
617001,0.0,0,0,14
617001,0.0,0,0,43
617001,0.01903807615230461,1,19,59
617001,0.0,0,0,5
617001,0.0,0,0,8
617001,0.008421052631578947,1,4,25
617001,0.002607561929595828,1,2,26
617002,0.017616833863469537,1,72,442
617002,0.006514657980456026,1,2,16
617002,0.0,0,0,57
617002,0.0,0,0,10
617002,0.008771929824561403,1,7,39
617002,0.0,0,0,36
617002,0.0,0,0,2
618001,0.0024813895781637717,1,1,18
618001,0.00303951367781155,1,2,43
618001,0.004329004329004329,1,2,11
618001,0.005194805194805195,1,2,13
618001,0.005847953216374269,1,6,56
618002,0.0,0,0,56
618002,0.0076103500761035,1,5,17
618002,0.006711409395973154,1,5,36
618002,0.006896551724137931,1,10,68
618003,0.0,0,0,25
618003,0.0028169014084507044,1,1,14
618003,0.0017761989342806395,1,1,10
618003,0.0,0,0,30
618003,0.01282051282051282,1,1,4
618003,0.0027906976744186047,1,3,99
619001,0.004395604395604396,1,6,51
619001,0.0,0,0,0
619001,0.006172839506172839,1,4,46
619001,0.0016313213703099511,1,1,10
619001,0.009762900976290097,1,7,25
619001,0.0026905829596412557,1,3,49
619001,0.006060606060606061,1,4,11
619002,0.004357298474945534,1,2,29
619002,0.0,0,0,1
619002,0.003937007874015748,1,4,38
619002,0.002477291494632535,1,3,36
619002,0.0,0,0,9
619002,0.008795074758135445,1,10,37
619002,0.0,0,0,2
619002,0.0,0,0,320
619003,0.0064794816414686825,1,9,25
619003,0.0,0,0,0
619003,0.0,0,0,0
619003,0.00558659217877095,1,1,5
619003,0.008791208791208791,1,8,29
619003,0.003875968992248062,1,1,2
619003,0.006825938566552901,1,2,2
619003,0.007462686567164179,1,2,8
619003,0.0,0,0,5
619003,0.0111731843575419,1,4,9
619004,0.0026455026455026454,1,1,9
619004,0.0,0,0,1
619004,0.0,0,0,24
619004,0.006278026905829596,1,7,37
619004,0.0,0,0,1
619004,0.0034762456546929316,1,6,87
619004,0.0,0,0,2
619004,0.0,0,0,13
620001,0.00462160600808781,1,8,36
620001,0.0005200208008320333,1,1,43
620001,0.0019096117122851686,1,3,26
620001,0.0,0,0,36
620002,0.0,0,0,3
620002,0.0,0,0,21
620002,0.0011494252873563218,1,3,31
620002,0.0,0,0,45
620002,0.002638522427440633,1,1,7
620003,0.0,0,0,323
620003,0.00641025641025641,1,1,4
620004,0.0,0,0,0
620004,0.0,0,0,15
620004,0.0,0,0,36
620004,0.0037313432835820895,1,3,32
621001,0.002803364036844213,1,7,210
621001,0.002688172043010753,1,1,18
621001,0.0,0,0,16
621001,0.0,0,0,28
621001,0.0020876826722338203,1,1,26
621001,0.0,0,0,9
621001,0.007380073800738007,1,2,9
621001,0.002012072434607646,1,1,29
621001,0.0,0,0,1
621001,0.004524886877828055,1,3,27
621001,0.0,0,0,0
621001,0.0,0,0,23
621001,0.0,0,0,3
621001,0.0056179775280898875,1,1,3
621001,0.0026954177897574125,1,1,8
621001,0.0,0,0,6
621001,0.005305039787798408,1,2,9
621002,0.0,0,0,771
621002,0.0019230769230769232,1,5,79
621003,0.0036231884057971015,1,2,15
621003,0.0,0,0,22
621003,0.0032520325203252032,1,10,57
622001,0.0024096385542168677,1,3,170
622001,0.006756756756756757,1,3,10
622001,0.0,0,0,2
622002,0.0,0,0,19
622002,0.007633587786259542,1,2,8
622002,0.003444316877152698,1,3,33
622002,0.0,0,0,6
622002,0.004966887417218543,1,3,30
622002,0.0,0,0,8
622002,0.002297090352220521,1,3,61
622002,0.0,0,0,17
622003,0.02531645569620253,1,4,4
622003,0.0035810205908683975,1,4,48
622003,0.0,0,0,3
622003,0.0,0,0,5
623001,0.005120702267739576,1,7,75
623001,0.008021390374331552,1,3,13
623001,0.0,0,0,10
623001,0.0,0,0,10
623001,0.0017113519680547634,1,3,122
623001,0.002290950744558992,1,2,24
623001,0.003745318352059925,1,1,4
623001,0.0,0,0,19
623001,0.0,0,0,1
623002,0.0,0,0,5
623002,0.0,0,0,5
623002,0.0,0,0,1
623002,0.0,0,0,10
623002,0.0,0,0,12
623002,0.0,0,0,20
623002,0.0,0,0,7
623002,0.0,0,0,1
623002,0.0148975791433892,1,8,17
623002,0.0,0,0,29
623002,0.0,0,0,12
623002,0.022151898734177215,1,7,22
623002,0.008344923504867872,1,6,36
623003,0.0,0,0,7
623003,0.0,0,0,14
623003,0.0,0,0,16
623003,0.007374631268436578,1,5,38
623003,0.004689331770222743,1,4,20
623003,0.0030959752321981426,1,1,5
623003,0.005412719891745603,1,4,40
623003,0.005555555555555556,1,2,19
623003,0.005385996409335727,1,3,12
623003,0.0031982942430703624,1,3,40
623004,0.0,0,0,346
623004,0.0,0,0,34
623004,0.0,0,0,12
623005,0.0,0,0,0
623005,0.0,0,0,63
623005,0.0,0,0,12
623005,0.0,0,0,2
623005,0.004914004914004914,1,2,20
623005,0.0047169811320754715,1,2,27
623005,0.0023094688221709007,1,1,13
623005,0.0064516129032258064,1,2,7
623005,0.0030737704918032786,1,3,23
623005,0.007518796992481203,1,1,2
623005,0.0136986301369863,1,2,3
623005,0.0037593984962406013,1,1,4
623005,0.0056179775280898875,1,1,4
623005,0.006369426751592357,1,4,18
623005,0.0,0,0,0
623006,0.008294930875576038,1,9,64
623006,0.0016347501167678655,1,7,277
623006,0.0,0,0,7
623006,0.006535947712418301,1,1,2
623006,0.0,0,0,15
623006,0.006060606060606061,1,3,12
